# Curve Extractor OBJ export
# 5 curves

v 1634.000 -593.000 -0.000
v 1633.081 -593.957 -0.000
v 1632.165 -594.881 -0.000
v 1631.251 -595.774 -0.000
v 1630.339 -596.635 -0.000
v 1629.430 -597.466 -0.000
v 1628.524 -598.267 -0.000
v 1627.619 -599.037 -0.000
v 1626.717 -599.778 -0.000
v 1625.818 -600.490 -0.000
v 1624.920 -601.173 -0.000
v 1624.024 -601.828 -0.000
v 1623.131 -602.455 -0.000
v 1622.239 -603.055 -0.000
v 1621.350 -603.628 -0.000
v 1620.462 -604.175 -0.000
v 1619.576 -604.695 -0.000
v 1618.692 -605.189 -0.000
v 1617.810 -605.659 -0.000
v 1616.929 -606.103 -0.000
v 1616.050 -606.523 -0.000
v 1615.172 -606.919 -0.000
v 1614.296 -607.292 -0.000
v 1613.421 -607.642 -0.000
v 1612.548 -607.968 -0.000
v 1611.676 -608.273 -0.000
v 1610.805 -608.556 -0.000
v 1609.936 -608.817 -0.000
v 1609.067 -609.057 -0.000
v 1608.200 -609.277 -0.000
v 1607.334 -609.477 -0.000
v 1606.469 -609.657 -0.000
v 1605.604 -609.817 -0.000
v 1604.741 -609.959 -0.000
v 1603.879 -610.082 -0.000
v 1603.017 -610.188 -0.000
v 1602.156 -610.276 -0.000
v 1601.295 -610.346 -0.000
v 1600.436 -610.400 -0.000
v 1599.576 -610.438 -0.000
v 1598.718 -610.460 -0.000
v 1597.859 -610.466 -0.000
v 1597.002 -610.458 -0.000
v 1596.144 -610.435 -0.000
v 1595.287 -610.397 -0.000
v 1594.430 -610.346 -0.000
v 1593.573 -610.282 -0.000
v 1592.716 -610.205 -0.000
v 1591.859 -610.115 -0.000
v 1591.003 -610.013 -0.000
v 1590.146 -609.900 -0.000
v 1589.289 -609.775 -0.000
v 1588.432 -609.640 -0.000
v 1587.575 -609.495 -0.000
v 1586.717 -609.339 -0.000
v 1585.860 -609.174 -0.000
v 1585.001 -609.000 -0.000
v 1584.143 -608.818 -0.000
v 1583.284 -608.627 -0.000
v 1582.424 -608.429 -0.000
v 1581.564 -608.223 -0.000
v 1580.703 -608.010 -0.000
v 1579.841 -607.791 -0.000
v 1578.979 -607.566 -0.000
v 1578.116 -607.335 -0.000
v 1577.251 -607.099 -0.000
v 1576.386 -606.858 -0.000
v 1575.520 -606.613 -0.000
v 1574.653 -606.364 -0.000
v 1573.785 -606.111 -0.000
v 1572.916 -605.855 -0.000
v 1572.045 -605.597 -0.000
v 1571.174 -605.337 -0.000
v 1570.300 -605.074 -0.000
v 1569.426 -604.811 -0.000
v 1568.550 -604.546 -0.000
v 1567.673 -604.281 -0.000
v 1566.794 -604.016 -0.000
v 1565.913 -603.751 -0.000
v 1565.031 -603.487 -0.000
v 1564.147 -603.224 -0.000
v 1563.262 -602.963 -0.000
v 1562.374 -602.704 -0.000
v 1561.485 -602.447 -0.000
v 1560.594 -602.194 -0.000
v 1559.700 -601.943 -0.000
v 1558.805 -601.697 -0.000
v 1557.908 -601.454 -0.000
v 1557.008 -601.216 -0.000
v 1556.107 -600.984 -0.000
v 1555.203 -600.756 -0.000
v 1554.297 -600.535 -0.000
v 1553.388 -600.320 -0.000
v 1552.477 -600.111 -0.000
v 1551.563 -599.910 -0.000
v 1550.647 -599.717 -0.000
v 1549.729 -599.531 -0.000
v 1548.808 -599.354 -0.000
v 1547.884 -599.186 -0.000
v 1546.957 -599.027 -0.000
v 1546.027 -598.878 -0.000
v 1545.095 -598.739 -0.000
v 1544.160 -598.610 -0.000
v 1543.222 -598.493 -0.000
v 1542.280 -598.387 -0.000
v 1541.336 -598.293 -0.000
v 1540.388 -598.211 -0.000
v 1539.438 -598.142 -0.000
v 1538.484 -598.086 -0.000
v 1537.527 -598.044 -0.000
v 1536.566 -598.015 -0.000
v 1535.602 -598.001 -0.000
v 1534.635 -598.002 -0.000
v 1533.664 -598.018 -0.000
v 1532.690 -598.048 -0.000
v 1531.712 -598.093 -0.000
v 1530.732 -598.152 -0.000
v 1529.748 -598.224 -0.000
v 1528.762 -598.309 -0.000
v 1527.773 -598.407 -0.000
v 1526.782 -598.517 -0.000
v 1525.788 -598.639 -0.000
v 1524.791 -598.773 -0.000
v 1523.793 -598.918 -0.000
v 1522.793 -599.074 -0.000
v 1521.790 -599.240 -0.000
v 1520.786 -599.417 -0.000
v 1519.780 -599.603 -0.000
v 1518.773 -599.799 -0.000
v 1517.764 -600.003 -0.000
v 1516.754 -600.217 -0.000
v 1515.743 -600.438 -0.000
v 1514.731 -600.668 -0.000
v 1513.717 -600.905 -0.000
v 1512.703 -601.149 -0.000
v 1511.689 -601.399 -0.000
v 1510.674 -601.657 -0.000
v 1509.658 -601.920 -0.000
v 1508.642 -602.189 -0.000
v 1507.627 -602.463 -0.000
v 1506.611 -602.742 -0.000
v 1505.595 -603.025 -0.000
v 1504.579 -603.313 -0.000
v 1503.564 -603.604 -0.000
v 1502.549 -603.899 -0.000
v 1501.535 -604.197 -0.000
v 1500.522 -604.497 -0.000
v 1499.510 -604.800 -0.000
v 1498.498 -605.104 -0.000
v 1497.488 -605.410 -0.000
v 1496.479 -605.718 -0.000
v 1495.471 -606.026 -0.000
v 1494.465 -606.334 -0.000
v 1493.461 -606.643 -0.000
v 1492.458 -606.951 -0.000
v 1491.457 -607.258 -0.000
v 1490.458 -607.564 -0.000
v 1489.462 -607.869 -0.000
v 1488.467 -608.172 -0.000
v 1487.476 -608.473 -0.000
v 1486.486 -608.771 -0.000
v 1485.499 -609.066 -0.000
v 1484.515 -609.358 -0.000
v 1483.534 -609.646 -0.000
v 1482.557 -609.930 -0.000
v 1481.582 -610.210 -0.000
v 1480.610 -610.485 -0.000
v 1479.642 -610.754 -0.000
v 1478.678 -611.018 -0.000
v 1477.717 -611.276 -0.000
v 1476.760 -611.528 -0.000
v 1475.807 -611.773 -0.000
v 1474.858 -612.011 -0.000
v 1473.913 -612.241 -0.000
v 1472.973 -612.464 -0.000
v 1472.036 -612.679 -0.000
v 1471.105 -612.884 -0.000
v 1470.178 -613.081 -0.000
v 1469.256 -613.269 -0.000
v 1468.339 -613.447 -0.000
v 1467.427 -613.615 -0.000
v 1466.521 -613.772 -0.000
v 1465.619 -613.919 -0.000
v 1464.724 -614.054 -0.000
v 1463.833 -614.178 -0.000
v 1462.949 -614.290 -0.000
v 1462.070 -614.390 -0.000
v 1461.197 -614.477 -0.000
v 1460.331 -614.551 -0.000
v 1459.470 -614.611 -0.000
v 1458.616 -614.658 -0.000
v 1457.769 -614.690 -0.000
v 1456.928 -614.708 -0.000
v 1456.094 -614.711 -0.000
v 1455.266 -614.699 -0.000
v 1454.446 -614.671 -0.000
v 1453.633 -614.627 -0.000
v 1452.827 -614.566 -0.000
v 1452.028 -614.489 -0.000
v 1451.237 -614.395 -0.000
v 1450.454 -614.283 -0.000
v 1449.678 -614.153 -0.000
v 1448.911 -614.005 -0.000
v 1448.151 -613.838 -0.000
v 1447.399 -613.652 -0.000
v 1446.656 -613.447 -0.000
v 1445.921 -613.221 -0.000
v 1445.195 -612.976 -0.000
v 1444.477 -612.711 -0.000
v 1443.768 -612.424 -0.000
v 1443.068 -612.116 -0.000
v 1442.377 -611.786 -0.000
v 1441.695 -611.435 -0.000
v 1441.022 -611.061 -0.000
v 1440.359 -610.664 -0.000
v 1439.705 -610.244 -0.000
v 1439.062 -609.800 -0.000
v 1438.427 -609.333 -0.000
v 1437.803 -608.841 -0.000
v 1437.189 -608.326 -0.000
v 1436.584 -607.787 -0.000
v 1435.987 -607.225 -0.000
v 1435.400 -606.643 -0.000
v 1434.820 -606.040 -0.000
v 1434.247 -605.417 -0.000
v 1433.681 -604.776 -0.000
v 1433.121 -604.118 -0.000
v 1432.568 -603.442 -0.000
v 1432.019 -602.752 -0.000
v 1431.475 -602.047 -0.000
v 1430.936 -601.328 -0.000
v 1430.400 -600.596 -0.000
v 1429.868 -599.852 -0.000
v 1429.338 -599.098 -0.000
v 1428.811 -598.334 -0.000
v 1428.285 -597.561 -0.000
v 1427.761 -596.780 -0.000
v 1427.237 -595.992 -0.000
v 1426.714 -595.199 -0.000
v 1426.190 -594.400 -0.000
v 1425.666 -593.597 -0.000
v 1425.140 -592.790 -0.000
v 1424.613 -591.982 -0.000
v 1424.083 -591.173 -0.000
v 1423.550 -590.363 -0.000
v 1423.015 -589.554 -0.000
v 1422.475 -588.746 -0.000
v 1421.931 -587.941 -0.000
v 1421.382 -587.140 -0.000
v 1420.828 -586.343 -0.000
v 1420.268 -585.552 -0.000
v 1419.701 -584.767 -0.000
v 1419.128 -583.990 -0.000
v 1418.548 -583.221 -0.000
v 1417.959 -582.461 -0.000
v 1417.362 -581.712 -0.000
v 1416.756 -580.974 -0.000
v 1416.141 -580.248 -0.000
v 1415.516 -579.535 -0.000
v 1414.881 -578.837 -0.000
v 1414.235 -578.153 -0.000
v 1413.577 -577.485 -0.000
v 1412.907 -576.835 -0.000
v 1412.225 -576.202 -0.000
v 1411.530 -575.589 -0.000
v 1410.823 -574.994 -0.000
v 1410.103 -574.417 -0.000
v 1409.370 -573.858 -0.000
v 1408.627 -573.316 -0.000
v 1407.872 -572.791 -0.000
v 1407.107 -572.282 -0.000
v 1406.331 -571.788 -0.000
v 1405.545 -571.309 -0.000
v 1404.751 -570.845 -0.000
v 1403.947 -570.394 -0.000
v 1403.134 -569.956 -0.000
v 1402.313 -569.531 -0.000
v 1401.485 -569.118 -0.000
v 1400.649 -568.716 -0.000
v 1399.806 -568.325 -0.000
v 1398.957 -567.945 -0.000
v 1398.102 -567.574 -0.000
v 1397.241 -567.213 -0.000
v 1396.376 -566.860 -0.000
v 1395.505 -566.515 -0.000
v 1394.630 -566.177 -0.000
v 1393.751 -565.847 -0.000
v 1392.868 -565.523 -0.000
v 1391.983 -565.205 -0.000
v 1391.094 -564.891 -0.000
v 1390.204 -564.583 -0.000
v 1389.312 -564.278 -0.000
v 1388.418 -563.978 -0.000
v 1387.524 -563.680 -0.000
v 1386.628 -563.384 -0.000
v 1385.733 -563.090 -0.000
v 1384.838 -562.797 -0.000
v 1383.944 -562.506 -0.000
v 1383.051 -562.214 -0.000
v 1382.159 -561.921 -0.000
v 1381.270 -561.628 -0.000
v 1380.383 -561.333 -0.000
v 1379.499 -561.036 -0.000
v 1378.618 -560.736 -0.000
v 1377.740 -560.433 -0.000
v 1376.867 -560.126 -0.000
v 1375.998 -559.814 -0.000
v 1375.135 -559.497 -0.000
v 1374.277 -559.175 -0.000
v 1373.424 -558.847 -0.000
v 1372.578 -558.512 -0.000
v 1371.738 -558.170 -0.000
v 1370.906 -557.819 -0.000
v 1370.081 -557.461 -0.000
v 1369.264 -557.093 -0.000
v 1368.455 -556.716 -0.000
v 1367.655 -556.329 -0.000
v 1366.864 -555.930 -0.000
v 1366.083 -555.521 -0.000
v 1365.311 -555.101 -0.000
v 1364.548 -554.670 -0.000
v 1363.794 -554.229 -0.000
v 1363.049 -553.777 -0.000
v 1362.313 -553.314 -0.000
v 1361.585 -552.842 -0.000
v 1360.866 -552.359 -0.000
v 1360.154 -551.867 -0.000
v 1359.451 -551.365 -0.000
v 1358.755 -550.853 -0.000
v 1358.067 -550.333 -0.000
v 1357.387 -549.803 -0.000
v 1356.714 -549.264 -0.000
v 1356.048 -548.716 -0.000
v 1355.389 -548.159 -0.000
v 1354.737 -547.594 -0.000
v 1354.091 -547.021 -0.000
v 1353.452 -546.439 -0.000
v 1352.819 -545.850 -0.000
v 1352.192 -545.252 -0.000
v 1351.571 -544.647 -0.000
v 1350.956 -544.035 -0.000
v 1350.347 -543.415 -0.000
v 1349.743 -542.787 -0.000
v 1349.144 -542.153 -0.000
v 1348.551 -541.512 -0.000
v 1347.962 -540.864 -0.000
v 1347.378 -540.210 -0.000
v 1346.799 -539.550 -0.000
v 1346.224 -538.883 -0.000
v 1345.653 -538.210 -0.000
v 1345.087 -537.531 -0.000
v 1344.524 -536.847 -0.000
v 1343.965 -536.157 -0.000
v 1343.410 -535.461 -0.000
v 1342.858 -534.761 -0.000
v 1342.309 -534.055 -0.000
v 1341.763 -533.344 -0.000
v 1341.220 -532.629 -0.000
v 1340.680 -531.909 -0.000
v 1340.143 -531.185 -0.000
v 1339.608 -530.457 -0.000
v 1339.075 -529.724 -0.000
v 1338.544 -528.988 -0.000
v 1338.015 -528.248 -0.000
v 1337.488 -527.504 -0.000
v 1336.962 -526.757 -0.000
v 1336.438 -526.007 -0.000
v 1335.914 -525.253 -0.000
v 1335.392 -524.497 -0.000
v 1334.871 -523.738 -0.000
v 1334.350 -522.977 -0.000
v 1333.830 -522.213 -0.000
v 1333.310 -521.446 -0.000
v 1332.791 -520.678 -0.000
v 1332.271 -519.908 -0.000
v 1331.751 -519.136 -0.000
v 1331.231 -518.362 -0.000
v 1330.711 -517.587 -0.000
v 1330.189 -516.811 -0.000
v 1329.667 -516.033 -0.000
v 1329.144 -515.255 -0.000
v 1328.620 -514.476 -0.000
v 1328.094 -513.696 -0.000
v 1327.567 -512.916 -0.000
v 1327.038 -512.136 -0.000
v 1326.507 -511.355 -0.000
v 1325.975 -510.575 -0.000
v 1325.440 -509.795 -0.000
v 1324.902 -509.015 -0.000
v 1324.362 -508.236 -0.000
v 1323.820 -507.457 -0.000
v 1323.274 -506.679 -0.000
v 1322.726 -505.903 -0.000
v 1322.174 -505.127 -0.000
v 1321.619 -504.353 -0.000
v 1321.060 -503.581 -0.000
v 1320.498 -502.810 -0.000
v 1319.931 -502.041 -0.000
v 1319.361 -501.274 -0.000
v 1318.786 -500.510 -0.000
v 1318.207 -499.747 -0.000
v 1317.624 -498.988 -0.000
v 1317.035 -498.231 -0.000
v 1316.442 -497.476 -0.000
v 1315.844 -496.725 -0.000
v 1315.240 -495.977 -0.000
v 1314.631 -495.232 -0.000
v 1314.016 -494.491 -0.000
v 1313.396 -493.754 -0.000
v 1312.769 -493.020 -0.000
v 1312.137 -492.291 -0.000
v 1311.498 -491.565 -0.000
v 1310.853 -490.844 -0.000
v 1310.201 -490.128 -0.000
v 1309.543 -489.416 -0.000
v 1308.877 -488.709 -0.000
v 1308.204 -488.007 -0.000
v 1307.524 -487.310 -0.000
v 1306.837 -486.618 -0.000
v 1306.142 -485.932 -0.000
v 1305.439 -485.252 -0.000
v 1304.728 -484.577 -0.000
v 1304.009 -483.909 -0.000
v 1303.282 -483.246 -0.000
v 1302.546 -482.590 -0.000
v 1301.802 -481.941 -0.000
v 1301.048 -481.298 -0.000
v 1300.286 -480.661 -0.000
v 1299.515 -480.032 -0.000
v 1298.734 -479.410 -0.000
v 1297.944 -478.796 -0.000
v 1297.144 -478.188 -0.000
v 1296.334 -477.589 -0.000
v 1295.514 -476.997 -0.000
v 1294.684 -476.413 -0.000
v 1293.844 -475.837 -0.000
v 1292.993 -475.270 -0.000
v 1292.132 -474.711 -0.000
v 1291.259 -474.161 -0.000
v 1290.376 -473.619 -0.000
v 1289.482 -473.086 -0.000
v 1288.577 -472.563 -0.000
v 1287.663 -472.048 -0.000
v 1286.739 -471.543 -0.000
v 1285.805 -471.046 -0.000
v 1284.863 -470.559 -0.000
v 1283.912 -470.081 -0.000
v 1282.954 -469.613 -0.000
v 1281.987 -469.154 -0.000
v 1281.014 -468.704 -0.000
v 1280.034 -468.264 -0.000
v 1279.047 -467.834 -0.000
v 1278.054 -467.413 -0.000
v 1277.056 -467.003 -0.000
v 1276.052 -466.602 -0.000
v 1275.043 -466.211 -0.000
v 1274.030 -465.830 -0.000
v 1273.013 -465.459 -0.000
v 1271.993 -465.099 -0.000
v 1270.969 -464.748 -0.000
v 1269.942 -464.408 -0.000
v 1268.912 -464.078 -0.000
v 1267.881 -463.759 -0.000
v 1266.848 -463.450 -0.000
v 1265.814 -463.151 -0.000
v 1264.778 -462.864 -0.000
v 1263.743 -462.587 -0.000
v 1262.707 -462.320 -0.000
v 1261.671 -462.065 -0.000
v 1260.637 -461.821 -0.000
v 1259.603 -461.587 -0.000
v 1258.571 -461.365 -0.000
v 1257.540 -461.153 -0.000
v 1256.512 -460.953 -0.000
v 1255.487 -460.764 -0.000
v 1254.465 -460.587 -0.000
v 1253.446 -460.421 -0.000
v 1252.431 -460.266 -0.000
v 1251.421 -460.123 -0.000
v 1250.415 -459.992 -0.000
v 1249.414 -459.872 -0.000
v 1248.418 -459.764 -0.000
v 1247.429 -459.668 -0.000
v 1246.446 -459.583 -0.000
v 1245.469 -459.511 -0.000
v 1244.499 -459.451 -0.000
v 1243.537 -459.402 -0.000
v 1242.583 -459.366 -0.000
v 1241.637 -459.343 -0.000
v 1240.700 -459.331 -0.000
v 1239.771 -459.332 -0.000
v 1238.852 -459.345 -0.000
v 1237.943 -459.371 -0.000
v 1237.044 -459.410 -0.000
v 1236.156 -459.461 -0.000
v 1235.279 -459.525 -0.000
v 1234.413 -459.601 -0.000
v 1233.559 -459.691 -0.000
v 1232.717 -459.794 -0.000
v 1231.888 -459.909 -0.000
v 1231.072 -460.038 -0.000
v 1230.269 -460.179 -0.000
v 1229.480 -460.334 -0.000
v 1228.705 -460.503 -0.000
v 1227.945 -460.684 -0.000
v 1227.200 -460.879 -0.000
v 1226.470 -461.088 -0.000
v 1225.756 -461.310 -0.000
v 1225.058 -461.546 -0.000
v 1224.377 -461.795 -0.000
v 1223.713 -462.058 -0.000
v 1223.066 -462.335 -0.000
v 1222.436 -462.626 -0.000
v 1221.825 -462.931 -0.000
v 1221.233 -463.251 -0.000
v 1220.659 -463.584 -0.000
v 1220.105 -463.931 -0.000
v 1219.570 -464.293 -0.000
v 1219.056 -464.669 -0.000
v 1218.560 -465.059 -0.000
v 1218.085 -465.462 -0.000
v 1217.628 -465.880 -0.000
v 1217.191 -466.311 -0.000
v 1216.773 -466.756 -0.000
v 1216.374 -467.215 -0.000
v 1215.993 -467.686 -0.000
v 1215.631 -468.171 -0.000
v 1215.288 -468.669 -0.000
v 1214.963 -469.180 -0.000
v 1214.656 -469.704 -0.000
v 1214.368 -470.241 -0.000
v 1214.097 -470.790 -0.000
v 1213.844 -471.352 -0.000
v 1213.609 -471.926 -0.000
v 1213.392 -472.512 -0.000
v 1213.192 -473.110 -0.000
v 1213.009 -473.721 -0.000
v 1212.844 -474.343 -0.000
v 1212.695 -474.977 -0.000
v 1212.564 -475.622 -0.000
v 1212.449 -476.279 -0.000
v 1212.351 -476.948 -0.000
v 1212.269 -477.628 -0.000
v 1212.204 -478.319 -0.000
v 1212.155 -479.020 -0.000
v 1212.122 -479.733 -0.000
v 1212.106 -480.457 -0.000
v 1212.105 -481.191 -0.000
v 1212.119 -481.936 -0.000
v 1212.150 -482.691 -0.000
v 1212.196 -483.456 -0.000
v 1212.257 -484.232 -0.000
v 1212.333 -485.018 -0.000
v 1212.424 -485.813 -0.000
v 1212.531 -486.619 -0.000
v 1212.652 -487.434 -0.000
v 1212.788 -488.258 -0.000
v 1212.938 -489.092 -0.000
v 1213.103 -489.936 -0.000
v 1213.282 -490.788 -0.000
v 1213.475 -491.650 -0.000
v 1213.682 -492.520 -0.000
v 1213.903 -493.400 -0.000
v 1214.137 -494.288 -0.000
v 1214.385 -495.185 -0.000
v 1214.647 -496.090 -0.000
v 1214.922 -497.003 -0.000
v 1215.210 -497.925 -0.000
v 1215.511 -498.855 -0.000
v 1215.826 -499.793 -0.000
v 1216.153 -500.738 -0.000
v 1216.492 -501.691 -0.000
v 1216.844 -502.652 -0.000
v 1217.209 -503.621 -0.000
v 1217.586 -504.597 -0.000
v 1217.975 -505.580 -0.000
v 1218.376 -506.570 -0.000
v 1218.788 -507.567 -0.000
v 1219.213 -508.571 -0.000
v 1219.649 -509.582 -0.000
v 1220.097 -510.599 -0.000
v 1220.556 -511.623 -0.000
v 1221.026 -512.653 -0.000
v 1221.507 -513.690 -0.000
v 1221.999 -514.733 -0.000
v 1222.502 -515.782 -0.000
v 1223.015 -516.836 -0.000
v 1223.540 -517.897 -0.000
v 1224.074 -518.963 -0.000
v 1224.619 -520.034 -0.000
v 1225.174 -521.111 -0.000
v 1225.739 -522.194 -0.000
v 1226.313 -523.281 -0.000
v 1226.898 -524.374 -0.000
v 1227.492 -525.471 -0.000
v 1228.095 -526.574 -0.000
v 1228.708 -527.681 -0.000
v 1229.330 -528.792 -0.000
v 1229.961 -529.908 -0.000
v 1230.602 -531.028 -0.000
v 1231.250 -532.153 -0.000
v 1231.908 -533.281 -0.000
v 1232.574 -534.414 -0.000
v 1233.248 -535.550 -0.000
v 1233.931 -536.690 -0.000
v 1234.622 -537.834 -0.000
v 1235.321 -538.981 -0.000
v 1236.028 -540.131 -0.000
v 1236.742 -541.285 -0.000
v 1237.464 -542.442 -0.000
v 1238.194 -543.602 -0.000
v 1238.931 -544.764 -0.000
v 1239.675 -545.930 -0.000
v 1240.426 -547.098 -0.000
v 1241.184 -548.268 -0.000
v 1241.949 -549.441 -0.000
v 1242.720 -550.616 -0.000
v 1243.499 -551.793 -0.000
v 1244.283 -552.972 -0.000
v 1245.074 -554.153 -0.000
v 1245.871 -555.336 -0.000
v 1246.674 -556.520 -0.000
v 1247.482 -557.706 -0.000
v 1248.297 -558.894 -0.000
v 1249.117 -560.082 -0.000
v 1249.943 -561.272 -0.000
v 1250.774 -562.463 -0.000
v 1251.610 -563.655 -0.000
v 1252.451 -564.847 -0.000
v 1253.297 -566.041 -0.000
v 1254.148 -567.234 -0.000
v 1255.004 -568.428 -0.000
v 1255.864 -569.623 -0.000
v 1256.728 -570.817 -0.000
v 1257.597 -572.012 -0.000
v 1258.470 -573.207 -0.000
v 1259.347 -574.401 -0.000
v 1260.228 -575.595 -0.000
v 1261.113 -576.789 -0.000
v 1262.001 -577.982 -0.000
v 1262.893 -579.174 -0.000
v 1263.788 -580.366 -0.000
v 1264.686 -581.557 -0.000
v 1265.587 -582.746 -0.000
v 1266.491 -583.935 -0.000
v 1267.399 -585.122 -0.000
v 1268.308 -586.308 -0.000
v 1269.221 -587.492 -0.000
v 1270.135 -588.675 -0.000
v 1271.052 -589.856 -0.000
v 1271.971 -591.035 -0.000
v 1272.893 -592.212 -0.000
v 1273.816 -593.386 -0.000
v 1274.740 -594.559 -0.000
v 1275.667 -595.729 -0.000
v 1276.594 -596.897 -0.000
v 1277.524 -598.062 -0.000
v 1278.454 -599.224 -0.000
v 1279.386 -600.383 -0.000
v 1280.318 -601.540 -0.000
v 1281.251 -602.693 -0.000
v 1282.185 -603.843 -0.000
v 1283.120 -604.990 -0.000
v 1284.054 -606.133 -0.000
v 1284.990 -607.273 -0.000
v 1285.925 -608.409 -0.000
v 1286.860 -609.541 -0.000
v 1287.795 -610.669 -0.000
v 1288.730 -611.793 -0.000
v 1289.665 -612.913 -0.000
v 1290.599 -614.028 -0.000
v 1291.532 -615.139 -0.000
v 1292.465 -616.246 -0.000
v 1293.397 -617.347 -0.000
v 1294.327 -618.444 -0.000
v 1295.257 -619.536 -0.000
v 1296.185 -620.623 -0.000
v 1297.112 -621.705 -0.000
v 1298.037 -622.782 -0.000
v 1298.960 -623.853 -0.000
v 1299.882 -624.918 -0.000
v 1300.801 -625.978 -0.000
v 1301.719 -627.032 -0.000
v 1302.634 -628.080 -0.000
v 1303.547 -629.122 -0.000
v 1304.457 -630.158 -0.000
v 1305.364 -631.187 -0.000
v 1306.269 -632.211 -0.000
v 1307.171 -633.227 -0.000
v 1308.070 -634.237 -0.000
v 1308.966 -635.241 -0.000
v 1309.858 -636.237 -0.000
v 1310.747 -637.226 -0.000
v 1311.633 -638.209 -0.000
v 1312.514 -639.183 -0.000
v 1313.392 -640.151 -0.000
v 1314.266 -641.111 -0.000
v 1315.136 -642.064 -0.000
v 1316.001 -643.008 -0.000
v 1316.862 -643.945 -0.000
v 1317.719 -644.874 -0.000
v 1318.571 -645.795 -0.000
v 1319.418 -646.707 -0.000
v 1320.260 -647.612 -0.000
v 1321.097 -648.507 -0.000
v 1321.929 -649.394 -0.000
v 1322.756 -650.273 -0.000
v 1323.577 -651.142 -0.000
v 1324.393 -652.003 -0.000
v 1325.203 -652.855 -0.000
v 1326.007 -653.697 -0.000
v 1326.805 -654.530 -0.000
v 1327.597 -655.353 -0.000
v 1328.383 -656.167 -0.000
v 1329.162 -656.972 -0.000
v 1329.935 -657.766 -0.000
v 1330.702 -658.551 -0.000
v 1331.461 -659.325 -0.000
v 1332.214 -660.089 -0.000
v 1332.959 -660.843 -0.000
v 1333.698 -661.587 -0.000
v 1334.429 -662.320 -0.000
v 1335.152 -663.042 -0.000
v 1335.868 -663.754 -0.000
v 1336.577 -664.455 -0.000
v 1337.277 -665.144 -0.000
v 1337.970 -665.823 -0.000
v 1338.654 -666.490 -0.000
v 1339.330 -667.146 -0.000
v 1339.998 -667.790 -0.000
v 1340.658 -668.423 -0.000
v 1341.308 -669.044 -0.000
v 1341.950 -669.653 -0.000
v 1342.583 -670.250 -0.000
v 1343.207 -670.835 -0.000
v 1343.822 -671.407 -0.000
v 1344.427 -671.967 -0.000
v 1345.023 -672.515 -0.000
v 1345.610 -673.050 -0.000
v 1346.187 -673.573 -0.000
v 1346.754 -674.082 -0.000
v 1347.311 -674.579 -0.000
v 1347.857 -675.062 -0.000
v 1348.394 -675.532 -0.000
v 1348.920 -675.989 -0.000
v 1349.436 -676.433 -0.000
v 1349.941 -676.863 -0.000
v 1350.435 -677.279 -0.000
v 1350.919 -677.681 -0.000
v 1351.391 -678.069 -0.000
v 1351.853 -678.444 -0.000
v 1352.303 -678.804 -0.000
v 1352.741 -679.149 -0.000
v 1353.168 -679.481 -0.000
v 1353.583 -679.797 -0.000
v 1353.987 -680.099 -0.000
v 1354.378 -680.387 -0.000
v 1354.757 -680.659 -0.000
v 1355.124 -680.916 -0.000
v 1355.479 -681.158 -0.000
v 1355.821 -681.385 -0.000
v 1356.151 -681.596 -0.000
v 1356.468 -681.792 -0.000
v 1356.772 -681.972 -0.000
v 1357.063 -682.137 -0.000
v 1357.340 -682.285 -0.000
v 1357.605 -682.418 -0.000
v 1357.856 -682.534 -0.000
v 1358.093 -682.634 -0.000
v 1358.317 -682.718 -0.000
v 1358.527 -682.785 -0.000
v 1358.723 -682.835 -0.000
v 1358.905 -682.869 -0.000
v 1359.072 -682.886 -0.000
v 1359.226 -682.886 -0.000
v 1359.364 -682.868 -0.000
v 1359.489 -682.834 -0.000
v 1359.598 -682.782 -0.000
v 1359.692 -682.712 -0.000
v 1359.772 -682.625 -0.000
v 1359.836 -682.521 -0.000
v 1359.885 -682.398 -0.000
v 1359.919 -682.258 -0.000
v 1359.937 -682.099 -0.000
v 1359.939 -681.922 -0.000
v 1359.926 -681.727 -0.000
v 1359.896 -681.513 -0.000
v 1359.851 -681.281 -0.000
v 1359.789 -681.030 -0.000
v 1359.711 -680.760 -0.000
v 1359.616 -680.472 -0.000
v 1359.505 -680.164 -0.000
v 1359.377 -679.837 -0.000
v 1359.232 -679.490 -0.000
v 1359.070 -679.125 -0.000
v 1358.891 -678.739 -0.000
v 1358.694 -678.334 -0.000
v 1358.480 -677.910 -0.000
v 1358.249 -677.465 -0.000
v 1358.000 -677.000 -0.000
v 1096.000 -205.000 -0.000
v 1095.153 -204.629 -0.000
v 1094.302 -204.264 -0.000
v 1093.449 -203.906 -0.000
v 1092.593 -203.554 -0.000
v 1091.734 -203.208 -0.000
v 1090.872 -202.869 -0.000
v 1090.008 -202.536 -0.000
v 1089.141 -202.209 -0.000
v 1088.272 -201.889 -0.000
v 1087.400 -201.575 -0.000
v 1086.525 -201.268 -0.000
v 1085.648 -200.967 -0.000
v 1084.769 -200.672 -0.000
v 1083.887 -200.384 -0.000
v 1083.003 -200.102 -0.000
v 1082.117 -199.826 -0.000
v 1081.229 -199.557 -0.000
v 1080.338 -199.294 -0.000
v 1079.446 -199.038 -0.000
v 1078.551 -198.788 -0.000
v 1077.655 -198.545 -0.000
v 1076.756 -198.308 -0.000
v 1075.856 -198.078 -0.000
v 1074.954 -197.854 -0.000
v 1074.050 -197.637 -0.000
v 1073.144 -197.426 -0.000
v 1072.236 -197.221 -0.000
v 1071.327 -197.023 -0.000
v 1070.417 -196.832 -0.000
v 1069.504 -196.647 -0.000
v 1068.591 -196.469 -0.000
v 1067.676 -196.297 -0.000
v 1066.759 -196.132 -0.000
v 1065.841 -195.973 -0.000
v 1064.922 -195.821 -0.000
v 1064.001 -195.675 -0.000
v 1063.080 -195.536 -0.000
v 1062.157 -195.404 -0.000
v 1061.233 -195.278 -0.000
v 1060.308 -195.159 -0.000
v 1059.382 -195.046 -0.000
v 1058.455 -194.940 -0.000
v 1057.527 -194.840 -0.000
v 1056.598 -194.748 -0.000
v 1055.669 -194.661 -0.000
v 1054.739 -194.582 -0.000
v 1053.808 -194.509 -0.000
v 1052.876 -194.443 -0.000
v 1051.944 -194.383 -0.000
v 1051.011 -194.330 -0.000
v 1050.078 -194.284 -0.000
v 1049.144 -194.244 -0.000
v 1048.210 -194.211 -0.000
v 1047.275 -194.185 -0.000
v 1046.340 -194.166 -0.000
v 1045.405 -194.153 -0.000
v 1044.470 -194.147 -0.000
v 1043.534 -194.148 -0.000
v 1042.598 -194.155 -0.000
v 1041.663 -194.169 -0.000
v 1040.727 -194.190 -0.000
v 1039.791 -194.218 -0.000
v 1038.855 -194.252 -0.000
v 1037.920 -194.293 -0.000
v 1036.984 -194.341 -0.000
v 1036.049 -194.396 -0.000
v 1035.114 -194.458 -0.000
v 1034.180 -194.526 -0.000
v 1033.246 -194.601 -0.000
v 1032.312 -194.683 -0.000
v 1031.379 -194.772 -0.000
v 1030.446 -194.868 -0.000
v 1029.514 -194.970 -0.000
v 1028.582 -195.079 -0.000
v 1027.651 -195.196 -0.000
v 1026.721 -195.319 -0.000
v 1025.791 -195.448 -0.000
v 1024.863 -195.585 -0.000
v 1023.935 -195.729 -0.000
v 1023.008 -195.879 -0.000
v 1022.082 -196.037 -0.000
v 1021.157 -196.201 -0.000
v 1020.233 -196.372 -0.000
v 1019.311 -196.551 -0.000
v 1018.389 -196.736 -0.000
v 1017.469 -196.928 -0.000
v 1016.549 -197.127 -0.000
v 1015.632 -197.332 -0.000
v 1014.715 -197.545 -0.000
v 1013.800 -197.765 -0.000
v 1012.886 -197.992 -0.000
v 1011.974 -198.226 -0.000
v 1011.064 -198.466 -0.000
v 1010.155 -198.714 -0.000
v 1009.247 -198.969 -0.000
v 1008.342 -199.231 -0.000
v 1007.438 -199.499 -0.000
v 1006.536 -199.775 -0.000
v 1005.635 -200.058 -0.000
v 1004.737 -200.348 -0.000
v 1003.841 -200.645 -0.000
v 1002.946 -200.949 -0.000
v 1002.054 -201.260 -0.000
v 1001.163 -201.578 -0.000
v 1000.275 -201.903 -0.000
v 999.389 -202.235 -0.000
v 998.505 -202.574 -0.000
v 997.624 -202.921 -0.000
v 996.745 -203.274 -0.000
v 995.868 -203.635 -0.000
v 994.994 -204.003 -0.000
v 994.122 -204.378 -0.000
v 993.253 -204.760 -0.000
v 992.387 -205.150 -0.000
v 991.525 -205.547 -0.000
v 990.667 -205.953 -0.000
v 989.813 -206.366 -0.000
v 988.963 -206.788 -0.000
v 988.119 -207.219 -0.000
v 987.280 -207.658 -0.000
v 986.447 -208.107 -0.000
v 985.620 -208.564 -0.000
v 984.799 -209.031 -0.000
v 983.985 -209.508 -0.000
v 983.178 -209.994 -0.000
v 982.379 -210.491 -0.000
v 981.587 -210.998 -0.000
v 980.804 -211.515 -0.000
v 980.029 -212.043 -0.000
v 979.263 -212.582 -0.000
v 978.507 -213.132 -0.000
v 977.760 -213.693 -0.000
v 977.024 -214.265 -0.000
v 976.297 -214.850 -0.000
v 975.582 -215.446 -0.000
v 974.877 -216.055 -0.000
v 974.184 -216.676 -0.000
v 973.503 -217.309 -0.000
v 972.834 -217.955 -0.000
v 972.177 -218.614 -0.000
v 971.534 -219.286 -0.000
v 970.903 -219.972 -0.000
v 970.287 -220.671 -0.000
v 969.684 -221.384 -0.000
v 969.095 -222.111 -0.000
v 968.522 -222.852 -0.000
v 967.963 -223.608 -0.000
v 967.420 -224.378 -0.000
v 966.892 -225.164 -0.000
v 966.380 -225.963 -0.000
v 965.884 -226.777 -0.000
v 965.402 -227.604 -0.000
v 964.933 -228.443 -0.000
v 964.478 -229.293 -0.000
v 964.034 -230.153 -0.000
v 963.602 -231.022 -0.000
v 963.181 -231.900 -0.000
v 962.770 -232.785 -0.000
v 962.368 -233.677 -0.000
v 961.974 -234.574 -0.000
v 961.588 -235.476 -0.000
v 961.209 -236.381 -0.000
v 960.836 -237.290 -0.000
v 960.469 -238.200 -0.000
v 960.107 -239.111 -0.000
v 959.748 -240.022 -0.000
v 959.393 -240.933 -0.000
v 959.040 -241.841 -0.000
v 958.689 -242.747 -0.000
v 958.339 -243.649 -0.000
v 957.989 -244.547 -0.000
v 957.639 -245.439 -0.000
v 957.288 -246.324 -0.000
v 956.934 -247.203 -0.000
v 956.578 -248.073 -0.000
v 956.219 -248.933 -0.000
v 955.855 -249.784 -0.000
v 955.487 -250.623 -0.000
v 955.112 -251.451 -0.000
v 954.732 -252.266 -0.000
v 954.344 -253.066 -0.000
v 953.948 -253.852 -0.000
v 953.543 -254.623 -0.000
v 953.130 -255.377 -0.000
v 952.706 -256.113 -0.000
v 952.271 -256.831 -0.000
v 951.824 -257.529 -0.000
v 951.365 -258.207 -0.000
v 950.893 -258.864 -0.000
v 950.408 -259.499 -0.000
v 949.907 -260.110 -0.000
v 949.392 -260.698 -0.000
v 948.861 -261.263 -0.000
v 948.316 -261.805 -0.000
v 947.756 -262.324 -0.000
v 947.181 -262.821 -0.000
v 946.593 -263.296 -0.000
v 945.991 -263.749 -0.000
v 945.374 -264.182 -0.000
v 944.744 -264.594 -0.000
v 944.101 -264.986 -0.000
v 943.445 -265.357 -0.000
v 942.775 -265.710 -0.000
v 942.093 -266.043 -0.000
v 941.398 -266.357 -0.000
v 940.690 -266.654 -0.000
v 939.971 -266.932 -0.000
v 939.239 -267.193 -0.000
v 938.496 -267.436 -0.000
v 937.740 -267.663 -0.000
v 936.974 -267.873 -0.000
v 936.196 -268.067 -0.000
v 935.407 -268.246 -0.000
v 934.607 -268.410 -0.000
v 933.797 -268.558 -0.000
v 932.976 -268.693 -0.000
v 932.145 -268.813 -0.000
v 931.304 -268.919 -0.000
v 930.453 -269.013 -0.000
v 929.592 -269.093 -0.000
v 928.722 -269.161 -0.000
v 927.842 -269.216 -0.000
v 926.954 -269.260 -0.000
v 926.056 -269.293 -0.000
v 925.150 -269.315 -0.000
v 924.235 -269.326 -0.000
v 923.313 -269.327 -0.000
v 922.381 -269.318 -0.000
v 921.442 -269.299 -0.000
v 920.496 -269.272 -0.000
v 919.542 -269.236 -0.000
v 918.580 -269.192 -0.000
v 917.611 -269.140 -0.000
v 916.636 -269.081 -0.000
v 915.653 -269.014 -0.000
v 914.665 -268.941 -0.000
v 913.669 -268.861 -0.000
v 912.668 -268.776 -0.000
v 911.661 -268.685 -0.000
v 910.648 -268.589 -0.000
v 909.629 -268.488 -0.000
v 908.605 -268.383 -0.000
v 907.576 -268.273 -0.000
v 906.542 -268.161 -0.000
v 905.503 -268.045 -0.000
v 904.460 -267.926 -0.000
v 903.412 -267.805 -0.000
v 902.360 -267.681 -0.000
v 901.305 -267.556 -0.000
v 900.245 -267.430 -0.000
v 899.182 -267.303 -0.000
v 898.115 -267.176 -0.000
v 897.045 -267.048 -0.000
v 895.972 -266.921 -0.000
v 894.897 -266.794 -0.000
v 893.818 -266.669 -0.000
v 892.738 -266.544 -0.000
v 891.655 -266.422 -0.000
v 890.570 -266.302 -0.000
v 889.483 -266.185 -0.000
v 888.395 -266.070 -0.000
v 887.305 -265.959 -0.000
v 886.214 -265.852 -0.000
v 885.122 -265.749 -0.000
v 884.029 -265.651 -0.000
v 882.936 -265.557 -0.000
v 881.842 -265.469 -0.000
v 880.748 -265.386 -0.000
v 879.653 -265.310 -0.000
v 878.559 -265.240 -0.000
v 877.465 -265.177 -0.000
v 876.372 -265.122 -0.000
v 875.280 -265.073 -0.000
v 874.188 -265.034 -0.000
v 873.098 -265.002 -0.000
v 872.009 -264.979 -0.000
v 870.921 -264.966 -0.000
v 869.835 -264.962 -0.000
v 868.751 -264.968 -0.000
v 867.669 -264.984 -0.000
v 866.590 -265.012 -0.000
v 865.513 -265.050 -0.000
v 864.438 -265.099 -0.000
v 863.366 -265.159 -0.000
v 862.297 -265.230 -0.000
v 861.231 -265.311 -0.000
v 860.167 -265.404 -0.000
v 859.107 -265.507 -0.000
v 858.049 -265.620 -0.000
v 856.995 -265.744 -0.000
v 855.944 -265.879 -0.000
v 854.896 -266.024 -0.000
v 853.851 -266.179 -0.000
v 852.810 -266.344 -0.000
v 851.773 -266.520 -0.000
v 850.739 -266.706 -0.000
v 849.709 -266.902 -0.000
v 848.682 -267.109 -0.000
v 847.660 -267.325 -0.000
v 846.641 -267.551 -0.000
v 845.627 -267.787 -0.000
v 844.616 -268.033 -0.000
v 843.610 -268.289 -0.000
v 842.608 -268.555 -0.000
v 841.611 -268.830 -0.000
v 840.618 -269.115 -0.000
v 839.629 -269.409 -0.000
v 838.645 -269.713 -0.000
v 837.666 -270.026 -0.000
v 836.692 -270.349 -0.000
v 835.723 -270.681 -0.000
v 834.758 -271.022 -0.000
v 833.799 -271.373 -0.000
v 832.844 -271.732 -0.000
v 831.895 -272.101 -0.000
v 830.951 -272.479 -0.000
v 830.013 -272.866 -0.000
v 829.080 -273.262 -0.000
v 828.153 -273.667 -0.000
v 827.231 -274.080 -0.000
v 826.315 -274.502 -0.000
v 825.405 -274.933 -0.000
v 824.500 -275.373 -0.000
v 823.602 -275.821 -0.000
v 822.709 -276.278 -0.000
v 821.823 -276.743 -0.000
v 820.943 -277.217 -0.000
v 820.069 -277.699 -0.000
v 819.202 -278.189 -0.000
v 818.341 -278.688 -0.000
v 817.487 -279.195 -0.000
v 816.639 -279.710 -0.000
v 815.798 -280.233 -0.000
v 814.964 -280.764 -0.000
v 814.137 -281.303 -0.000
v 813.316 -281.850 -0.000
v 812.503 -282.405 -0.000
v 811.697 -282.967 -0.000
v 810.898 -283.538 -0.000
v 810.106 -284.116 -0.000
v 809.322 -284.702 -0.000
v 808.545 -285.295 -0.000
v 807.776 -285.896 -0.000
v 807.014 -286.504 -0.000
v 806.261 -287.120 -0.000
v 805.514 -287.743 -0.000
v 804.776 -288.373 -0.000
v 804.046 -289.010 -0.000
v 803.324 -289.655 -0.000
v 802.610 -290.307 -0.000
v 801.904 -290.966 -0.000
v 801.206 -291.632 -0.000
v 800.517 -292.304 -0.000
v 799.837 -292.984 -0.000
v 799.164 -293.671 -0.000
v 798.501 -294.364 -0.000
v 797.846 -295.064 -0.000
v 797.200 -295.771 -0.000
v 796.563 -296.484 -0.000
v 795.935 -297.204 -0.000
v 795.316 -297.930 -0.000
v 794.706 -298.663 -0.000
v 794.105 -299.402 -0.000
v 793.514 -300.148 -0.000
v 792.932 -300.899 -0.000
v 792.359 -301.657 -0.000
v 791.796 -302.421 -0.000
v 791.243 -303.192 -0.000
v 790.699 -303.968 -0.000
v 790.165 -304.750 -0.000
v 789.641 -305.538 -0.000
v 789.127 -306.332 -0.000
v 788.624 -307.132 -0.000
v 788.130 -307.938 -0.000
v 787.646 -308.749 -0.000
v 787.173 -309.566 -0.000
v 786.710 -310.388 -0.000
v 786.258 -311.216 -0.000
v 785.816 -312.050 -0.000
v 785.385 -312.889 -0.000
v 784.964 -313.733 -0.000
v 784.554 -314.583 -0.000
v 784.155 -315.437 -0.000
v 783.768 -316.297 -0.000
v 783.391 -317.162 -0.000
v 783.025 -318.033 -0.000
v 782.671 -318.908 -0.000
v 782.328 -319.788 -0.000
v 781.996 -320.673 -0.000
v 781.676 -321.563 -0.000
v 781.367 -322.458 -0.000
v 781.070 -323.357 -0.000
v 780.785 -324.261 -0.000
v 780.511 -325.170 -0.000
v 780.249 -326.083 -0.000
v 780.000 -327.001 -0.000
v 779.762 -327.923 -0.000
v 779.536 -328.849 -0.000
v 779.321 -329.780 -0.000
v 779.117 -330.714 -0.000
v 778.922 -331.652 -0.000
v 778.738 -332.593 -0.000
v 778.563 -333.538 -0.000
v 778.397 -334.485 -0.000
v 778.239 -335.435 -0.000
v 778.088 -336.388 -0.000
v 777.946 -337.343 -0.000
v 777.810 -338.300 -0.000
v 777.680 -339.259 -0.000
v 777.557 -340.220 -0.000
v 777.439 -341.182 -0.000
v 777.326 -342.145 -0.000
v 777.218 -343.110 -0.000
v 777.114 -344.075 -0.000
v 777.014 -345.041 -0.000
v 776.916 -346.008 -0.000
v 776.822 -346.975 -0.000
v 776.730 -347.941 -0.000
v 776.639 -348.908 -0.000
v 776.550 -349.874 -0.000
v 776.462 -350.840 -0.000
v 776.374 -351.804 -0.000
v 776.287 -352.768 -0.000
v 776.198 -353.730 -0.000
v 776.109 -354.691 -0.000
v 776.018 -355.650 -0.000
v 775.925 -356.608 -0.000
v 775.830 -357.563 -0.000
v 775.732 -358.516 -0.000
v 775.631 -359.466 -0.000
v 775.526 -360.414 -0.000
v 775.416 -361.358 -0.000
v 775.302 -362.300 -0.000
v 775.183 -363.238 -0.000
v 775.058 -364.173 -0.000
v 774.927 -365.103 -0.000
v 774.789 -366.030 -0.000
v 774.645 -366.953 -0.000
v 774.493 -367.871 -0.000
v 774.332 -368.784 -0.000
v 774.164 -369.693 -0.000
v 773.986 -370.596 -0.000
v 773.799 -371.495 -0.000
v 773.602 -372.388 -0.000
v 773.395 -373.275 -0.000
v 773.177 -374.156 -0.000
v 772.948 -375.031 -0.000
v 772.707 -375.900 -0.000
v 772.454 -376.762 -0.000
v 772.189 -377.617 -0.000
v 771.910 -378.466 -0.000
v 771.618 -379.307 -0.000
v 771.311 -380.141 -0.000
v 770.990 -380.968 -0.000
v 770.654 -381.786 -0.000
v 770.303 -382.597 -0.000
v 769.936 -383.399 -0.000
v 769.552 -384.193 -0.000
v 769.152 -384.978 -0.000
v 768.734 -385.755 -0.000
v 768.299 -386.522 -0.000
v 767.845 -387.280 -0.000
v 767.372 -388.028 -0.000
v 766.881 -388.767 -0.000
v 766.370 -389.496 -0.000
v 765.838 -390.215 -0.000
v 765.287 -390.924 -0.000
v 764.717 -391.623 -0.000
v 764.130 -392.314 -0.000
v 763.528 -392.998 -0.000
v 762.911 -393.674 -0.000
v 762.282 -394.345 -0.000
v 761.641 -395.010 -0.000
v 760.990 -395.670 -0.000
v 760.331 -396.327 -0.000
v 759.665 -396.981 -0.000
v 758.994 -397.632 -0.000
v 758.319 -398.283 -0.000
v 757.640 -398.932 -0.000
v 756.961 -399.582 -0.000
v 756.282 -400.233 -0.000
v 755.605 -400.886 -0.000
v 754.931 -401.541 -0.000
v 754.262 -402.200 -0.000
v 753.599 -402.862 -0.000
v 752.943 -403.530 -0.000
v 752.297 -404.203 -0.000
v 751.660 -404.883 -0.000
v 751.036 -405.570 -0.000
v 750.425 -406.266 -0.000
v 749.829 -406.970 -0.000
v 749.249 -407.683 -0.000
v 748.687 -408.407 -0.000
v 748.143 -409.142 -0.000
v 747.617 -409.887 -0.000
v 747.109 -410.643 -0.000
v 746.619 -411.408 -0.000
v 746.147 -412.184 -0.000
v 745.692 -412.968 -0.000
v 745.255 -413.763 -0.000
v 744.835 -414.566 -0.000
v 744.432 -415.379 -0.000
v 744.047 -416.200 -0.000
v 743.678 -417.030 -0.000
v 743.325 -417.869 -0.000
v 742.990 -418.715 -0.000
v 742.671 -419.570 -0.000
v 742.368 -420.432 -0.000
v 742.082 -421.302 -0.000
v 741.811 -422.179 -0.000
v 741.557 -423.063 -0.000
v 741.318 -423.954 -0.000
v 741.095 -424.852 -0.000
v 740.888 -425.757 -0.000
v 740.695 -426.668 -0.000
v 740.519 -427.584 -0.000
v 740.357 -428.507 -0.000
v 740.210 -429.436 -0.000
v 740.078 -430.370 -0.000
v 739.961 -431.309 -0.000
v 739.858 -432.253 -0.000
v 739.770 -433.202 -0.000
v 739.696 -434.156 -0.000
v 739.636 -435.114 -0.000
v 739.590 -436.076 -0.000
v 739.558 -437.043 -0.000
v 739.540 -438.013 -0.000
v 739.535 -438.987 -0.000
v 739.544 -439.964 -0.000
v 739.566 -440.945 -0.000
v 739.601 -441.928 -0.000
v 739.650 -442.914 -0.000
v 739.711 -443.903 -0.000
v 739.785 -444.894 -0.000
v 739.872 -445.888 -0.000
v 739.971 -446.883 -0.000
v 740.082 -447.880 -0.000
v 740.206 -448.879 -0.000
v 740.342 -449.878 -0.000
v 740.490 -450.879 -0.000
v 740.650 -451.881 -0.000
v 740.821 -452.884 -0.000
v 741.004 -453.887 -0.000
v 741.198 -454.891 -0.000
v 741.404 -455.894 -0.000
v 741.620 -456.897 -0.000
v 741.848 -457.901 -0.000
v 742.087 -458.903 -0.000
v 742.336 -459.905 -0.000
v 742.596 -460.906 -0.000
v 742.866 -461.905 -0.000
v 743.147 -462.903 -0.000
v 743.438 -463.900 -0.000
v 743.738 -464.895 -0.000
v 744.049 -465.888 -0.000
v 744.369 -466.879 -0.000
v 744.700 -467.867 -0.000
v 745.039 -468.853 -0.000
v 745.388 -469.836 -0.000
v 745.746 -470.816 -0.000
v 746.113 -471.792 -0.000
v 746.490 -472.765 -0.000
v 746.875 -473.735 -0.000
v 747.268 -474.701 -0.000
v 747.670 -475.662 -0.000
v 748.081 -476.619 -0.000
v 748.500 -477.572 -0.000
v 748.926 -478.520 -0.000
v 749.361 -479.464 -0.000
v 749.804 -480.402 -0.000
v 750.254 -481.335 -0.000
v 750.712 -482.262 -0.000
v 751.178 -483.184 -0.000
v 751.650 -484.099 -0.000
v 752.130 -485.009 -0.000
v 752.617 -485.912 -0.000
v 753.111 -486.809 -0.000
v 753.611 -487.699 -0.000
v 754.119 -488.582 -0.000
v 754.632 -489.457 -0.000
v 755.152 -490.326 -0.000
v 755.678 -491.186 -0.000
v 756.210 -492.039 -0.000
v 756.748 -492.884 -0.000
v 757.292 -493.721 -0.000
v 757.842 -494.549 -0.000
v 758.397 -495.369 -0.000
v 758.957 -496.180 -0.000
v 759.523 -496.982 -0.000
v 760.093 -497.774 -0.000
v 760.669 -498.557 -0.000
v 761.250 -499.331 -0.000
v 761.834 -500.095 -0.000
v 762.422 -500.851 -0.000
v 763.012 -501.600 -0.000
v 763.602 -502.343 -0.000
v 764.192 -503.081 -0.000
v 764.780 -503.815 -0.000
v 765.365 -504.547 -0.000
v 765.946 -505.277 -0.000
v 766.521 -506.007 -0.000
v 767.091 -506.737 -0.000
v 767.652 -507.469 -0.000
v 768.205 -508.205 -0.000
v 768.748 -508.944 -0.000
v 769.279 -509.688 -0.000
v 769.798 -510.439 -0.000
v 770.303 -511.197 -0.000
v 770.794 -511.964 -0.000
v 771.268 -512.740 -0.000
v 771.726 -513.527 -0.000
v 772.165 -514.325 -0.000
v 772.584 -515.137 -0.000
v 772.983 -515.963 -0.000
v 773.360 -516.804 -0.000
v 773.714 -517.659 -0.000
v 774.047 -518.528 -0.000
v 774.358 -519.410 -0.000
v 774.647 -520.304 -0.000
v 774.914 -521.210 -0.000
v 775.159 -522.126 -0.000
v 775.382 -523.053 -0.000
v 775.583 -523.988 -0.000
v 775.761 -524.933 -0.000
v 775.918 -525.885 -0.000
v 776.053 -526.844 -0.000
v 776.166 -527.810 -0.000
v 776.257 -528.781 -0.000
v 776.327 -529.756 -0.000
v 776.374 -530.736 -0.000
v 776.399 -531.720 -0.000
v 776.402 -532.705 -0.000
v 776.383 -533.693 -0.000
v 776.343 -534.681 -0.000
v 776.280 -535.670 -0.000
v 776.195 -536.659 -0.000
v 776.089 -537.646 -0.000
v 775.960 -538.632 -0.000
v 775.810 -539.614 -0.000
v 775.638 -540.594 -0.000
v 775.443 -541.569 -0.000
v 775.227 -542.539 -0.000
v 774.989 -543.504 -0.000
v 774.729 -544.462 -0.000
v 774.447 -545.413 -0.000
v 774.143 -546.356 -0.000
v 773.818 -547.291 -0.000
v 773.470 -548.216 -0.000
v 773.100 -549.131 -0.000
v 772.709 -550.035 -0.000
v 772.296 -550.927 -0.000
v 771.860 -551.807 -0.000
v 771.403 -552.674 -0.000
v 770.924 -553.527 -0.000
v 770.423 -554.366 -0.000
v 769.900 -555.189 -0.000
v 769.356 -555.996 -0.000
v 768.789 -556.786 -0.000
v 768.201 -557.558 -0.000
v 767.590 -558.312 -0.000
v 766.958 -559.047 -0.000
v 766.305 -559.763 -0.000
v 765.632 -560.460 -0.000
v 764.943 -561.141 -0.000
v 764.239 -561.807 -0.000
v 763.524 -562.459 -0.000
v 762.800 -563.099 -0.000
v 762.069 -563.728 -0.000
v 761.335 -564.348 -0.000
v 760.599 -564.961 -0.000
v 759.864 -565.568 -0.000
v 759.132 -566.171 -0.000
v 758.407 -566.770 -0.000
v 757.691 -567.368 -0.000
v 756.985 -567.966 -0.000
v 756.293 -568.566 -0.000
v 755.618 -569.169 -0.000
v 754.961 -569.776 -0.000
v 754.326 -570.390 -0.000
v 753.714 -571.011 -0.000
v 753.129 -571.642 -0.000
v 752.573 -572.284 -0.000
v 752.048 -572.937 -0.000
v 751.557 -573.605 -0.000
v 751.099 -574.286 -0.000
v 750.674 -574.980 -0.000
v 750.281 -575.688 -0.000
v 749.920 -576.409 -0.000
v 749.589 -577.142 -0.000
v 749.289 -577.888 -0.000
v 749.017 -578.646 -0.000
v 748.774 -579.416 -0.000
v 748.560 -580.197 -0.000
v 748.372 -580.990 -0.000
v 748.211 -581.795 -0.000
v 748.075 -582.610 -0.000
v 747.965 -583.435 -0.000
v 747.878 -584.272 -0.000
v 747.816 -585.118 -0.000
v 747.776 -585.974 -0.000
v 747.759 -586.840 -0.000
v 747.763 -587.715 -0.000
v 747.788 -588.599 -0.000
v 747.832 -589.492 -0.000
v 747.897 -590.394 -0.000
v 747.980 -591.304 -0.000
v 748.080 -592.222 -0.000
v 748.198 -593.148 -0.000
v 748.333 -594.082 -0.000
v 748.483 -595.023 -0.000
v 748.649 -595.971 -0.000
v 748.829 -596.926 -0.000
v 749.022 -597.887 -0.000
v 749.229 -598.855 -0.000
v 749.448 -599.828 -0.000
v 749.678 -600.808 -0.000
v 749.919 -601.793 -0.000
v 750.171 -602.783 -0.000
v 750.432 -603.778 -0.000
v 750.701 -604.779 -0.000
v 750.979 -605.783 -0.000
v 751.263 -606.792 -0.000
v 751.555 -607.805 -0.000
v 751.852 -608.821 -0.000
v 752.155 -609.841 -0.000
v 752.461 -610.865 -0.000
v 752.772 -611.891 -0.000
v 753.086 -612.920 -0.000
v 753.402 -613.951 -0.000
v 753.719 -614.985 -0.000
v 754.038 -616.021 -0.000
v 754.357 -617.058 -0.000
v 754.675 -618.097 -0.000
v 754.992 -619.136 -0.000
v 755.307 -620.177 -0.000
v 755.620 -621.219 -0.000
v 755.929 -622.261 -0.000
v 756.234 -623.303 -0.000
v 756.534 -624.345 -0.000
v 756.829 -625.386 -0.000
v 757.118 -626.427 -0.000
v 757.399 -627.467 -0.000
v 757.674 -628.506 -0.000
v 757.939 -629.544 -0.000
v 758.196 -630.580 -0.000
v 758.443 -631.614 -0.000
v 758.680 -632.646 -0.000
v 758.906 -633.675 -0.000
v 759.119 -634.702 -0.000
v 759.320 -635.726 -0.000
v 759.508 -636.747 -0.000
v 759.682 -637.765 -0.000
v 759.841 -638.778 -0.000
v 759.985 -639.788 -0.000
v 760.112 -640.793 -0.000
v 760.223 -641.795 -0.000
v 760.316 -642.791 -0.000
v 760.391 -643.782 -0.000
v 760.447 -644.769 -0.000
v 760.484 -645.749 -0.000
v 760.500 -646.724 -0.000
v 760.495 -647.693 -0.000
v 760.468 -648.656 -0.000
v 760.418 -649.612 -0.000
v 760.346 -650.562 -0.000
v 760.249 -651.505 -0.000
v 760.128 -652.440 -0.000
v 759.982 -653.368 -0.000
v 759.809 -654.287 -0.000
v 759.610 -655.199 -0.000
v 759.383 -656.103 -0.000
v 759.128 -656.998 -0.000
v 758.844 -657.884 -0.000
v 758.531 -658.762 -0.000
v 758.187 -659.630 -0.000
v 757.812 -660.488 -0.000
v 757.406 -661.336 -0.000
v 756.967 -662.175 -0.000
v 756.495 -663.003 -0.000
v 755.989 -663.820 -0.000
v 755.448 -664.627 -0.000
v 754.872 -665.423 -0.000
v 754.261 -666.207 -0.000
v 753.612 -666.979 -0.000
v 752.926 -667.740 -0.000
v 752.202 -668.489 -0.000
v 751.440 -669.225 -0.000
v 750.637 -669.948 -0.000
v 749.795 -670.659 -0.000
v 748.911 -671.357 -0.000
v 747.986 -672.041 -0.000
v 747.019 -672.711 -0.000
v 746.008 -673.368 -0.000
v 744.954 -674.010 -0.000
v 743.855 -674.638 -0.000
v 742.711 -675.251 -0.000
v 741.521 -675.849 -0.000
v 740.284 -676.432 -0.000
v 739.000 -677.000 -0.000
v 843.000 -220.000 -0.000
v 842.982 -220.059 -0.000
v 842.947 -220.128 -0.000
v 842.897 -220.206 -0.000
v 842.831 -220.295 -0.000
v 842.749 -220.393 -0.000
v 842.652 -220.501 -0.000
v 842.541 -220.619 -0.000
v 842.414 -220.746 -0.000
v 842.273 -220.882 -0.000
v 842.117 -221.028 -0.000
v 841.947 -221.183 -0.000
v 841.764 -221.347 -0.000
v 841.566 -221.521 -0.000
v 841.356 -221.703 -0.000
v 841.131 -221.894 -0.000
v 840.894 -222.094 -0.000
v 840.644 -222.303 -0.000
v 840.382 -222.520 -0.000
v 840.107 -222.746 -0.000
v 839.820 -222.980 -0.000
v 839.521 -223.223 -0.000
v 839.211 -223.474 -0.000
v 838.888 -223.733 -0.000
v 838.555 -224.000 -0.000
v 838.211 -224.275 -0.000
v 837.855 -224.559 -0.000
v 837.490 -224.850 -0.000
v 837.113 -225.149 -0.000
v 836.727 -225.455 -0.000
v 836.331 -225.769 -0.000
v 835.925 -226.091 -0.000
v 835.510 -226.420 -0.000
v 835.085 -226.756 -0.000
v 834.651 -227.100 -0.000
v 834.209 -227.451 -0.000
v 833.758 -227.808 -0.000
v 833.298 -228.173 -0.000
v 832.830 -228.545 -0.000
v 832.355 -228.923 -0.000
v 831.872 -229.309 -0.000
v 831.381 -229.701 -0.000
v 830.883 -230.099 -0.000
v 830.378 -230.504 -0.000
v 829.866 -230.915 -0.000
v 829.347 -231.333 -0.000
v 828.823 -231.756 -0.000
v 828.292 -232.186 -0.000
v 827.755 -232.622 -0.000
v 827.212 -233.064 -0.000
v 826.664 -233.512 -0.000
v 826.111 -233.965 -0.000
v 825.552 -234.425 -0.000
v 824.989 -234.889 -0.000
v 824.421 -235.360 -0.000
v 823.849 -235.835 -0.000
v 823.273 -236.316 -0.000
v 822.692 -236.803 -0.000
v 822.108 -237.294 -0.000
v 821.521 -237.791 -0.000
v 820.930 -238.292 -0.000
v 820.336 -238.799 -0.000
v 819.740 -239.310 -0.000
v 819.141 -239.826 -0.000
v 818.539 -240.346 -0.000
v 817.935 -240.872 -0.000
v 817.330 -241.401 -0.000
v 816.722 -241.935 -0.000
v 816.113 -242.473 -0.000
v 815.503 -243.016 -0.000
v 814.892 -243.563 -0.000
v 814.280 -244.113 -0.000
v 813.667 -244.668 -0.000
v 813.054 -245.226 -0.000
v 812.441 -245.789 -0.000
v 811.828 -246.355 -0.000
v 811.215 -246.924 -0.000
v 810.603 -247.497 -0.000
v 809.991 -248.074 -0.000
v 809.381 -248.654 -0.000
v 808.771 -249.237 -0.000
v 808.163 -249.823 -0.000
v 807.557 -250.413 -0.000
v 806.952 -251.005 -0.000
v 806.350 -251.600 -0.000
v 805.750 -252.198 -0.000
v 805.152 -252.799 -0.000
v 804.557 -253.403 -0.000
v 803.965 -254.009 -0.000
v 803.376 -254.617 -0.000
v 802.790 -255.228 -0.000
v 802.209 -255.841 -0.000
v 801.631 -256.457 -0.000
v 801.057 -257.074 -0.000
v 800.487 -257.694 -0.000
v 799.922 -258.315 -0.000
v 799.361 -258.939 -0.000
v 798.806 -259.564 -0.000
v 798.255 -260.191 -0.000
v 797.710 -260.819 -0.000
v 797.171 -261.449 -0.000
v 796.638 -262.081 -0.000
v 796.110 -262.714 -0.000
v 795.589 -263.348 -0.000
v 795.074 -263.983 -0.000
v 794.566 -264.619 -0.000
v 794.065 -265.257 -0.000
v 793.571 -265.895 -0.000
v 793.085 -266.534 -0.000
v 792.606 -267.174 -0.000
v 792.135 -267.814 -0.000
v 791.672 -268.455 -0.000
v 791.217 -269.097 -0.000
v 790.771 -269.739 -0.000
v 790.334 -270.381 -0.000
v 789.905 -271.023 -0.000
v 789.486 -271.666 -0.000
v 789.076 -272.309 -0.000
v 788.676 -272.951 -0.000
v 788.285 -273.594 -0.000
v 787.905 -274.236 -0.000
v 787.534 -274.878 -0.000
v 787.175 -275.519 -0.000
v 786.826 -276.161 -0.000
v 786.488 -276.801 -0.000
v 786.161 -277.441 -0.000
v 785.845 -278.080 -0.000
v 785.541 -278.718 -0.000
v 785.249 -279.356 -0.000
v 784.969 -279.992 -0.000
v 784.701 -280.628 -0.000
v 784.446 -281.262 -0.000
v 784.204 -281.895 -0.000
v 783.974 -282.527 -0.000
v 783.758 -283.157 -0.000
v 783.554 -283.785 -0.000
v 783.365 -284.412 -0.000
v 783.189 -285.038 -0.000
v 783.028 -285.661 -0.000
v 782.880 -286.283 -0.000
v 782.748 -286.903 -0.000
v 782.629 -287.521 -0.000
v 782.526 -288.136 -0.000
v 782.438 -288.750 -0.000
v 782.366 -289.361 -0.000
v 782.309 -289.970 -0.000
v 782.267 -290.576 -0.000
v 782.242 -291.180 -0.000
v 782.233 -291.781 -0.000
v 782.241 -292.379 -0.000
v 782.265 -292.975 -0.000
v 782.306 -293.568 -0.000
v 782.365 -294.157 -0.000
v 782.440 -294.744 -0.000
v 782.534 -295.327 -0.000
v 782.645 -295.908 -0.000
v 782.774 -296.485 -0.000
v 782.922 -297.058 -0.000
v 783.088 -297.628 -0.000
v 783.272 -298.194 -0.000
v 783.476 -298.757 -0.000
v 783.699 -299.316 -0.000
v 783.941 -299.871 -0.000
v 784.202 -300.422 -0.000
v 784.482 -300.970 -0.000
v 784.780 -301.513 -0.000
v 785.093 -302.053 -0.000
v 785.421 -302.590 -0.000
v 785.762 -303.124 -0.000
v 786.115 -303.655 -0.000
v 786.479 -304.184 -0.000
v 786.852 -304.710 -0.000
v 787.232 -305.233 -0.000
v 787.619 -305.754 -0.000
v 788.011 -306.274 -0.000
v 788.407 -306.791 -0.000
v 788.805 -307.307 -0.000
v 789.204 -307.822 -0.000
v 789.603 -308.335 -0.000
v 790.000 -308.848 -0.000
v 790.395 -309.359 -0.000
v 790.784 -309.870 -0.000
v 791.169 -310.381 -0.000
v 791.546 -310.891 -0.000
v 791.914 -311.401 -0.000
v 792.273 -311.911 -0.000
v 792.621 -312.421 -0.000
v 792.957 -312.932 -0.000
v 793.278 -313.444 -0.000
v 793.586 -313.956 -0.000
v 793.880 -314.469 -0.000
v 794.161 -314.982 -0.000
v 794.427 -315.496 -0.000
v 794.681 -316.011 -0.000
v 794.921 -316.527 -0.000
v 795.148 -317.043 -0.000
v 795.362 -317.560 -0.000
v 795.564 -318.078 -0.000
v 795.752 -318.596 -0.000
v 795.928 -319.115 -0.000
v 796.091 -319.635 -0.000
v 796.242 -320.155 -0.000
v 796.380 -320.676 -0.000
v 796.507 -321.198 -0.000
v 796.621 -321.721 -0.000
v 796.723 -322.244 -0.000
v 796.814 -322.768 -0.000
v 796.893 -323.292 -0.000
v 796.961 -323.818 -0.000
v 797.017 -324.344 -0.000
v 797.061 -324.871 -0.000
v 797.095 -325.398 -0.000
v 797.117 -325.926 -0.000
v 797.129 -326.455 -0.000
v 797.130 -326.985 -0.000
v 797.120 -327.515 -0.000
v 797.100 -328.047 -0.000
v 797.069 -328.578 -0.000
v 797.028 -329.111 -0.000
v 796.976 -329.644 -0.000
v 796.915 -330.178 -0.000
v 796.844 -330.713 -0.000
v 796.762 -331.249 -0.000
v 796.672 -331.785 -0.000
v 796.571 -332.322 -0.000
v 796.461 -332.860 -0.000
v 796.342 -333.399 -0.000
v 796.214 -333.938 -0.000
v 796.077 -334.478 -0.000
v 795.930 -335.019 -0.000
v 795.775 -335.561 -0.000
v 795.611 -336.103 -0.000
v 795.439 -336.646 -0.000
v 795.258 -337.190 -0.000
v 795.069 -337.735 -0.000
v 794.871 -338.280 -0.000
v 794.666 -338.826 -0.000
v 794.453 -339.373 -0.000
v 794.231 -339.921 -0.000
v 794.002 -340.469 -0.000
v 793.766 -341.019 -0.000
v 793.522 -341.569 -0.000
v 793.270 -342.120 -0.000
v 793.012 -342.671 -0.000
v 792.746 -343.224 -0.000
v 792.474 -343.777 -0.000
v 792.194 -344.331 -0.000
v 791.908 -344.886 -0.000
v 791.615 -345.442 -0.000
v 791.316 -345.998 -0.000
v 791.010 -346.555 -0.000
v 790.699 -347.113 -0.000
v 790.381 -347.672 -0.000
v 790.057 -348.232 -0.000
v 789.727 -348.792 -0.000
v 789.392 -349.354 -0.000
v 789.051 -349.916 -0.000
v 788.704 -350.479 -0.000
v 788.352 -351.043 -0.000
v 787.995 -351.607 -0.000
v 787.633 -352.173 -0.000
v 787.265 -352.739 -0.000
v 786.893 -353.306 -0.000
v 786.516 -353.874 -0.000
v 786.135 -354.442 -0.000
v 785.749 -355.012 -0.000
v 785.359 -355.582 -0.000
v 784.964 -356.154 -0.000
v 784.565 -356.726 -0.000
v 784.162 -357.299 -0.000
v 783.756 -357.872 -0.000
v 783.346 -358.447 -0.000
v 782.932 -359.022 -0.000
v 782.514 -359.599 -0.000
v 782.093 -360.176 -0.000
v 781.669 -360.754 -0.000
v 781.242 -361.333 -0.000
v 780.812 -361.912 -0.000
v 780.378 -362.493 -0.000
v 779.942 -363.074 -0.000
v 779.504 -363.657 -0.000
v 779.063 -364.240 -0.000
v 778.619 -364.824 -0.000
v 778.174 -365.409 -0.000
v 777.726 -365.995 -0.000
v 777.276 -366.581 -0.000
v 776.824 -367.169 -0.000
v 776.370 -367.757 -0.000
v 775.915 -368.347 -0.000
v 775.458 -368.937 -0.000
v 775.000 -369.528 -0.000
v 774.541 -370.120 -0.000
v 774.080 -370.713 -0.000
v 773.619 -371.307 -0.000
v 773.156 -371.901 -0.000
v 772.693 -372.497 -0.000
v 772.229 -373.093 -0.000
v 771.764 -373.691 -0.000
v 771.299 -374.289 -0.000
v 770.834 -374.888 -0.000
v 770.369 -375.488 -0.000
v 769.903 -376.089 -0.000
v 769.438 -376.691 -0.000
v 768.973 -377.294 -0.000
v 768.508 -377.898 -0.000
v 768.043 -378.503 -0.000
v 767.580 -379.108 -0.000
v 767.116 -379.715 -0.000
v 766.654 -380.322 -0.000
v 766.193 -380.931 -0.000
v 765.732 -381.540 -0.000
v 765.273 -382.150 -0.000
v 764.816 -382.761 -0.000
v 764.359 -383.373 -0.000
v 763.904 -383.986 -0.000
v 763.451 -384.600 -0.000
v 763.000 -385.215 -0.000
v 762.551 -385.831 -0.000
v 762.103 -386.448 -0.000
v 761.658 -387.066 -0.000
v 761.215 -387.684 -0.000
v 760.775 -388.304 -0.000
v 760.337 -388.925 -0.000
v 759.902 -389.546 -0.000
v 759.470 -390.169 -0.000
v 759.040 -390.792 -0.000
v 758.614 -391.417 -0.000
v 758.190 -392.042 -0.000
v 757.770 -392.669 -0.000
v 757.354 -393.296 -0.000
v 756.941 -393.924 -0.000
v 756.532 -394.554 -0.000
v 756.126 -395.184 -0.000
v 755.724 -395.815 -0.000
v 755.327 -396.448 -0.000
v 754.933 -397.081 -0.000
v 754.544 -397.715 -0.000
v 754.160 -398.350 -0.000
v 753.779 -398.986 -0.000
v 753.404 -399.624 -0.000
v 753.033 -400.262 -0.000
v 752.667 -400.901 -0.000
v 752.306 -401.541 -0.000
v 751.950 -402.182 -0.000
v 751.600 -402.825 -0.000
v 751.255 -403.468 -0.000
v 750.915 -404.112 -0.000
v 750.581 -404.757 -0.000
v 750.253 -405.403 -0.000
v 749.931 -406.051 -0.000
v 749.615 -406.699 -0.000
v 749.305 -407.348 -0.000
v 749.001 -407.998 -0.000
v 748.703 -408.650 -0.000
v 748.412 -409.302 -0.000
v 748.127 -409.955 -0.000
v 747.849 -410.609 -0.000
v 747.577 -411.265 -0.000
v 747.311 -411.920 -0.000
v 747.051 -412.577 -0.000
v 746.798 -413.235 -0.000
v 746.550 -413.894 -0.000
v 746.309 -414.553 -0.000
v 746.074 -415.213 -0.000
v 745.846 -415.874 -0.000
v 745.623 -416.535 -0.000
v 745.406 -417.197 -0.000
v 745.196 -417.860 -0.000
v 744.992 -418.523 -0.000
v 744.793 -419.187 -0.000
v 744.601 -419.851 -0.000
v 744.414 -420.517 -0.000
v 744.234 -421.182 -0.000
v 744.059 -421.848 -0.000
v 743.891 -422.514 -0.000
v 743.728 -423.181 -0.000
v 743.571 -423.849 -0.000
v 743.420 -424.516 -0.000
v 743.275 -425.184 -0.000
v 743.136 -425.852 -0.000
v 743.002 -426.521 -0.000
v 742.874 -427.190 -0.000
v 742.752 -427.859 -0.000
v 742.636 -428.528 -0.000
v 742.525 -429.197 -0.000
v 742.420 -429.867 -0.000
v 742.321 -430.537 -0.000
v 742.227 -431.207 -0.000
v 742.139 -431.876 -0.000
v 742.056 -432.546 -0.000
v 741.979 -433.216 -0.000
v 741.908 -433.886 -0.000
v 741.842 -434.556 -0.000
v 741.781 -435.226 -0.000
v 741.726 -435.895 -0.000
v 741.677 -436.565 -0.000
v 741.633 -437.234 -0.000
v 741.594 -437.903 -0.000
v 741.560 -438.573 -0.000
v 741.532 -439.241 -0.000
v 741.510 -439.910 -0.000
v 741.492 -440.578 -0.000
v 741.480 -441.246 -0.000
v 741.474 -441.913 -0.000
v 741.472 -442.581 -0.000
v 741.476 -443.247 -0.000
v 741.485 -443.914 -0.000
v 741.499 -444.580 -0.000
v 741.518 -445.245 -0.000
v 741.542 -445.910 -0.000
v 741.572 -446.575 -0.000
v 741.606 -447.238 -0.000
v 741.646 -447.902 -0.000
v 741.691 -448.564 -0.000
v 741.740 -449.226 -0.000
v 741.795 -449.888 -0.000
v 741.855 -450.548 -0.000
v 741.919 -451.208 -0.000
v 741.989 -451.867 -0.000
v 742.063 -452.526 -0.000
v 742.143 -453.183 -0.000
v 742.227 -453.840 -0.000
v 742.316 -454.496 -0.000
v 742.410 -455.151 -0.000
v 742.509 -455.805 -0.000
v 742.612 -456.458 -0.000
v 742.721 -457.110 -0.000
v 742.833 -457.761 -0.000
v 742.951 -458.411 -0.000
v 743.074 -459.060 -0.000
v 743.201 -459.708 -0.000
v 743.332 -460.355 -0.000
v 743.469 -461.001 -0.000
v 743.610 -461.645 -0.000
v 743.755 -462.289 -0.000
v 743.905 -462.931 -0.000
v 744.060 -463.572 -0.000
v 744.219 -464.212 -0.000
v 744.382 -464.850 -0.000
v 744.550 -465.487 -0.000
v 744.723 -466.123 -0.000
v 744.900 -466.757 -0.000
v 745.081 -467.390 -0.000
v 745.267 -468.021 -0.000
v 745.457 -468.651 -0.000
v 745.651 -469.280 -0.000
v 745.850 -469.907 -0.000
v 746.053 -470.532 -0.000
v 746.260 -471.156 -0.000
v 746.472 -471.778 -0.000
v 746.687 -472.399 -0.000
v 746.907 -473.018 -0.000
v 747.131 -473.635 -0.000
v 747.359 -474.251 -0.000
v 747.592 -474.865 -0.000
v 747.828 -475.477 -0.000
v 748.069 -476.087 -0.000
v 748.314 -476.696 -0.000
v 748.562 -477.302 -0.000
v 748.815 -477.907 -0.000
v 749.072 -478.510 -0.000
v 749.332 -479.111 -0.000
v 749.597 -479.710 -0.000
v 749.865 -480.307 -0.000
v 750.138 -480.902 -0.000
v 750.414 -481.495 -0.000
v 750.694 -482.086 -0.000
v 750.979 -482.675 -0.000
v 751.266 -483.261 -0.000
v 751.558 -483.846 -0.000
v 751.854 -484.428 -0.000
v 752.153 -485.009 -0.000
v 752.456 -485.587 -0.000
v 752.762 -486.162 -0.000
v 753.073 -486.736 -0.000
v 753.387 -487.307 -0.000
v 753.704 -487.876 -0.000
v 754.026 -488.442 -0.000
v 754.350 -489.006 -0.000
v 754.679 -489.568 -0.000
v 755.011 -490.127 -0.000
v 755.346 -490.684 -0.000
v 755.685 -491.238 -0.000
v 756.028 -491.789 -0.000
v 756.374 -492.339 -0.000
v 756.723 -492.885 -0.000
v 757.076 -493.429 -0.000
v 757.432 -493.970 -0.000
v 757.792 -494.509 -0.000
v 758.155 -495.045 -0.000
v 758.521 -495.578 -0.000
v 758.891 -496.109 -0.000
v 759.264 -496.636 -0.000
v 759.640 -497.161 -0.000
v 760.019 -497.683 -0.000
v 760.402 -498.202 -0.000
v 760.788 -498.719 -0.000
v 761.177 -499.232 -0.000
v 761.569 -499.743 -0.000
v 761.963 -500.251 -0.000
v 762.360 -500.757 -0.000
v 762.758 -501.261 -0.000
v 763.158 -501.764 -0.000
v 763.558 -502.265 -0.000
v 763.959 -502.765 -0.000
v 764.360 -503.265 -0.000
v 764.761 -503.764 -0.000
v 765.161 -504.263 -0.000
v 765.560 -504.762 -0.000
v 765.957 -505.261 -0.000
v 766.352 -505.762 -0.000
v 766.744 -506.263 -0.000
v 767.134 -506.766 -0.000
v 767.520 -507.271 -0.000
v 767.903 -507.778 -0.000
v 768.282 -508.287 -0.000
v 768.656 -508.798 -0.000
v 769.025 -509.312 -0.000
v 769.388 -509.830 -0.000
v 769.746 -510.351 -0.000
v 770.098 -510.876 -0.000
v 770.443 -511.405 -0.000
v 770.781 -511.938 -0.000
v 771.112 -512.476 -0.000
v 771.434 -513.019 -0.000
v 771.749 -513.567 -0.000
v 772.054 -514.120 -0.000
v 772.351 -514.680 -0.000
v 772.638 -515.246 -0.000
v 772.915 -515.818 -0.000
v 773.181 -516.397 -0.000
v 773.437 -516.983 -0.000
v 773.683 -517.575 -0.000
v 773.918 -518.173 -0.000
v 774.143 -518.777 -0.000
v 774.357 -519.387 -0.000
v 774.560 -520.003 -0.000
v 774.753 -520.624 -0.000
v 774.936 -521.249 -0.000
v 775.108 -521.880 -0.000
v 775.270 -522.515 -0.000
v 775.421 -523.155 -0.000
v 775.561 -523.799 -0.000
v 775.692 -524.446 -0.000
v 775.811 -525.097 -0.000
v 775.921 -525.752 -0.000
v 776.019 -526.410 -0.000
v 776.108 -527.071 -0.000
v 776.186 -527.734 -0.000
v 776.253 -528.400 -0.000
v 776.310 -529.068 -0.000
v 776.357 -529.738 -0.000
v 776.393 -530.410 -0.000
v 776.419 -531.083 -0.000
v 776.434 -531.758 -0.000
v 776.439 -532.434 -0.000
v 776.434 -533.110 -0.000
v 776.418 -533.788 -0.000
v 776.392 -534.465 -0.000
v 776.355 -535.143 -0.000
v 776.308 -535.820 -0.000
v 776.250 -536.497 -0.000
v 776.183 -537.174 -0.000
v 776.104 -537.850 -0.000
v 776.016 -538.524 -0.000
v 775.917 -539.198 -0.000
v 775.807 -539.869 -0.000
v 775.688 -540.540 -0.000
v 775.558 -541.208 -0.000
v 775.417 -541.873 -0.000
v 775.267 -542.537 -0.000
v 775.105 -543.197 -0.000
v 774.934 -543.855 -0.000
v 774.752 -544.510 -0.000
v 774.560 -545.161 -0.000
v 774.358 -545.808 -0.000
v 774.145 -546.452 -0.000
v 773.922 -547.092 -0.000
v 773.689 -547.727 -0.000
v 773.445 -548.357 -0.000
v 773.191 -548.983 -0.000
v 772.927 -549.604 -0.000
v 772.652 -550.219 -0.000
v 772.367 -550.829 -0.000
v 772.072 -551.433 -0.000
v 771.766 -552.031 -0.000
v 771.451 -552.623 -0.000
v 771.125 -553.209 -0.000
v 770.788 -553.788 -0.000
v 770.442 -554.359 -0.000
v 770.085 -554.924 -0.000
v 769.718 -555.481 -0.000
v 769.341 -556.031 -0.000
v 768.953 -556.573 -0.000
v 768.555 -557.106 -0.000
v 768.147 -557.632 -0.000
v 767.729 -558.148 -0.000
v 767.300 -558.656 -0.000
v 766.861 -559.155 -0.000
v 766.413 -559.645 -0.000
v 765.955 -560.126 -0.000
v 765.489 -560.600 -0.000
v 765.015 -561.065 -0.000
v 764.535 -561.524 -0.000
v 764.048 -561.976 -0.000
v 763.557 -562.422 -0.000
v 763.061 -562.862 -0.000
v 762.562 -563.297 -0.000
v 762.060 -563.727 -0.000
v 761.557 -564.153 -0.000
v 761.052 -564.576 -0.000
v 760.547 -564.995 -0.000
v 760.043 -565.411 -0.000
v 759.540 -565.826 -0.000
v 759.040 -566.238 -0.000
v 758.542 -566.650 -0.000
v 758.048 -567.060 -0.000
v 757.560 -567.471 -0.000
v 757.076 -567.881 -0.000
v 756.599 -568.292 -0.000
v 756.129 -568.705 -0.000
v 755.667 -569.119 -0.000
v 755.213 -569.535 -0.000
v 754.770 -569.954 -0.000
v 754.336 -570.376 -0.000
v 753.914 -570.801 -0.000
v 753.504 -571.231 -0.000
v 753.106 -571.665 -0.000
v 752.723 -572.105 -0.000
v 752.353 -572.550 -0.000
v 751.999 -573.001 -0.000
v 751.661 -573.458 -0.000
v 751.339 -573.922 -0.000
v 751.032 -574.393 -0.000
v 750.741 -574.869 -0.000
v 750.465 -575.352 -0.000
v 750.204 -575.841 -0.000
v 749.957 -576.336 -0.000
v 749.725 -576.837 -0.000
v 749.507 -577.344 -0.000
v 749.304 -577.857 -0.000
v 749.114 -578.375 -0.000
v 748.937 -578.899 -0.000
v 748.774 -579.429 -0.000
v 748.624 -579.964 -0.000
v 748.487 -580.505 -0.000
v 748.363 -581.051 -0.000
v 748.250 -581.602 -0.000
v 748.151 -582.158 -0.000
v 748.063 -582.719 -0.000
v 747.986 -583.285 -0.000
v 747.922 -583.857 -0.000
v 747.868 -584.433 -0.000
v 747.826 -585.013 -0.000
v 747.794 -585.599 -0.000
v 747.773 -586.189 -0.000
v 747.763 -586.783 -0.000
v 747.762 -587.382 -0.000
v 747.772 -587.985 -0.000
v 747.791 -588.592 -0.000
v 747.819 -589.204 -0.000
v 747.857 -589.820 -0.000
v 747.904 -590.439 -0.000
v 747.959 -591.063 -0.000
v 748.023 -591.690 -0.000
v 748.095 -592.321 -0.000
v 748.176 -592.956 -0.000
v 748.264 -593.594 -0.000
v 748.359 -594.236 -0.000
v 748.463 -594.882 -0.000
v 748.573 -595.530 -0.000
v 748.690 -596.182 -0.000
v 748.814 -596.837 -0.000
v 748.944 -597.495 -0.000
v 749.081 -598.156 -0.000
v 749.224 -598.820 -0.000
v 749.372 -599.487 -0.000
v 749.526 -600.157 -0.000
v 749.685 -600.829 -0.000
v 749.850 -601.504 -0.000
v 750.019 -602.182 -0.000
v 750.193 -602.861 -0.000
v 750.371 -603.544 -0.000
v 750.553 -604.228 -0.000
v 750.740 -604.915 -0.000
v 750.930 -605.604 -0.000
v 751.124 -606.294 -0.000
v 751.320 -606.987 -0.000
v 751.520 -607.682 -0.000
v 751.723 -608.378 -0.000
v 751.928 -609.076 -0.000
v 752.136 -609.776 -0.000
v 752.346 -610.477 -0.000
v 752.557 -611.179 -0.000
v 752.771 -611.883 -0.000
v 752.985 -612.588 -0.000
v 753.201 -613.295 -0.000
v 753.418 -614.002 -0.000
v 753.636 -614.711 -0.000
v 753.854 -615.420 -0.000
v 754.073 -616.131 -0.000
v 754.291 -616.842 -0.000
v 754.509 -617.554 -0.000
v 754.727 -618.266 -0.000
v 754.945 -618.979 -0.000
v 755.161 -619.693 -0.000
v 755.377 -620.406 -0.000
v 755.591 -621.121 -0.000
v 755.803 -621.835 -0.000
v 756.014 -622.549 -0.000
v 756.223 -623.264 -0.000
v 756.429 -623.978 -0.000
v 756.633 -624.692 -0.000
v 756.835 -625.406 -0.000
v 757.033 -626.120 -0.000
v 757.229 -626.834 -0.000
v 757.421 -627.547 -0.000
v 757.609 -628.259 -0.000
v 757.793 -628.971 -0.000
v 757.974 -629.682 -0.000
v 758.150 -630.392 -0.000
v 758.322 -631.102 -0.000
v 758.489 -631.810 -0.000
v 758.651 -632.518 -0.000
v 758.807 -633.224 -0.000
v 758.959 -633.929 -0.000
v 759.104 -634.633 -0.000
v 759.244 -635.336 -0.000
v 759.378 -636.037 -0.000
v 759.505 -636.736 -0.000
v 759.626 -637.434 -0.000
v 759.740 -638.131 -0.000
v 759.847 -638.825 -0.000
v 759.946 -639.518 -0.000
v 760.038 -640.208 -0.000
v 760.123 -640.897 -0.000
v 760.199 -641.584 -0.000
v 760.267 -642.268 -0.000
v 760.327 -642.950 -0.000
v 760.379 -643.630 -0.000
v 760.421 -644.307 -0.000
v 760.454 -644.982 -0.000
v 760.478 -645.654 -0.000
v 760.493 -646.324 -0.000
v 760.497 -646.991 -0.000
v 760.492 -647.655 -0.000
v 760.476 -648.316 -0.000
v 760.450 -648.974 -0.000
v 760.414 -649.628 -0.000
v 760.366 -650.280 -0.000
v 760.307 -650.929 -0.000
v 760.237 -651.574 -0.000
v 760.155 -652.216 -0.000
v 760.061 -652.854 -0.000
v 759.956 -653.488 -0.000
v 759.838 -654.119 -0.000
v 759.707 -654.747 -0.000
v 759.564 -655.370 -0.000
v 759.407 -655.989 -0.000
v 759.238 -656.605 -0.000
v 759.055 -657.216 -0.000
v 758.858 -657.824 -0.000
v 758.648 -658.426 -0.000
v 758.423 -659.025 -0.000
v 758.184 -659.619 -0.000
v 757.931 -660.209 -0.000
v 757.663 -660.794 -0.000
v 757.379 -661.375 -0.000
v 757.080 -661.951 -0.000
v 756.766 -662.522 -0.000
v 756.436 -663.088 -0.000
v 756.091 -663.649 -0.000
v 755.729 -664.205 -0.000
v 755.350 -664.756 -0.000
v 754.955 -665.301 -0.000
v 754.543 -665.842 -0.000
v 754.114 -666.376 -0.000
v 753.668 -666.906 -0.000
v 753.204 -667.430 -0.000
v 752.722 -667.948 -0.000
v 752.222 -668.460 -0.000
v 751.704 -668.967 -0.000
v 751.168 -669.468 -0.000
v 750.613 -669.963 -0.000
v 750.038 -670.452 -0.000
v 749.445 -670.934 -0.000
v 748.833 -671.411 -0.000
v 748.200 -671.881 -0.000
v 747.548 -672.344 -0.000
v 746.876 -672.802 -0.000
v 746.184 -673.252 -0.000
v 745.471 -673.696 -0.000
v 744.737 -674.134 -0.000
v 743.982 -674.564 -0.000
v 743.206 -674.988 -0.000
v 742.409 -675.405 -0.000
v 741.590 -675.814 -0.000
v 740.749 -676.217 -0.000
v 739.885 -676.612 -0.000
v 739.000 -677.000 -0.000
v 333.000 -310.000 0.000
v 333.704 -310.049 0.000
v 334.413 -310.095 0.000
v 335.129 -310.138 0.000
v 335.850 -310.178 0.000
v 336.577 -310.215 0.000
v 337.310 -310.249 0.000
v 338.048 -310.280 0.000
v 338.791 -310.308 0.000
v 339.541 -310.334 0.000
v 340.295 -310.357 0.000
v 341.055 -310.377 0.000
v 341.820 -310.395 0.000
v 342.591 -310.410 0.000
v 343.366 -310.423 0.000
v 344.147 -310.434 0.000
v 344.932 -310.442 0.000
v 345.723 -310.449 0.000
v 346.518 -310.453 0.000
v 347.318 -310.455 0.000
v 348.123 -310.455 0.000
v 348.933 -310.453 0.000
v 349.747 -310.450 0.000
v 350.566 -310.444 0.000
v 351.389 -310.437 0.000
v 352.216 -310.429 0.000
v 353.048 -310.419 0.000
v 353.884 -310.407 0.000
v 354.725 -310.394 0.000
v 355.569 -310.379 0.000
v 356.418 -310.363 0.000
v 357.270 -310.346 0.000
v 358.126 -310.328 0.000
v 358.987 -310.309 0.000
v 359.851 -310.289 0.000
v 360.719 -310.268 0.000
v 361.590 -310.246 0.000
v 362.465 -310.223 0.000
v 363.344 -310.199 0.000
v 364.226 -310.175 0.000
v 365.111 -310.150 0.000
v 366.000 -310.124 0.000
v 366.892 -310.099 0.000
v 367.788 -310.072 0.000
v 368.686 -310.046 0.000
v 369.587 -310.019 0.000
v 370.492 -309.992 0.000
v 371.399 -309.964 0.000
v 372.310 -309.937 0.000
v 373.223 -309.910 0.000
v 374.138 -309.882 0.000
v 375.057 -309.855 0.000
v 375.978 -309.828 0.000
v 376.901 -309.802 0.000
v 377.828 -309.775 0.000
v 378.756 -309.750 0.000
v 379.687 -309.724 0.000
v 380.620 -309.699 0.000
v 381.555 -309.675 0.000
v 382.492 -309.652 0.000
v 383.432 -309.629 0.000
v 384.373 -309.607 0.000
v 385.317 -309.586 0.000
v 386.262 -309.566 0.000
v 387.209 -309.547 0.000
v 388.158 -309.529 0.000
v 389.108 -309.512 0.000
v 390.060 -309.496 0.000
v 391.014 -309.482 0.000
v 391.969 -309.469 0.000
v 392.925 -309.457 0.000
v 393.883 -309.447 0.000
v 394.842 -309.439 0.000
v 395.803 -309.432 0.000
v 396.764 -309.427 0.000
v 397.726 -309.424 0.000
v 398.690 -309.422 0.000
v 399.654 -309.423 0.000
v 400.620 -309.425 0.000
v 401.586 -309.430 0.000
v 402.553 -309.436 0.000
v 403.520 -309.445 0.000
v 404.488 -309.456 0.000
v 405.457 -309.469 0.000
v 406.426 -309.485 0.000
v 407.395 -309.503 0.000
v 408.365 -309.524 0.000
v 409.335 -309.547 0.000
v 410.306 -309.573 0.000
v 411.276 -309.601 0.000
v 412.247 -309.633 0.000
v 413.217 -309.667 0.000
v 414.188 -309.704 0.000
v 415.158 -309.745 0.000
v 416.128 -309.788 0.000
v 417.098 -309.834 0.000
v 418.067 -309.884 0.000
v 419.037 -309.937 0.000
v 420.005 -309.993 0.000
v 420.973 -310.053 0.000
v 421.941 -310.116 0.000
v 422.908 -310.182 0.000
v 423.874 -310.253 0.000
v 424.840 -310.327 0.000
v 425.804 -310.404 0.000
v 426.768 -310.486 0.000
v 427.730 -310.571 0.000
v 428.692 -310.661 0.000
v 429.652 -310.754 0.000
v 430.611 -310.851 0.000
v 431.569 -310.953 0.000
v 432.526 -311.059 0.000
v 433.481 -311.169 0.000
v 434.435 -311.283 0.000
v 435.387 -311.402 0.000
v 436.338 -311.526 0.000
v 437.287 -311.653 0.000
v 438.234 -311.786 0.000
v 439.180 -311.923 0.000
v 440.123 -312.065 0.000
v 441.065 -312.212 0.000
v 442.005 -312.364 0.000
v 442.942 -312.521 0.000
v 443.878 -312.683 0.000
v 444.811 -312.849 0.000
v 445.742 -313.021 0.000
v 446.671 -313.199 0.000
v 447.598 -313.381 0.000
v 448.521 -313.569 0.000
v 449.443 -313.763 0.000
v 450.362 -313.962 0.000
v 451.278 -314.166 0.000
v 452.191 -314.376 0.000
v 453.102 -314.592 0.000
v 454.010 -314.814 0.000
v 454.914 -315.042 0.000
v 455.816 -315.275 0.000
v 456.715 -315.515 0.000
v 457.611 -315.760 0.000
v 458.503 -316.012 0.000
v 459.392 -316.270 0.000
v 460.278 -316.534 0.000
v 461.161 -316.804 0.000
v 462.040 -317.081 0.000
v 462.915 -317.364 0.000
v 463.787 -317.654 0.000
v 464.656 -317.950 0.000
v 465.520 -318.254 0.000
v 466.381 -318.563 0.000
v 467.238 -318.880 0.000
v 468.091 -319.204 0.000
v 468.940 -319.534 0.000
v 469.785 -319.872 0.000
v 470.626 -320.216 0.000
v 471.462 -320.568 0.000
v 472.295 -320.927 0.000
v 473.123 -321.293 0.000
v 473.947 -321.666 0.000
v 474.766 -322.047 0.000
v 475.581 -322.436 0.000
v 476.391 -322.832 0.000
v 477.196 -323.236 0.000
v 477.997 -323.647 0.000
v 478.793 -324.066 0.000
v 479.584 -324.493 0.000
v 480.370 -324.928 0.000
v 481.151 -325.371 0.000
v 481.928 -325.821 0.000
v 482.699 -326.280 0.000
v 483.465 -326.747 0.000
v 484.225 -327.223 0.000
v 484.980 -327.706 0.000
v 485.730 -328.198 0.000
v 486.475 -328.699 0.000
v 487.214 -329.208 0.000
v 487.947 -329.725 0.000
v 488.675 -330.251 0.000
v 489.397 -330.786 0.000
v 490.113 -331.330 0.000
v 490.823 -331.882 0.000
v 491.528 -332.444 0.000
v 492.226 -333.014 0.000
v 492.919 -333.594 0.000
v 493.605 -334.182 0.000
v 494.285 -334.780 0.000
v 494.959 -335.387 0.000
v 495.626 -336.003 0.000
v 496.287 -336.629 0.000
v 496.942 -337.264 0.000
v 497.590 -337.909 0.000
v 498.232 -338.563 0.000
v 498.867 -339.227 0.000
v 499.495 -339.901 0.000
v 500.116 -340.584 0.000
v 500.731 -341.278 0.000
v 501.339 -341.981 0.000
v 501.939 -342.694 0.000
v 502.533 -343.418 0.000
v 503.120 -344.151 0.000
v 503.699 -344.894 0.000
v 504.273 -345.646 0.000
v 504.841 -346.405 0.000
v 505.404 -347.170 0.000
v 505.963 -347.939 0.000
v 506.520 -348.711 0.000
v 507.073 -349.484 0.000
v 507.626 -350.257 0.000
v 508.178 -351.030 0.000
v 508.729 -351.799 0.000
v 509.282 -352.565 0.000
v 509.836 -353.324 0.000
v 510.393 -354.077 0.000
v 510.952 -354.822 0.000
v 511.516 -355.557 0.000
v 512.085 -356.281 0.000
v 512.658 -356.993 0.000
v 513.239 -357.690 0.000
v 513.826 -358.372 0.000
v 514.421 -359.038 0.000
v 515.025 -359.686 0.000
v 515.638 -360.314 0.000
v 516.262 -360.921 0.000
v 516.896 -361.505 0.000
v 517.542 -362.067 0.000
v 518.201 -362.603 0.000
v 518.873 -363.112 0.000
v 519.559 -363.594 0.000
v 520.260 -364.046 0.000
v 520.977 -364.468 0.000
v 521.711 -364.858 0.000
v 522.461 -365.214 0.000
v 523.229 -365.537 0.000
v 524.012 -365.830 0.000
v 524.812 -366.093 0.000
v 525.625 -366.329 0.000
v 526.453 -366.540 0.000
v 527.293 -366.728 0.000
v 528.145 -366.894 0.000
v 529.009 -367.040 0.000
v 529.883 -367.169 0.000
v 530.766 -367.282 0.000
v 531.659 -367.380 0.000
v 532.559 -367.467 0.000
v 533.466 -367.544 0.000
v 534.379 -367.613 0.000
v 535.298 -367.675 0.000
v 536.222 -367.732 0.000
v 537.149 -367.788 0.000
v 538.079 -367.842 0.000
v 539.011 -367.898 0.000
v 539.945 -367.957 0.000
v 540.878 -368.020 0.000
v 541.812 -368.091 0.000
v 542.744 -368.171 0.000
v 543.674 -368.261 0.000
v 544.601 -368.364 0.000
v 545.524 -368.481 0.000
v 546.443 -368.615 0.000
v 547.357 -368.767 0.000
v 548.264 -368.939 0.000
v 549.164 -369.134 0.000
v 550.056 -369.352 0.000
v 550.939 -369.596 0.000
v 551.813 -369.868 0.000
v 552.676 -370.170 0.000
v 553.529 -370.503 0.000
v 554.369 -370.869 0.000
v 555.196 -371.271 0.000
v 556.009 -371.710 0.000
v 556.808 -372.188 0.000
v 557.592 -372.708 0.000
v 558.359 -373.270 0.000
v 559.108 -373.874 0.000
v 559.838 -374.517 0.000
v 560.545 -375.195 0.000
v 561.228 -375.905 0.000
v 561.884 -376.643 0.000
v 562.511 -377.406 0.000
v 563.107 -378.190 0.000
v 563.669 -378.991 0.000
v 564.195 -379.807 0.000
v 564.684 -380.633 0.000
v 565.132 -381.467 0.000
v 565.538 -382.303 0.000
v 565.899 -383.140 0.000
v 566.213 -383.974 0.000
v 566.478 -384.800 0.000
v 566.691 -385.617 0.000
v 566.851 -386.419 0.000
v 566.954 -387.203 0.000
v 566.999 -387.966 0.000
v 566.985 -388.706 0.000
v 566.911 -389.422 0.000
v 566.780 -390.114 0.000
v 566.594 -390.785 0.000
v 566.355 -391.434 0.000
v 566.063 -392.064 0.000
v 565.722 -392.673 0.000
v 565.332 -393.265 0.000
v 564.897 -393.838 0.000
v 564.416 -394.396 0.000
v 563.893 -394.937 0.000
v 563.328 -395.463 0.000
v 562.724 -395.976 0.000
v 562.083 -396.475 0.000
v 561.406 -396.963 0.000
v 560.695 -397.439 0.000
v 559.952 -397.904 0.000
v 559.179 -398.360 0.000
v 558.377 -398.808 0.000
v 557.548 -399.248 0.000
v 556.695 -399.681 0.000
v 555.818 -400.108 0.000
v 554.919 -400.531 0.000
v 554.002 -400.949 0.000
v 553.066 -401.364 0.000
v 552.114 -401.777 0.000
v 551.148 -402.188 0.000
v 550.169 -402.599 0.000
v 549.180 -403.011 0.000
v 548.182 -403.423 0.000
v 547.176 -403.838 0.000
v 546.165 -404.256 0.000
v 545.151 -404.678 0.000
v 544.135 -405.105 0.000
v 543.119 -405.538 0.000
v 542.105 -405.978 0.000
v 541.094 -406.425 0.000
v 540.088 -406.881 0.000
v 539.090 -407.346 0.000
v 538.101 -407.821 0.000
v 537.122 -408.308 0.000
v 536.156 -408.807 0.000
v 535.204 -409.319 0.000
v 534.269 -409.845 0.000
v 533.351 -410.385 0.000
v 532.451 -410.940 0.000
v 531.569 -411.510 0.000
v 530.706 -412.094 0.000
v 529.861 -412.692 0.000
v 529.034 -413.303 0.000
v 528.224 -413.928 0.000
v 527.433 -414.565 0.000
v 526.659 -415.214 0.000
v 525.904 -415.876 0.000
v 525.165 -416.549 0.000
v 524.445 -417.234 0.000
v 523.742 -417.930 0.000
v 523.056 -418.636 0.000
v 522.388 -419.353 0.000
v 521.737 -420.080 0.000
v 521.103 -420.816 0.000
v 520.486 -421.562 0.000
v 519.886 -422.317 0.000
v 519.304 -423.080 0.000
v 518.738 -423.851 0.000
v 518.189 -424.631 0.000
v 517.657 -425.418 0.000
v 517.141 -426.212 0.000
v 516.642 -427.013 0.000
v 516.160 -427.821 0.000
v 515.694 -428.635 0.000
v 515.244 -429.455 0.000
v 514.811 -430.280 0.000
v 514.394 -431.110 0.000
v 513.993 -431.945 0.000
v 513.608 -432.785 0.000
v 513.240 -433.629 0.000
v 512.887 -434.476 0.000
v 512.550 -435.327 0.000
v 512.229 -436.181 0.000
v 511.923 -437.038 0.000
v 511.633 -437.897 0.000
v 511.359 -438.758 0.000
v 511.100 -439.621 0.000
v 510.857 -440.485 0.000
v 510.629 -441.350 0.000
v 510.416 -442.216 0.000
v 510.219 -443.082 0.000
v 510.036 -443.948 0.000
v 509.869 -444.814 0.000
v 509.717 -445.679 0.000
v 509.579 -446.543 0.000
v 509.456 -447.405 0.000
v 509.348 -448.266 0.000
v 509.255 -449.124 0.000
v 509.177 -449.981 0.000
v 509.112 -450.834 0.000
v 509.063 -451.684 0.000
v 509.027 -452.531 0.000
v 509.006 -453.373 0.000
v 509.000 -454.212 0.000
v 509.007 -455.046 0.000
v 509.028 -455.876 0.000
v 509.064 -456.701 0.000
v 509.113 -457.522 0.000
v 509.176 -458.338 0.000
v 509.253 -459.150 0.000
v 509.343 -459.958 0.000
v 509.446 -460.761 0.000
v 509.563 -461.560 0.000
v 509.694 -462.355 0.000
v 509.837 -463.145 0.000
v 509.993 -463.931 0.000
v 510.163 -464.713 0.000
v 510.345 -465.491 0.000
v 510.540 -466.264 0.000
v 510.748 -467.033 0.000
v 510.968 -467.797 0.000
v 511.201 -468.558 0.000
v 511.446 -469.314 0.000
v 511.704 -470.066 0.000
v 511.973 -470.813 0.000
v 512.255 -471.557 0.000
v 512.549 -472.296 0.000
v 512.854 -473.031 0.000
v 513.172 -473.763 0.000
v 513.501 -474.489 0.000
v 513.841 -475.212 0.000
v 514.194 -475.931 0.000
v 514.557 -476.645 0.000
v 514.932 -477.356 0.000
v 515.318 -478.062 0.000
v 515.715 -478.765 0.000
v 516.123 -479.463 0.000
v 516.542 -480.157 0.000
v 516.972 -480.847 0.000
v 517.412 -481.533 0.000
v 517.864 -482.216 0.000
v 518.325 -482.894 0.000
v 518.797 -483.568 0.000
v 519.280 -484.238 0.000
v 519.772 -484.904 0.000
v 520.275 -485.567 0.000
v 520.787 -486.225 0.000
v 521.310 -486.880 0.000
v 521.842 -487.530 0.000
v 522.385 -488.177 0.000
v 522.936 -488.820 0.000
v 523.498 -489.459 0.000
v 524.068 -490.094 0.000
v 524.648 -490.725 0.000
v 525.238 -491.352 0.000
v 525.836 -491.976 0.000
v 526.444 -492.596 0.000
v 527.060 -493.212 0.000
v 527.685 -493.824 0.000
v 528.319 -494.432 0.000
v 528.962 -495.037 0.000
v 529.613 -495.638 0.000
v 530.272 -496.235 0.000
v 530.940 -496.829 0.000
v 531.616 -497.418 0.000
v 532.301 -498.004 0.000
v 532.993 -498.587 0.000
v 533.693 -499.166 0.000
v 534.401 -499.741 0.000
v 535.117 -500.312 0.000
v 535.841 -500.880 0.000
v 536.572 -501.444 0.000
v 537.310 -502.004 0.000
v 538.056 -502.561 0.000
v 538.810 -503.115 0.000
v 539.570 -503.665 0.000
v 540.337 -504.211 0.000
v 541.112 -504.754 0.000
v 541.893 -505.293 0.000
v 542.681 -505.828 0.000
v 543.476 -506.360 0.000
v 544.277 -506.889 0.000
v 545.085 -507.414 0.000
v 545.899 -507.936 0.000
v 546.719 -508.454 0.000
v 547.546 -508.969 0.000
v 548.378 -509.480 0.000
v 549.217 -509.988 0.000
v 550.062 -510.493 0.000
v 550.912 -510.994 0.000
v 551.768 -511.491 0.000
v 552.629 -511.986 0.000
v 553.496 -512.477 0.000
v 554.369 -512.964 0.000
v 555.247 -513.449 0.000
v 556.130 -513.930 0.000
v 557.018 -514.407 0.000
v 557.911 -514.882 0.000
v 558.809 -515.353 0.000
v 559.711 -515.820 0.000
v 560.619 -516.285 0.000
v 561.531 -516.746 0.000
v 562.448 -517.204 0.000
v 563.369 -517.659 0.000
v 564.294 -518.111 0.000
v 565.223 -518.559 0.000
v 566.157 -519.004 0.000
v 567.095 -519.446 0.000
v 568.036 -519.885 0.000
v 568.982 -520.321 0.000
v 569.931 -520.753 0.000
v 570.883 -521.183 0.000
v 571.840 -521.609 0.000
v 572.799 -522.032 0.000
v 573.762 -522.453 0.000
v 574.728 -522.870 0.000
v 575.698 -523.284 0.000
v 576.670 -523.695 0.000
v 577.645 -524.103 0.000
v 578.624 -524.507 0.000
v 579.605 -524.909 0.000
v 580.588 -525.308 0.000
v 581.574 -525.704 0.000
v 582.563 -526.097 0.000
v 583.554 -526.487 0.000
v 584.547 -526.874 0.000
v 585.542 -527.258 0.000
v 586.539 -527.639 0.000
v 587.538 -528.017 0.000
v 588.540 -528.393 0.000
v 589.542 -528.765 0.000
v 590.547 -529.135 0.000
v 591.553 -529.501 0.000
v 592.560 -529.865 0.000
v 593.569 -530.226 0.000
v 594.580 -530.584 0.000
v 595.591 -530.940 0.000
v 596.603 -531.292 0.000
v 597.617 -531.642 0.000
v 598.631 -531.989 0.000
v 599.646 -532.333 0.000
v 600.661 -532.674 0.000
v 601.678 -533.013 0.000
v 602.694 -533.349 0.000
v 603.711 -533.682 0.000
v 604.729 -534.013 0.000
v 605.746 -534.341 0.000
v 606.764 -534.666 0.000
v 607.782 -534.988 0.000
v 608.799 -535.308 0.000
v 609.816 -535.625 0.000
v 610.833 -535.940 0.000
v 611.850 -536.252 0.000
v 612.866 -536.561 0.000
v 613.881 -536.868 0.000
v 614.896 -537.172 0.000
v 615.910 -537.474 0.000
v 616.923 -537.773 0.000
v 617.935 -538.069 0.000
v 618.946 -538.363 0.000
v 619.956 -538.655 0.000
v 620.964 -538.944 0.000
v 621.971 -539.230 0.000
v 622.977 -539.514 0.000
v 623.981 -539.795 0.000
v 624.983 -540.074 0.000
v 625.983 -540.351 0.000
v 626.982 -540.625 0.000
v 627.979 -540.897 0.000
v 628.973 -541.166 0.000
v 629.966 -541.433 0.000
v 630.956 -541.698 0.000
v 631.943 -541.960 0.000
v 632.929 -542.220 0.000
v 633.911 -542.477 0.000
v 634.891 -542.732 0.000
v 635.868 -542.985 0.000
v 636.843 -543.236 0.000
v 637.814 -543.484 0.000
v 638.782 -543.730 0.000
v 639.748 -543.973 0.000
v 640.709 -544.215 0.000
v 641.668 -544.454 0.000
v 642.623 -544.691 0.000
v 643.575 -544.925 0.000
v 644.522 -545.158 0.000
v 645.467 -545.388 0.000
v 646.407 -545.616 0.000
v 647.343 -545.842 0.000
v 648.275 -546.066 0.000
v 649.203 -546.288 0.000
v 650.128 -546.507 0.000
v 651.048 -546.725 0.000
v 651.964 -546.941 0.000
v 652.877 -547.156 0.000
v 653.786 -547.369 0.000
v 654.692 -547.580 0.000
v 655.594 -547.791 0.000
v 656.493 -548.000 0.000
v 657.389 -548.208 0.000
v 658.281 -548.416 0.000
v 659.171 -548.623 0.000
v 660.058 -548.829 0.000
v 660.941 -549.035 0.000
v 661.822 -549.240 0.000
v 662.701 -549.446 0.000
v 663.577 -549.651 0.000
v 664.450 -549.856 0.000
v 665.321 -550.062 0.000
v 666.190 -550.268 0.000
v 667.056 -550.474 0.000
v 667.921 -550.681 0.000
v 668.783 -550.888 0.000
v 669.644 -551.097 0.000
v 670.503 -551.306 0.000
v 671.360 -551.516 0.000
v 672.216 -551.728 0.000
v 673.070 -551.941 0.000
v 673.923 -552.155 0.000
v 674.774 -552.371 0.000
v 675.624 -552.589 0.000
v 676.474 -552.809 0.000
v 677.322 -553.030 0.000
v 678.169 -553.254 0.000
v 679.015 -553.480 0.000
v 679.861 -553.708 0.000
v 680.706 -553.939 0.000
v 681.551 -554.172 0.000
v 682.395 -554.409 0.000
v 683.239 -554.648 0.000
v 684.082 -554.890 0.000
v 684.926 -555.135 0.000
v 685.769 -555.383 0.000
v 686.612 -555.635 0.000
v 687.456 -555.891 0.000
v 688.300 -556.150 0.000
v 689.144 -556.412 0.000
v 689.988 -556.679 0.000
v 690.834 -556.950 0.000
v 691.679 -557.225 0.000
v 692.526 -557.504 0.000
v 693.373 -557.787 0.000
v 694.221 -558.076 0.000
v 695.070 -558.368 0.000
v 695.920 -558.666 0.000
v 696.771 -558.968 0.000
v 697.622 -559.275 0.000
v 698.473 -559.587 0.000
v 699.324 -559.904 0.000
v 700.175 -560.226 0.000
v 701.026 -560.553 0.000
v 701.877 -560.885 0.000
v 702.727 -561.222 0.000
v 703.576 -561.564 0.000
v 704.424 -561.912 0.000
v 705.271 -562.265 0.000
v 706.117 -562.623 0.000
v 706.961 -562.987 0.000
v 707.804 -563.356 0.000
v 708.644 -563.731 0.000
v 709.483 -564.111 0.000
v 710.320 -564.497 0.000
v 711.154 -564.888 0.000
v 711.986 -565.286 0.000
v 712.815 -565.689 0.000
v 713.641 -566.098 0.000
v 714.464 -566.513 0.000
v 715.284 -566.934 0.000
v 716.101 -567.361 0.000
v 716.914 -567.794 0.000
v 717.723 -568.234 0.000
v 718.529 -568.679 0.000
v 719.330 -569.131 0.000
v 720.127 -569.589 0.000
v 720.920 -570.053 0.000
v 721.708 -570.524 0.000
v 722.492 -571.001 0.000
v 723.270 -571.485 0.000
v 724.044 -571.976 0.000
v 724.812 -572.473 0.000
v 725.575 -572.977 0.000
v 726.332 -573.487 0.000
v 727.083 -574.004 0.000
v 727.828 -574.529 0.000
v 728.568 -575.060 0.000
v 729.300 -575.598 0.000
v 730.027 -576.143 0.000
v 730.747 -576.695 0.000
v 731.460 -577.254 0.000
v 732.166 -577.821 0.000
v 732.864 -578.395 0.000
v 733.556 -578.976 0.000
v 734.240 -579.564 0.000
v 734.916 -580.160 0.000
v 735.584 -580.763 0.000
v 736.244 -581.374 0.000
v 736.897 -581.993 0.000
v 737.540 -582.619 0.000
v 738.175 -583.252 0.000
v 738.802 -583.894 0.000
v 739.419 -584.543 0.000
v 740.028 -585.200 0.000
v 740.627 -585.865 0.000
v 741.217 -586.539 0.000
v 741.797 -587.220 0.000
v 742.368 -587.909 0.000
v 742.928 -588.606 0.000
v 743.479 -589.312 0.000
v 744.019 -590.025 0.000
v 744.549 -590.747 0.000
v 745.068 -591.477 0.000
v 745.577 -592.215 0.000
v 746.075 -592.961 0.000
v 746.562 -593.715 0.000
v 747.040 -594.476 0.000
v 747.506 -595.244 0.000
v 747.962 -596.019 0.000
v 748.407 -596.801 0.000
v 748.842 -597.590 0.000
v 749.266 -598.386 0.000
v 749.679 -599.188 0.000
v 750.081 -599.996 0.000
v 750.473 -600.810 0.000
v 750.853 -601.630 0.000
v 751.223 -602.456 0.000
v 751.582 -603.288 0.000
v 751.930 -604.125 0.000
v 752.268 -604.967 0.000
v 752.594 -605.814 0.000
v 752.909 -606.666 0.000
v 753.214 -607.523 0.000
v 753.507 -608.385 0.000
v 753.789 -609.251 0.000
v 754.061 -610.121 0.000
v 754.321 -610.995 0.000
v 754.570 -611.873 0.000
v 754.808 -612.754 0.000
v 755.035 -613.639 0.000
v 755.250 -614.528 0.000
v 755.454 -615.420 0.000
v 755.647 -616.314 0.000
v 755.829 -617.212 0.000
v 756.000 -618.112 0.000
v 756.159 -619.015 0.000
v 756.307 -619.920 0.000
v 756.443 -620.827 0.000
v 756.568 -621.737 0.000
v 756.682 -622.648 0.000
v 756.784 -623.561 0.000
v 756.875 -624.475 0.000
v 756.954 -625.391 0.000
v 757.021 -626.307 0.000
v 757.077 -627.225 0.000
v 757.122 -628.144 0.000
v 757.155 -629.063 0.000
v 757.176 -629.983 0.000
v 757.186 -630.903 0.000
v 757.184 -631.823 0.000
v 757.170 -632.743 0.000
v 757.144 -633.663 0.000
v 757.107 -634.582 0.000
v 757.058 -635.501 0.000
v 756.997 -636.420 0.000
v 756.924 -637.337 0.000
v 756.840 -638.253 0.000
v 756.743 -639.169 0.000
v 756.635 -640.082 0.000
v 756.514 -640.994 0.000
v 756.382 -641.905 0.000
v 756.237 -642.813 0.000
v 756.081 -643.720 0.000
v 755.913 -644.624 0.000
v 755.732 -645.526 0.000
v 755.540 -646.425 0.000
v 755.335 -647.321 0.000
v 755.118 -648.215 0.000
v 754.889 -649.105 0.000
v 754.648 -649.992 0.000
v 754.394 -650.876 0.000
v 754.128 -651.756 0.000
v 753.850 -652.633 0.000
v 753.560 -653.505 0.000
v 753.257 -654.373 0.000
v 752.942 -655.237 0.000
v 752.615 -656.097 0.000
v 752.275 -656.952 0.000
v 751.923 -657.802 0.000
v 751.558 -658.647 0.000
v 751.181 -659.487 0.000
v 750.791 -660.322 0.000
v 750.389 -661.151 0.000
v 749.974 -661.975 0.000
v 749.547 -662.792 0.000
v 749.107 -663.604 0.000
v 748.654 -664.410 0.000
v 748.189 -665.209 0.000
v 747.711 -666.002 0.000
v 747.220 -666.788 0.000
v 746.717 -667.568 0.000
v 746.201 -668.340 0.000
v 745.672 -669.105 0.000
v 745.130 -669.863 0.000
v 744.575 -670.613 0.000
v 744.007 -671.356 0.000
v 743.427 -672.091 0.000
v 742.833 -672.817 0.000
v 742.227 -673.536 0.000
v 741.608 -674.246 0.000
v 740.975 -674.948 0.000
v 740.330 -675.641 0.000
v 739.672 -676.325 0.000
v 739.000 -677.000 0.000
v 63.000 -507.000 0.000
v 63.747 -507.708 0.000
v 64.499 -508.415 0.000
v 65.256 -509.121 0.000
v 66.018 -509.826 0.000
v 66.784 -510.530 0.000
v 67.554 -511.233 0.000
v 68.330 -511.935 0.000
v 69.109 -512.635 0.000
v 69.894 -513.335 0.000
v 70.683 -514.033 0.000
v 71.476 -514.730 0.000
v 72.274 -515.426 0.000
v 73.076 -516.120 0.000
v 73.882 -516.813 0.000
v 74.693 -517.505 0.000
v 75.508 -518.194 0.000
v 76.327 -518.883 0.000
v 77.151 -519.569 0.000
v 77.978 -520.254 0.000
v 78.810 -520.937 0.000
v 79.646 -521.618 0.000
v 80.486 -522.298 0.000
v 81.331 -522.975 0.000
v 82.179 -523.651 0.000
v 83.031 -524.324 0.000
v 83.887 -524.996 0.000
v 84.747 -525.665 0.000
v 85.611 -526.332 0.000
v 86.479 -526.997 0.000
v 87.351 -527.659 0.000
v 88.226 -528.320 0.000
v 89.106 -528.978 0.000
v 89.989 -529.633 0.000
v 90.876 -530.286 0.000
v 91.766 -530.937 0.000
v 92.660 -531.585 0.000
v 93.558 -532.230 0.000
v 94.459 -532.872 0.000
v 95.364 -533.512 0.000
v 96.272 -534.149 0.000
v 97.184 -534.784 0.000
v 98.100 -535.415 0.000
v 99.018 -536.043 0.000
v 99.940 -536.669 0.000
v 100.866 -537.291 0.000
v 101.795 -537.910 0.000
v 102.727 -538.526 0.000
v 103.662 -539.139 0.000
v 104.601 -539.749 0.000
v 105.543 -540.355 0.000
v 106.488 -540.958 0.000
v 107.436 -541.558 0.000
v 108.387 -542.154 0.000
v 109.341 -542.746 0.000
v 110.299 -543.335 0.000
v 111.259 -543.921 0.000
v 112.222 -544.502 0.000
v 113.189 -545.080 0.000
v 114.158 -545.655 0.000
v 115.130 -546.225 0.000
v 116.105 -546.791 0.000
v 117.082 -547.354 0.000
v 118.063 -547.913 0.000
v 119.046 -548.467 0.000
v 120.032 -549.018 0.000
v 121.021 -549.564 0.000
v 122.012 -550.106 0.000
v 123.006 -550.644 0.000
v 124.003 -551.178 0.000
v 125.002 -551.707 0.000
v 126.003 -552.232 0.000
v 127.007 -552.753 0.000
v 128.014 -553.269 0.000
v 129.023 -553.781 0.000
v 130.034 -554.287 0.000
v 131.048 -554.790 0.000
v 132.064 -555.287 0.000
v 133.082 -555.780 0.000
v 134.103 -556.268 0.000
v 135.126 -556.751 0.000
v 136.151 -557.229 0.000
v 137.178 -557.703 0.000
v 138.208 -558.171 0.000
v 139.239 -558.634 0.000
v 140.273 -559.092 0.000
v 141.309 -559.545 0.000
v 142.346 -559.993 0.000
v 143.386 -560.435 0.000
v 144.427 -560.873 0.000
v 145.471 -561.304 0.000
v 146.516 -561.731 0.000
v 147.564 -562.152 0.000
v 148.613 -562.567 0.000
v 149.664 -562.977 0.000
v 150.716 -563.381 0.000
v 151.770 -563.779 0.000
v 152.826 -564.172 0.000
v 153.884 -564.559 0.000
v 154.944 -564.940 0.000
v 156.004 -565.316 0.000
v 157.067 -565.685 0.000
v 158.131 -566.048 0.000
v 159.196 -566.406 0.000
v 160.263 -566.757 0.000
v 161.332 -567.102 0.000
v 162.402 -567.441 0.000
v 163.473 -567.773 0.000
v 164.545 -568.100 0.000
v 165.619 -568.420 0.000
v 166.694 -568.733 0.000
v 167.771 -569.041 0.000
v 168.848 -569.341 0.000
v 169.927 -569.635 0.000
v 171.007 -569.923 0.000
v 172.088 -570.204 0.000
v 173.170 -570.478 0.000
v 174.253 -570.745 0.000
v 175.337 -571.006 0.000
v 176.422 -571.259 0.000
v 177.509 -571.506 0.000
v 178.596 -571.746 0.000
v 179.683 -571.979 0.000
v 180.772 -572.204 0.000
v 181.862 -572.423 0.000
v 182.952 -572.634 0.000
v 184.043 -572.838 0.000
v 185.135 -573.035 0.000
v 186.228 -573.225 0.000
v 187.321 -573.407 0.000
v 188.415 -573.582 0.000
v 189.510 -573.749 0.000
v 190.605 -573.909 0.000
v 191.700 -574.061 0.000
v 192.796 -574.206 0.000
v 193.893 -574.343 0.000
v 194.990 -574.472 0.000
v 196.087 -574.593 0.000
v 197.185 -574.707 0.000
v 198.283 -574.812 0.000
v 199.382 -574.910 0.000
v 200.481 -574.999 0.000
v 201.580 -575.081 0.000
v 202.679 -575.155 0.000
v 203.778 -575.220 0.000
v 204.878 -575.277 0.000
v 205.977 -575.326 0.000
v 207.077 -575.366 0.000
v 208.177 -575.399 0.000
v 209.277 -575.422 0.000
v 210.377 -575.438 0.000
v 211.476 -575.445 0.000
v 212.576 -575.443 0.000
v 213.676 -575.433 0.000
v 214.775 -575.414 0.000
v 215.875 -575.386 0.000
v 216.974 -575.349 0.000
v 218.073 -575.304 0.000
v 219.171 -575.250 0.000
v 220.270 -575.187 0.000
v 221.368 -575.115 0.000
v 222.465 -575.033 0.000
v 223.562 -574.943 0.000
v 224.659 -574.844 0.000
v 225.756 -574.735 0.000
v 226.852 -574.618 0.000
v 227.947 -574.491 0.000
v 229.042 -574.354 0.000
v 230.136 -574.208 0.000
v 231.230 -574.053 0.000
v 232.323 -573.888 0.000
v 233.415 -573.714 0.000
v 234.506 -573.530 0.000
v 235.597 -573.337 0.000
v 236.687 -573.134 0.000
v 237.777 -572.921 0.000
v 238.865 -572.698 0.000
v 239.952 -572.465 0.000
v 241.039 -572.223 0.000
v 242.125 -571.970 0.000
v 243.209 -571.708 0.000
v 244.293 -571.435 0.000
v 245.374 -571.153 0.000
v 246.454 -570.859 0.000
v 247.532 -570.556 0.000
v 248.606 -570.242 0.000
v 249.678 -569.917 0.000
v 250.747 -569.582 0.000
v 251.812 -569.236 0.000
v 252.874 -568.879 0.000
v 253.931 -568.511 0.000
v 254.983 -568.132 0.000
v 256.031 -567.742 0.000
v 257.074 -567.340 0.000
v 258.111 -566.927 0.000
v 259.142 -566.503 0.000
v 260.167 -566.067 0.000
v 261.186 -565.619 0.000
v 262.198 -565.160 0.000
v 263.203 -564.688 0.000
v 264.201 -564.205 0.000
v 265.191 -563.710 0.000
v 266.173 -563.202 0.000
v 267.147 -562.682 0.000
v 268.112 -562.150 0.000
v 269.067 -561.606 0.000
v 270.014 -561.048 0.000
v 270.951 -560.479 0.000
v 271.878 -559.896 0.000
v 272.795 -559.301 0.000
v 273.702 -558.692 0.000
v 274.597 -558.071 0.000
v 275.481 -557.436 0.000
v 276.354 -556.789 0.000
v 277.215 -556.127 0.000
v 278.064 -555.453 0.000
v 278.900 -554.765 0.000
v 279.723 -554.063 0.000
v 280.534 -553.347 0.000
v 281.331 -552.618 0.000
v 282.114 -551.875 0.000
v 282.883 -551.118 0.000
v 283.638 -550.346 0.000
v 284.379 -549.561 0.000
v 285.106 -548.763 0.000
v 285.820 -547.953 0.000
v 286.522 -547.130 0.000
v 287.213 -546.296 0.000
v 287.892 -545.451 0.000
v 288.560 -544.595 0.000
v 289.218 -543.730 0.000
v 289.866 -542.855 0.000
v 290.506 -541.972 0.000
v 291.136 -541.080 0.000
v 291.759 -540.181 0.000
v 292.374 -539.275 0.000
v 292.982 -538.362 0.000
v 293.584 -537.444 0.000
v 294.180 -536.519 0.000
v 294.771 -535.590 0.000
v 295.357 -534.657 0.000
v 295.938 -533.720 0.000
v 296.516 -532.779 0.000
v 297.091 -531.836 0.000
v 297.663 -530.891 0.000
v 298.233 -529.944 0.000
v 298.801 -528.996 0.000
v 299.368 -528.048 0.000
v 299.935 -527.099 0.000
v 300.502 -526.152 0.000
v 301.070 -525.205 0.000
v 301.639 -524.260 0.000
v 302.209 -523.318 0.000
v 302.782 -522.378 0.000
v 303.358 -521.441 0.000
v 303.936 -520.509 0.000
v 304.519 -519.580 0.000
v 305.106 -518.657 0.000
v 305.698 -517.740 0.000
v 306.296 -516.828 0.000
v 306.899 -515.923 0.000
v 307.509 -515.025 0.000
v 308.126 -514.136 0.000
v 308.751 -513.254 0.000
v 309.384 -512.381 0.000
v 310.026 -511.518 0.000
v 310.677 -510.664 0.000
v 311.338 -509.821 0.000
v 312.009 -508.989 0.000
v 312.691 -508.168 0.000
v 313.384 -507.359 0.000
v 314.087 -506.562 0.000
v 314.801 -505.775 0.000
v 315.525 -504.999 0.000
v 316.259 -504.234 0.000
v 317.003 -503.480 0.000
v 317.757 -502.736 0.000
v 318.520 -502.003 0.000
v 319.294 -501.280 0.000
v 320.076 -500.567 0.000
v 320.868 -499.864 0.000
v 321.669 -499.171 0.000
v 322.479 -498.488 0.000
v 323.298 -497.814 0.000
v 324.125 -497.149 0.000
v 324.961 -496.494 0.000
v 325.805 -495.848 0.000
v 326.658 -495.210 0.000
v 327.518 -494.582 0.000
v 328.387 -493.962 0.000
v 329.263 -493.351 0.000
v 330.147 -492.747 0.000
v 331.038 -492.153 0.000
v 331.937 -491.566 0.000
v 332.843 -490.987 0.000
v 333.756 -490.415 0.000
v 334.676 -489.852 0.000
v 335.602 -489.296 0.000
v 336.535 -488.747 0.000
v 337.475 -488.205 0.000
v 338.421 -487.671 0.000
v 339.373 -487.143 0.000
v 340.331 -486.622 0.000
v 341.295 -486.107 0.000
v 342.265 -485.599 0.000
v 343.240 -485.097 0.000
v 344.221 -484.602 0.000
v 345.206 -484.112 0.000
v 346.197 -483.628 0.000
v 347.193 -483.150 0.000
v 348.194 -482.678 0.000
v 349.200 -482.211 0.000
v 350.210 -481.749 0.000
v 351.224 -481.292 0.000
v 352.243 -480.840 0.000
v 353.265 -480.393 0.000
v 354.292 -479.951 0.000
v 355.322 -479.513 0.000
v 356.356 -479.079 0.000
v 357.394 -478.650 0.000
v 358.435 -478.225 0.000
v 359.479 -477.804 0.000
v 360.526 -477.386 0.000
v 361.576 -476.973 0.000
v 362.629 -476.562 0.000
v 363.684 -476.155 0.000
v 364.742 -475.752 0.000
v 365.802 -475.351 0.000
v 366.864 -474.953 0.000
v 367.929 -474.558 0.000
v 368.995 -474.166 0.000
v 370.063 -473.776 0.000
v 371.132 -473.388 0.000
v 372.203 -473.002 0.000
v 373.275 -472.619 0.000
v 374.349 -472.237 0.000
v 375.423 -471.857 0.000
v 376.498 -471.479 0.000
v 377.574 -471.102 0.000
v 378.650 -470.727 0.000
v 379.727 -470.352 0.000
v 380.804 -469.979 0.000
v 381.881 -469.606 0.000
v 382.958 -469.234 0.000
v 384.035 -468.863 0.000
v 385.111 -468.492 0.000
v 386.187 -468.121 0.000
v 387.262 -467.751 0.000
v 388.337 -467.380 0.000
v 389.411 -467.009 0.000
v 390.483 -466.638 0.000
v 391.554 -466.267 0.000
v 392.624 -465.894 0.000
v 393.693 -465.521 0.000
v 394.759 -465.147 0.000
v 395.824 -464.772 0.000
v 396.887 -464.396 0.000
v 397.948 -464.019 0.000
v 399.006 -463.640 0.000
v 400.063 -463.259 0.000
v 401.117 -462.878 0.000
v 402.169 -462.495 0.000
v 403.219 -462.112 0.000
v 404.268 -461.729 0.000
v 405.314 -461.345 0.000
v 406.359 -460.961 0.000
v 407.403 -460.576 0.000
v 408.445 -460.193 0.000
v 409.486 -459.809 0.000
v 410.525 -459.426 0.000
v 411.563 -459.045 0.000
v 412.600 -458.664 0.000
v 413.636 -458.284 0.000
v 414.672 -457.906 0.000
v 415.706 -457.529 0.000
v 416.739 -457.155 0.000
v 417.772 -456.782 0.000
v 418.805 -456.412 0.000
v 419.836 -456.044 0.000
v 420.868 -455.678 0.000
v 421.899 -455.316 0.000
v 422.930 -454.956 0.000
v 423.961 -454.600 0.000
v 424.992 -454.247 0.000
v 426.023 -453.897 0.000
v 427.054 -453.552 0.000
v 428.085 -453.210 0.000
v 429.117 -452.873 0.000
v 430.149 -452.540 0.000
v 431.181 -452.212 0.000
v 432.215 -451.888 0.000
v 433.249 -451.570 0.000
v 434.283 -451.257 0.000
v 435.319 -450.949 0.000
v 436.356 -450.646 0.000
v 437.393 -450.350 0.000
v 438.432 -450.059 0.000
v 439.472 -449.775 0.000
v 440.513 -449.496 0.000
v 441.556 -449.225 0.000
v 442.600 -448.960 0.000
v 443.646 -448.702 0.000
v 444.694 -448.452 0.000
v 445.743 -448.209 0.000
v 446.795 -447.973 0.000
v 447.848 -447.745 0.000
v 448.903 -447.525 0.000
v 449.961 -447.313 0.000
v 451.020 -447.110 0.000
v 452.082 -446.915 0.000
v 453.147 -446.728 0.000
v 454.214 -446.551 0.000
v 455.283 -446.383 0.000
v 456.356 -446.224 0.000
v 457.431 -446.075 0.000
v 458.508 -445.935 0.000
v 459.589 -445.806 0.000
v 460.673 -445.686 0.000
v 461.758 -445.576 0.000
v 462.847 -445.476 0.000
v 463.937 -445.386 0.000
v 465.029 -445.305 0.000
v 466.124 -445.235 0.000
v 467.219 -445.175 0.000
v 468.317 -445.125 0.000
v 469.415 -445.084 0.000
v 470.515 -445.054 0.000
v 471.616 -445.034 0.000
v 472.717 -445.023 0.000
v 473.819 -445.023 0.000
v 474.922 -445.033 0.000
v 476.025 -445.053 0.000
v 477.128 -445.084 0.000
v 478.231 -445.124 0.000
v 479.334 -445.174 0.000
v 480.436 -445.235 0.000
v 481.538 -445.306 0.000
v 482.639 -445.387 0.000
v 483.739 -445.479 0.000
v 484.838 -445.580 0.000
v 485.936 -445.692 0.000
v 487.033 -445.814 0.000
v 488.128 -445.947 0.000
v 489.221 -446.090 0.000
v 490.312 -446.243 0.000
v 491.401 -446.407 0.000
v 492.488 -446.581 0.000
v 493.573 -446.765 0.000
v 494.655 -446.960 0.000
v 495.734 -447.165 0.000
v 496.810 -447.381 0.000
v 497.883 -447.607 0.000
v 498.953 -447.844 0.000
v 500.019 -448.091 0.000
v 501.082 -448.348 0.000
v 502.141 -448.617 0.000
v 503.196 -448.896 0.000
v 504.247 -449.185 0.000
v 505.293 -449.485 0.000
v 506.335 -449.796 0.000
v 507.373 -450.117 0.000
v 508.406 -450.449 0.000
v 509.434 -450.791 0.000
v 510.457 -451.144 0.000
v 511.476 -451.507 0.000
v 512.491 -451.880 0.000
v 513.501 -452.263 0.000
v 514.506 -452.655 0.000
v 515.508 -453.058 0.000
v 516.505 -453.470 0.000
v 517.498 -453.891 0.000
v 518.487 -454.322 0.000
v 519.471 -454.761 0.000
v 520.452 -455.210 0.000
v 521.428 -455.668 0.000
v 522.401 -456.134 0.000
v 523.370 -456.609 0.000
v 524.335 -457.093 0.000
v 525.296 -457.584 0.000
v 526.254 -458.084 0.000
v 527.208 -458.593 0.000
v 528.158 -459.109 0.000
v 529.105 -459.632 0.000
v 530.049 -460.164 0.000
v 530.989 -460.703 0.000
v 531.926 -461.250 0.000
v 532.859 -461.803 0.000
v 533.789 -462.364 0.000
v 534.716 -462.932 0.000
v 535.640 -463.507 0.000
v 536.561 -464.089 0.000
v 537.479 -464.677 0.000
v 538.394 -465.271 0.000
v 539.306 -465.872 0.000
v 540.215 -466.480 0.000
v 541.122 -467.093 0.000
v 542.026 -467.712 0.000
v 542.927 -468.337 0.000
v 543.825 -468.968 0.000
v 544.721 -469.604 0.000
v 545.615 -470.246 0.000
v 546.506 -470.893 0.000
v 547.395 -471.545 0.000
v 548.281 -472.202 0.000
v 549.166 -472.864 0.000
v 550.048 -473.531 0.000
v 550.927 -474.203 0.000
v 551.805 -474.879 0.000
v 552.681 -475.559 0.000
v 553.555 -476.243 0.000
v 554.427 -476.932 0.000
v 555.297 -477.624 0.000
v 556.165 -478.321 0.000
v 557.032 -479.021 0.000
v 557.897 -479.724 0.000
v 558.760 -480.431 0.000
v 559.622 -481.142 0.000
v 560.482 -481.855 0.000
v 561.341 -482.572 0.000
v 562.199 -483.291 0.000
v 563.055 -484.013 0.000
v 563.910 -484.738 0.000
v 564.763 -485.465 0.000
v 565.616 -486.195 0.000
v 566.467 -486.927 0.000
v 567.317 -487.660 0.000
v 568.167 -488.396 0.000
v 569.015 -489.134 0.000
v 569.863 -489.873 0.000
v 570.710 -490.614 0.000
v 571.556 -491.357 0.000
v 572.401 -492.100 0.000
v 573.246 -492.845 0.000
v 574.090 -493.591 0.000
v 574.934 -494.338 0.000
v 575.777 -495.085 0.000
v 576.620 -495.834 0.000
v 577.462 -496.582 0.000
v 578.304 -497.331 0.000
v 579.146 -498.080 0.000
v 579.988 -498.830 0.000
v 580.830 -499.579 0.000
v 581.671 -500.328 0.000
v 582.513 -501.077 0.000
v 583.354 -501.825 0.000
v 584.196 -502.573 0.000
v 585.038 -503.320 0.000
v 585.880 -504.067 0.000
v 586.723 -504.812 0.000
v 587.565 -505.556 0.000
v 588.409 -506.299 0.000
v 589.252 -507.041 0.000
v 590.096 -507.781 0.000
v 590.941 -508.519 0.000
v 591.787 -509.256 0.000
v 592.633 -509.991 0.000
v 593.480 -510.724 0.000
v 594.327 -511.454 0.000
v 595.176 -512.183 0.000
v 596.025 -512.908 0.000
v 596.876 -513.632 0.000
v 597.727 -514.352 0.000
v 598.580 -515.070 0.000
v 599.433 -515.785 0.000
v 600.288 -516.497 0.000
v 601.144 -517.205 0.000
v 602.002 -517.910 0.000
v 602.861 -518.612 0.000
v 603.721 -519.310 0.000
v 604.583 -520.004 0.000
v 605.446 -520.695 0.000
v 606.311 -521.381 0.000
v 607.178 -522.063 0.000
v 608.046 -522.741 0.000
v 608.916 -523.415 0.000
v 609.788 -524.084 0.000
v 610.662 -524.748 0.000
v 611.538 -525.407 0.000
v 612.416 -526.062 0.000
v 613.296 -526.711 0.000
v 614.178 -527.355 0.000
v 615.062 -527.994 0.000
v 615.949 -528.627 0.000
v 616.838 -529.255 0.000
v 617.729 -529.877 0.000
v 618.623 -530.493 0.000
v 619.519 -531.103 0.000
v 620.417 -531.706 0.000
v 621.319 -532.304 0.000
v 622.223 -532.895 0.000
v 623.129 -533.480 0.000
v 624.038 -534.058 0.000
v 624.951 -534.629 0.000
v 625.866 -535.193 0.000
v 626.784 -535.750 0.000
v 627.705 -536.300 0.000
v 628.629 -536.842 0.000
v 629.556 -537.377 0.000
v 630.486 -537.904 0.000
v 631.420 -538.424 0.000
v 632.357 -538.936 0.000
v 633.297 -539.439 0.000
v 634.240 -539.935 0.000
v 635.187 -540.422 0.000
v 636.138 -540.901 0.000
v 637.092 -541.371 0.000
v 638.050 -541.833 0.000
v 639.011 -542.286 0.000
v 639.976 -542.729 0.000
v 640.945 -543.164 0.000
v 641.918 -543.590 0.000
v 642.895 -544.006 0.000
v 643.876 -544.413 0.000
v 644.861 -544.810 0.000
v 645.849 -545.197 0.000
v 646.842 -545.575 0.000
v 647.840 -545.942 0.000
v 648.841 -546.299 0.000
v 649.847 -546.647 0.000
v 650.856 -546.985 0.000
v 651.870 -547.314 0.000
v 652.887 -547.635 0.000
v 653.908 -547.948 0.000
v 654.933 -548.253 0.000
v 655.961 -548.550 0.000
v 656.993 -548.841 0.000
v 658.027 -549.126 0.000
v 659.065 -549.404 0.000
v 660.105 -549.678 0.000
v 661.149 -549.946 0.000
v 662.195 -550.209 0.000
v 663.244 -550.468 0.000
v 664.295 -550.723 0.000
v 665.349 -550.975 0.000
v 666.404 -551.224 0.000
v 667.462 -551.471 0.000
v 668.522 -551.715 0.000
v 669.584 -551.958 0.000
v 670.647 -552.199 0.000
v 671.712 -552.440 0.000
v 672.779 -552.681 0.000
v 673.846 -552.921 0.000
v 674.916 -553.162 0.000
v 675.986 -553.404 0.000
v 677.057 -553.647 0.000
v 678.129 -553.892 0.000
v 679.202 -554.139 0.000
v 680.276 -554.389 0.000
v 681.350 -554.642 0.000
v 682.424 -554.898 0.000
v 683.499 -555.158 0.000
v 684.573 -555.423 0.000
v 685.648 -555.692 0.000
v 686.723 -555.967 0.000
v 687.798 -556.247 0.000
v 688.872 -556.534 0.000
v 689.945 -556.826 0.000
v 691.019 -557.126 0.000
v 692.091 -557.433 0.000
v 693.163 -557.748 0.000
v 694.233 -558.071 0.000
v 695.303 -558.403 0.000
v 696.371 -558.743 0.000
v 697.438 -559.092 0.000
v 698.502 -559.450 0.000
v 699.565 -559.816 0.000
v 700.625 -560.191 0.000
v 701.683 -560.576 0.000
v 702.738 -560.969 0.000
v 703.789 -561.371 0.000
v 704.838 -561.782 0.000
v 705.882 -562.203 0.000
v 706.923 -562.633 0.000
v 707.960 -563.071 0.000
v 708.992 -563.520 0.000
v 710.020 -563.977 0.000
v 711.043 -564.445 0.000
v 712.061 -564.921 0.000
v 713.073 -565.407 0.000
v 714.080 -565.903 0.000
v 715.081 -566.409 0.000
v 716.076 -566.924 0.000
v 717.065 -567.449 0.000
v 718.046 -567.984 0.000
v 719.021 -568.529 0.000
v 719.989 -569.083 0.000
v 720.950 -569.648 0.000
v 721.903 -570.223 0.000
v 722.848 -570.808 0.000
v 723.785 -571.404 0.000
v 724.713 -572.009 0.000
v 725.633 -572.625 0.000
v 726.544 -573.251 0.000
v 727.446 -573.888 0.000
v 728.339 -574.535 0.000
v 729.222 -575.193 0.000
v 730.095 -575.862 0.000
v 730.958 -576.541 0.000
v 731.811 -577.231 0.000
v 732.653 -577.931 0.000
v 733.484 -578.643 0.000
v 734.304 -579.365 0.000
v 735.112 -580.099 0.000
v 735.909 -580.843 0.000
v 736.694 -581.599 0.000
v 737.467 -582.366 0.000
v 738.228 -583.144 0.000
v 738.976 -583.933 0.000
v 739.711 -584.733 0.000
v 740.433 -585.545 0.000
v 741.142 -586.369 0.000
v 741.837 -587.204 0.000
v 742.518 -588.050 0.000
v 743.185 -588.908 0.000
v 743.837 -589.778 0.000
v 744.475 -590.660 0.000
v 745.098 -591.553 0.000
v 745.707 -592.457 0.000
v 746.300 -593.372 0.000
v 746.879 -594.298 0.000
v 747.442 -595.235 0.000
v 747.991 -596.181 0.000
v 748.524 -597.137 0.000
v 749.043 -598.103 0.000
v 749.545 -599.078 0.000
v 750.033 -600.062 0.000
v 750.505 -601.054 0.000
v 750.962 -602.055 0.000
v 751.403 -603.064 0.000
v 751.829 -604.080 0.000
v 752.239 -605.104 0.000
v 752.633 -606.135 0.000
v 753.011 -607.173 0.000
v 753.374 -608.218 0.000
v 753.721 -609.269 0.000
v 754.051 -610.325 0.000
v 754.366 -611.388 0.000
v 754.665 -612.456 0.000
v 754.947 -613.529 0.000
v 755.213 -614.607 0.000
v 755.463 -615.689 0.000
v 755.696 -616.775 0.000
v 755.913 -617.866 0.000
v 756.114 -618.960 0.000
v 756.298 -620.057 0.000
v 756.465 -621.158 0.000
v 756.616 -622.261 0.000
v 756.750 -623.367 0.000
v 756.867 -624.475 0.000
v 756.967 -625.585 0.000
v 757.050 -626.696 0.000
v 757.116 -627.809 0.000
v 757.165 -628.922 0.000
v 757.197 -630.037 0.000
v 757.212 -631.151 0.000
v 757.209 -632.266 0.000
v 757.190 -633.381 0.000
v 757.152 -634.495 0.000
v 757.097 -635.609 0.000
v 757.025 -636.721 0.000
v 756.935 -637.833 0.000
v 756.827 -638.942 0.000
v 756.702 -640.050 0.000
v 756.559 -641.155 0.000
v 756.398 -642.258 0.000
v 756.219 -643.358 0.000
v 756.022 -644.455 0.000
v 755.807 -645.548 0.000
v 755.574 -646.638 0.000
v 755.323 -647.724 0.000
v 755.053 -648.806 0.000
v 754.765 -649.883 0.000
v 754.459 -650.955 0.000
v 754.134 -652.022 0.000
v 753.791 -653.084 0.000
v 753.429 -654.140 0.000
v 753.048 -655.190 0.000
v 752.649 -656.233 0.000
v 752.231 -657.270 0.000
v 751.794 -658.300 0.000
v 751.338 -659.323 0.000
v 750.864 -660.338 0.000
v 750.370 -661.346 0.000
v 749.857 -662.345 0.000
v 749.325 -663.337 0.000
v 748.774 -664.319 0.000
v 748.203 -665.292 0.000
v 747.613 -666.257 0.000
v 747.004 -667.211 0.000
v 746.375 -668.156 0.000
v 745.727 -669.091 0.000
v 745.059 -670.015 0.000
v 744.371 -670.929 0.000
v 743.663 -671.832 0.000
v 742.936 -672.723 0.000
v 742.189 -673.603 0.000
v 741.422 -674.471 0.000
v 740.635 -675.326 0.000
v 739.827 -676.170 0.000
v 739.000 -677.000 0.000

l 1 2
l 2 3
l 3 4
l 4 5
l 5 6
l 6 7
l 7 8
l 8 9
l 9 10
l 10 11
l 11 12
l 12 13
l 13 14
l 14 15
l 15 16
l 16 17
l 17 18
l 18 19
l 19 20
l 20 21
l 21 22
l 22 23
l 23 24
l 24 25
l 25 26
l 26 27
l 27 28
l 28 29
l 29 30
l 30 31
l 31 32
l 32 33
l 33 34
l 34 35
l 35 36
l 36 37
l 37 38
l 38 39
l 39 40
l 40 41
l 41 42
l 42 43
l 43 44
l 44 45
l 45 46
l 46 47
l 47 48
l 48 49
l 49 50
l 50 51
l 51 52
l 52 53
l 53 54
l 54 55
l 55 56
l 56 57
l 57 58
l 58 59
l 59 60
l 60 61
l 61 62
l 62 63
l 63 64
l 64 65
l 65 66
l 66 67
l 67 68
l 68 69
l 69 70
l 70 71
l 71 72
l 72 73
l 73 74
l 74 75
l 75 76
l 76 77
l 77 78
l 78 79
l 79 80
l 80 81
l 81 82
l 82 83
l 83 84
l 84 85
l 85 86
l 86 87
l 87 88
l 88 89
l 89 90
l 90 91
l 91 92
l 92 93
l 93 94
l 94 95
l 95 96
l 96 97
l 97 98
l 98 99
l 99 100
l 100 101
l 101 102
l 102 103
l 103 104
l 104 105
l 105 106
l 106 107
l 107 108
l 108 109
l 109 110
l 110 111
l 111 112
l 112 113
l 113 114
l 114 115
l 115 116
l 116 117
l 117 118
l 118 119
l 119 120
l 120 121
l 121 122
l 122 123
l 123 124
l 124 125
l 125 126
l 126 127
l 127 128
l 128 129
l 129 130
l 130 131
l 131 132
l 132 133
l 133 134
l 134 135
l 135 136
l 136 137
l 137 138
l 138 139
l 139 140
l 140 141
l 141 142
l 142 143
l 143 144
l 144 145
l 145 146
l 146 147
l 147 148
l 148 149
l 149 150
l 150 151
l 151 152
l 152 153
l 153 154
l 154 155
l 155 156
l 156 157
l 157 158
l 158 159
l 159 160
l 160 161
l 161 162
l 162 163
l 163 164
l 164 165
l 165 166
l 166 167
l 167 168
l 168 169
l 169 170
l 170 171
l 171 172
l 172 173
l 173 174
l 174 175
l 175 176
l 176 177
l 177 178
l 178 179
l 179 180
l 180 181
l 181 182
l 182 183
l 183 184
l 184 185
l 185 186
l 186 187
l 187 188
l 188 189
l 189 190
l 190 191
l 191 192
l 192 193
l 193 194
l 194 195
l 195 196
l 196 197
l 197 198
l 198 199
l 199 200
l 200 201
l 201 202
l 202 203
l 203 204
l 204 205
l 205 206
l 206 207
l 207 208
l 208 209
l 209 210
l 210 211
l 211 212
l 212 213
l 213 214
l 214 215
l 215 216
l 216 217
l 217 218
l 218 219
l 219 220
l 220 221
l 221 222
l 222 223
l 223 224
l 224 225
l 225 226
l 226 227
l 227 228
l 228 229
l 229 230
l 230 231
l 231 232
l 232 233
l 233 234
l 234 235
l 235 236
l 236 237
l 237 238
l 238 239
l 239 240
l 240 241
l 241 242
l 242 243
l 243 244
l 244 245
l 245 246
l 246 247
l 247 248
l 248 249
l 249 250
l 250 251
l 251 252
l 252 253
l 253 254
l 254 255
l 255 256
l 256 257
l 257 258
l 258 259
l 259 260
l 260 261
l 261 262
l 262 263
l 263 264
l 264 265
l 265 266
l 266 267
l 267 268
l 268 269
l 269 270
l 270 271
l 271 272
l 272 273
l 273 274
l 274 275
l 275 276
l 276 277
l 277 278
l 278 279
l 279 280
l 280 281
l 281 282
l 282 283
l 283 284
l 284 285
l 285 286
l 286 287
l 287 288
l 288 289
l 289 290
l 290 291
l 291 292
l 292 293
l 293 294
l 294 295
l 295 296
l 296 297
l 297 298
l 298 299
l 299 300
l 300 301
l 301 302
l 302 303
l 303 304
l 304 305
l 305 306
l 306 307
l 307 308
l 308 309
l 309 310
l 310 311
l 311 312
l 312 313
l 313 314
l 314 315
l 315 316
l 316 317
l 317 318
l 318 319
l 319 320
l 320 321
l 321 322
l 322 323
l 323 324
l 324 325
l 325 326
l 326 327
l 327 328
l 328 329
l 329 330
l 330 331
l 331 332
l 332 333
l 333 334
l 334 335
l 335 336
l 336 337
l 337 338
l 338 339
l 339 340
l 340 341
l 341 342
l 342 343
l 343 344
l 344 345
l 345 346
l 346 347
l 347 348
l 348 349
l 349 350
l 350 351
l 351 352
l 352 353
l 353 354
l 354 355
l 355 356
l 356 357
l 357 358
l 358 359
l 359 360
l 360 361
l 361 362
l 362 363
l 363 364
l 364 365
l 365 366
l 366 367
l 367 368
l 368 369
l 369 370
l 370 371
l 371 372
l 372 373
l 373 374
l 374 375
l 375 376
l 376 377
l 377 378
l 378 379
l 379 380
l 380 381
l 381 382
l 382 383
l 383 384
l 384 385
l 385 386
l 386 387
l 387 388
l 388 389
l 389 390
l 390 391
l 391 392
l 392 393
l 393 394
l 394 395
l 395 396
l 396 397
l 397 398
l 398 399
l 399 400
l 400 401
l 401 402
l 402 403
l 403 404
l 404 405
l 405 406
l 406 407
l 407 408
l 408 409
l 409 410
l 410 411
l 411 412
l 412 413
l 413 414
l 414 415
l 415 416
l 416 417
l 417 418
l 418 419
l 419 420
l 420 421
l 421 422
l 422 423
l 423 424
l 424 425
l 425 426
l 426 427
l 427 428
l 428 429
l 429 430
l 430 431
l 431 432
l 432 433
l 433 434
l 434 435
l 435 436
l 436 437
l 437 438
l 438 439
l 439 440
l 440 441
l 441 442
l 442 443
l 443 444
l 444 445
l 445 446
l 446 447
l 447 448
l 448 449
l 449 450
l 450 451
l 451 452
l 452 453
l 453 454
l 454 455
l 455 456
l 456 457
l 457 458
l 458 459
l 459 460
l 460 461
l 461 462
l 462 463
l 463 464
l 464 465
l 465 466
l 466 467
l 467 468
l 468 469
l 469 470
l 470 471
l 471 472
l 472 473
l 473 474
l 474 475
l 475 476
l 476 477
l 477 478
l 478 479
l 479 480
l 480 481
l 481 482
l 482 483
l 483 484
l 484 485
l 485 486
l 486 487
l 487 488
l 488 489
l 489 490
l 490 491
l 491 492
l 492 493
l 493 494
l 494 495
l 495 496
l 496 497
l 497 498
l 498 499
l 499 500
l 500 501
l 501 502
l 502 503
l 503 504
l 504 505
l 505 506
l 506 507
l 507 508
l 508 509
l 509 510
l 510 511
l 511 512
l 512 513
l 513 514
l 514 515
l 515 516
l 516 517
l 517 518
l 518 519
l 519 520
l 520 521
l 521 522
l 522 523
l 523 524
l 524 525
l 525 526
l 526 527
l 527 528
l 528 529
l 529 530
l 530 531
l 531 532
l 532 533
l 533 534
l 534 535
l 535 536
l 536 537
l 537 538
l 538 539
l 539 540
l 540 541
l 541 542
l 542 543
l 543 544
l 544 545
l 545 546
l 546 547
l 547 548
l 548 549
l 549 550
l 550 551
l 551 552
l 552 553
l 553 554
l 554 555
l 555 556
l 556 557
l 557 558
l 558 559
l 559 560
l 560 561
l 561 562
l 562 563
l 563 564
l 564 565
l 565 566
l 566 567
l 567 568
l 568 569
l 569 570
l 570 571
l 571 572
l 572 573
l 573 574
l 574 575
l 575 576
l 576 577
l 577 578
l 578 579
l 579 580
l 580 581
l 581 582
l 582 583
l 583 584
l 584 585
l 585 586
l 586 587
l 587 588
l 588 589
l 589 590
l 590 591
l 591 592
l 592 593
l 593 594
l 594 595
l 595 596
l 596 597
l 597 598
l 598 599
l 599 600
l 600 601
l 601 602
l 602 603
l 603 604
l 604 605
l 605 606
l 606 607
l 607 608
l 608 609
l 609 610
l 610 611
l 611 612
l 612 613
l 613 614
l 614 615
l 615 616
l 616 617
l 617 618
l 618 619
l 619 620
l 620 621
l 621 622
l 622 623
l 623 624
l 624 625
l 625 626
l 626 627
l 627 628
l 628 629
l 629 630
l 630 631
l 631 632
l 632 633
l 633 634
l 634 635
l 635 636
l 636 637
l 637 638
l 638 639
l 639 640
l 640 641
l 641 642
l 642 643
l 643 644
l 644 645
l 645 646
l 646 647
l 647 648
l 648 649
l 649 650
l 650 651
l 651 652
l 652 653
l 653 654
l 654 655
l 655 656
l 656 657
l 657 658
l 658 659
l 659 660
l 660 661
l 661 662
l 662 663
l 663 664
l 664 665
l 665 666
l 666 667
l 667 668
l 668 669
l 669 670
l 670 671
l 671 672
l 672 673
l 673 674
l 674 675
l 675 676
l 676 677
l 677 678
l 678 679
l 679 680
l 680 681
l 681 682
l 682 683
l 683 684
l 684 685
l 685 686
l 686 687
l 687 688
l 688 689
l 689 690
l 690 691
l 691 692
l 692 693
l 693 694
l 694 695
l 695 696
l 696 697
l 697 698
l 698 699
l 699 700
l 700 701
l 701 702
l 702 703
l 703 704
l 704 705
l 705 706
l 706 707
l 707 708
l 708 709
l 709 710
l 710 711
l 711 712
l 712 713
l 713 714
l 714 715
l 715 716
l 716 717
l 717 718
l 718 719
l 719 720
l 720 721
l 721 722
l 722 723
l 723 724
l 724 725
l 725 726
l 726 727
l 727 728
l 728 729
l 729 730
l 730 731
l 731 732
l 732 733
l 733 734
l 734 735
l 735 736
l 736 737
l 737 738
l 738 739
l 739 740
l 740 741
l 741 742
l 742 743
l 743 744
l 744 745
l 745 746
l 746 747
l 747 748
l 748 749
l 749 750
l 750 751
l 751 752
l 752 753
l 753 754
l 754 755
l 755 756
l 756 757
l 757 758
l 758 759
l 759 760
l 760 761
l 761 762
l 762 763
l 763 764
l 764 765
l 765 766
l 766 767
l 767 768
l 768 769
l 769 770
l 770 771
l 771 772
l 772 773
l 773 774
l 774 775
l 775 776
l 776 777
l 777 778
l 778 779
l 779 780
l 780 781
l 781 782
l 782 783
l 783 784
l 784 785
l 785 786
l 786 787
l 787 788
l 788 789
l 789 790
l 790 791
l 791 792
l 792 793
l 793 794
l 794 795
l 795 796
l 796 797
l 797 798
l 798 799
l 799 800
l 801 802
l 802 803
l 803 804
l 804 805
l 805 806
l 806 807
l 807 808
l 808 809
l 809 810
l 810 811
l 811 812
l 812 813
l 813 814
l 814 815
l 815 816
l 816 817
l 817 818
l 818 819
l 819 820
l 820 821
l 821 822
l 822 823
l 823 824
l 824 825
l 825 826
l 826 827
l 827 828
l 828 829
l 829 830
l 830 831
l 831 832
l 832 833
l 833 834
l 834 835
l 835 836
l 836 837
l 837 838
l 838 839
l 839 840
l 840 841
l 841 842
l 842 843
l 843 844
l 844 845
l 845 846
l 846 847
l 847 848
l 848 849
l 849 850
l 850 851
l 851 852
l 852 853
l 853 854
l 854 855
l 855 856
l 856 857
l 857 858
l 858 859
l 859 860
l 860 861
l 861 862
l 862 863
l 863 864
l 864 865
l 865 866
l 866 867
l 867 868
l 868 869
l 869 870
l 870 871
l 871 872
l 872 873
l 873 874
l 874 875
l 875 876
l 876 877
l 877 878
l 878 879
l 879 880
l 880 881
l 881 882
l 882 883
l 883 884
l 884 885
l 885 886
l 886 887
l 887 888
l 888 889
l 889 890
l 890 891
l 891 892
l 892 893
l 893 894
l 894 895
l 895 896
l 896 897
l 897 898
l 898 899
l 899 900
l 900 901
l 901 902
l 902 903
l 903 904
l 904 905
l 905 906
l 906 907
l 907 908
l 908 909
l 909 910
l 910 911
l 911 912
l 912 913
l 913 914
l 914 915
l 915 916
l 916 917
l 917 918
l 918 919
l 919 920
l 920 921
l 921 922
l 922 923
l 923 924
l 924 925
l 925 926
l 926 927
l 927 928
l 928 929
l 929 930
l 930 931
l 931 932
l 932 933
l 933 934
l 934 935
l 935 936
l 936 937
l 937 938
l 938 939
l 939 940
l 940 941
l 941 942
l 942 943
l 943 944
l 944 945
l 945 946
l 946 947
l 947 948
l 948 949
l 949 950
l 950 951
l 951 952
l 952 953
l 953 954
l 954 955
l 955 956
l 956 957
l 957 958
l 958 959
l 959 960
l 960 961
l 961 962
l 962 963
l 963 964
l 964 965
l 965 966
l 966 967
l 967 968
l 968 969
l 969 970
l 970 971
l 971 972
l 972 973
l 973 974
l 974 975
l 975 976
l 976 977
l 977 978
l 978 979
l 979 980
l 980 981
l 981 982
l 982 983
l 983 984
l 984 985
l 985 986
l 986 987
l 987 988
l 988 989
l 989 990
l 990 991
l 991 992
l 992 993
l 993 994
l 994 995
l 995 996
l 996 997
l 997 998
l 998 999
l 999 1000
l 1000 1001
l 1001 1002
l 1002 1003
l 1003 1004
l 1004 1005
l 1005 1006
l 1006 1007
l 1007 1008
l 1008 1009
l 1009 1010
l 1010 1011
l 1011 1012
l 1012 1013
l 1013 1014
l 1014 1015
l 1015 1016
l 1016 1017
l 1017 1018
l 1018 1019
l 1019 1020
l 1020 1021
l 1021 1022
l 1022 1023
l 1023 1024
l 1024 1025
l 1025 1026
l 1026 1027
l 1027 1028
l 1028 1029
l 1029 1030
l 1030 1031
l 1031 1032
l 1032 1033
l 1033 1034
l 1034 1035
l 1035 1036
l 1036 1037
l 1037 1038
l 1038 1039
l 1039 1040
l 1040 1041
l 1041 1042
l 1042 1043
l 1043 1044
l 1044 1045
l 1045 1046
l 1046 1047
l 1047 1048
l 1048 1049
l 1049 1050
l 1050 1051
l 1051 1052
l 1052 1053
l 1053 1054
l 1054 1055
l 1055 1056
l 1056 1057
l 1057 1058
l 1058 1059
l 1059 1060
l 1060 1061
l 1061 1062
l 1062 1063
l 1063 1064
l 1064 1065
l 1065 1066
l 1066 1067
l 1067 1068
l 1068 1069
l 1069 1070
l 1070 1071
l 1071 1072
l 1072 1073
l 1073 1074
l 1074 1075
l 1075 1076
l 1076 1077
l 1077 1078
l 1078 1079
l 1079 1080
l 1080 1081
l 1081 1082
l 1082 1083
l 1083 1084
l 1084 1085
l 1085 1086
l 1086 1087
l 1087 1088
l 1088 1089
l 1089 1090
l 1090 1091
l 1091 1092
l 1092 1093
l 1093 1094
l 1094 1095
l 1095 1096
l 1096 1097
l 1097 1098
l 1098 1099
l 1099 1100
l 1100 1101
l 1101 1102
l 1102 1103
l 1103 1104
l 1104 1105
l 1105 1106
l 1106 1107
l 1107 1108
l 1108 1109
l 1109 1110
l 1110 1111
l 1111 1112
l 1112 1113
l 1113 1114
l 1114 1115
l 1115 1116
l 1116 1117
l 1117 1118
l 1118 1119
l 1119 1120
l 1120 1121
l 1121 1122
l 1122 1123
l 1123 1124
l 1124 1125
l 1125 1126
l 1126 1127
l 1127 1128
l 1128 1129
l 1129 1130
l 1130 1131
l 1131 1132
l 1132 1133
l 1133 1134
l 1134 1135
l 1135 1136
l 1136 1137
l 1137 1138
l 1138 1139
l 1139 1140
l 1140 1141
l 1141 1142
l 1142 1143
l 1143 1144
l 1144 1145
l 1145 1146
l 1146 1147
l 1147 1148
l 1148 1149
l 1149 1150
l 1150 1151
l 1151 1152
l 1152 1153
l 1153 1154
l 1154 1155
l 1155 1156
l 1156 1157
l 1157 1158
l 1158 1159
l 1159 1160
l 1160 1161
l 1161 1162
l 1162 1163
l 1163 1164
l 1164 1165
l 1165 1166
l 1166 1167
l 1167 1168
l 1168 1169
l 1169 1170
l 1170 1171
l 1171 1172
l 1172 1173
l 1173 1174
l 1174 1175
l 1175 1176
l 1176 1177
l 1177 1178
l 1178 1179
l 1179 1180
l 1180 1181
l 1181 1182
l 1182 1183
l 1183 1184
l 1184 1185
l 1185 1186
l 1186 1187
l 1187 1188
l 1188 1189
l 1189 1190
l 1190 1191
l 1191 1192
l 1192 1193
l 1193 1194
l 1194 1195
l 1195 1196
l 1196 1197
l 1197 1198
l 1198 1199
l 1199 1200
l 1200 1201
l 1201 1202
l 1202 1203
l 1203 1204
l 1204 1205
l 1205 1206
l 1206 1207
l 1207 1208
l 1208 1209
l 1209 1210
l 1210 1211
l 1211 1212
l 1212 1213
l 1213 1214
l 1214 1215
l 1215 1216
l 1216 1217
l 1217 1218
l 1218 1219
l 1219 1220
l 1220 1221
l 1221 1222
l 1222 1223
l 1223 1224
l 1224 1225
l 1225 1226
l 1226 1227
l 1227 1228
l 1228 1229
l 1229 1230
l 1230 1231
l 1231 1232
l 1232 1233
l 1233 1234
l 1234 1235
l 1235 1236
l 1236 1237
l 1237 1238
l 1238 1239
l 1239 1240
l 1240 1241
l 1241 1242
l 1242 1243
l 1243 1244
l 1244 1245
l 1245 1246
l 1246 1247
l 1247 1248
l 1248 1249
l 1249 1250
l 1250 1251
l 1251 1252
l 1252 1253
l 1253 1254
l 1254 1255
l 1255 1256
l 1256 1257
l 1257 1258
l 1258 1259
l 1259 1260
l 1260 1261
l 1261 1262
l 1262 1263
l 1263 1264
l 1264 1265
l 1265 1266
l 1266 1267
l 1267 1268
l 1268 1269
l 1269 1270
l 1270 1271
l 1271 1272
l 1272 1273
l 1273 1274
l 1274 1275
l 1275 1276
l 1276 1277
l 1277 1278
l 1278 1279
l 1279 1280
l 1280 1281
l 1281 1282
l 1282 1283
l 1283 1284
l 1284 1285
l 1285 1286
l 1286 1287
l 1287 1288
l 1288 1289
l 1289 1290
l 1290 1291
l 1291 1292
l 1292 1293
l 1293 1294
l 1294 1295
l 1295 1296
l 1296 1297
l 1297 1298
l 1298 1299
l 1299 1300
l 1300 1301
l 1301 1302
l 1302 1303
l 1303 1304
l 1304 1305
l 1305 1306
l 1306 1307
l 1307 1308
l 1308 1309
l 1309 1310
l 1310 1311
l 1311 1312
l 1312 1313
l 1313 1314
l 1314 1315
l 1315 1316
l 1316 1317
l 1317 1318
l 1318 1319
l 1319 1320
l 1320 1321
l 1321 1322
l 1322 1323
l 1323 1324
l 1324 1325
l 1325 1326
l 1326 1327
l 1327 1328
l 1328 1329
l 1329 1330
l 1330 1331
l 1331 1332
l 1332 1333
l 1333 1334
l 1334 1335
l 1335 1336
l 1336 1337
l 1337 1338
l 1338 1339
l 1339 1340
l 1340 1341
l 1341 1342
l 1342 1343
l 1343 1344
l 1344 1345
l 1345 1346
l 1346 1347
l 1347 1348
l 1348 1349
l 1349 1350
l 1350 1351
l 1351 1352
l 1352 1353
l 1353 1354
l 1354 1355
l 1355 1356
l 1356 1357
l 1357 1358
l 1358 1359
l 1359 1360
l 1360 1361
l 1361 1362
l 1362 1363
l 1363 1364
l 1364 1365
l 1365 1366
l 1366 1367
l 1367 1368
l 1368 1369
l 1369 1370
l 1370 1371
l 1371 1372
l 1372 1373
l 1373 1374
l 1374 1375
l 1375 1376
l 1376 1377
l 1377 1378
l 1378 1379
l 1379 1380
l 1380 1381
l 1381 1382
l 1382 1383
l 1383 1384
l 1384 1385
l 1385 1386
l 1386 1387
l 1387 1388
l 1388 1389
l 1389 1390
l 1390 1391
l 1391 1392
l 1392 1393
l 1393 1394
l 1394 1395
l 1395 1396
l 1396 1397
l 1397 1398
l 1398 1399
l 1399 1400
l 1400 1401
l 1401 1402
l 1402 1403
l 1403 1404
l 1404 1405
l 1405 1406
l 1406 1407
l 1407 1408
l 1408 1409
l 1409 1410
l 1410 1411
l 1411 1412
l 1412 1413
l 1413 1414
l 1414 1415
l 1415 1416
l 1416 1417
l 1417 1418
l 1418 1419
l 1419 1420
l 1420 1421
l 1421 1422
l 1422 1423
l 1423 1424
l 1424 1425
l 1425 1426
l 1426 1427
l 1427 1428
l 1428 1429
l 1429 1430
l 1430 1431
l 1431 1432
l 1432 1433
l 1433 1434
l 1434 1435
l 1435 1436
l 1436 1437
l 1437 1438
l 1438 1439
l 1439 1440
l 1440 1441
l 1441 1442
l 1442 1443
l 1443 1444
l 1444 1445
l 1445 1446
l 1446 1447
l 1447 1448
l 1448 1449
l 1449 1450
l 1450 1451
l 1451 1452
l 1452 1453
l 1453 1454
l 1454 1455
l 1455 1456
l 1456 1457
l 1457 1458
l 1458 1459
l 1459 1460
l 1460 1461
l 1461 1462
l 1462 1463
l 1463 1464
l 1464 1465
l 1465 1466
l 1466 1467
l 1467 1468
l 1468 1469
l 1469 1470
l 1470 1471
l 1471 1472
l 1472 1473
l 1473 1474
l 1474 1475
l 1475 1476
l 1476 1477
l 1477 1478
l 1478 1479
l 1479 1480
l 1480 1481
l 1481 1482
l 1482 1483
l 1483 1484
l 1484 1485
l 1485 1486
l 1486 1487
l 1487 1488
l 1488 1489
l 1489 1490
l 1490 1491
l 1491 1492
l 1492 1493
l 1493 1494
l 1494 1495
l 1495 1496
l 1496 1497
l 1497 1498
l 1498 1499
l 1499 1500
l 1500 1501
l 1501 1502
l 1502 1503
l 1503 1504
l 1504 1505
l 1505 1506
l 1506 1507
l 1507 1508
l 1508 1509
l 1509 1510
l 1510 1511
l 1511 1512
l 1512 1513
l 1513 1514
l 1514 1515
l 1515 1516
l 1516 1517
l 1517 1518
l 1518 1519
l 1519 1520
l 1520 1521
l 1521 1522
l 1522 1523
l 1523 1524
l 1524 1525
l 1525 1526
l 1526 1527
l 1527 1528
l 1528 1529
l 1529 1530
l 1530 1531
l 1531 1532
l 1532 1533
l 1533 1534
l 1534 1535
l 1535 1536
l 1536 1537
l 1537 1538
l 1538 1539
l 1539 1540
l 1540 1541
l 1541 1542
l 1542 1543
l 1543 1544
l 1544 1545
l 1545 1546
l 1546 1547
l 1547 1548
l 1548 1549
l 1549 1550
l 1550 1551
l 1551 1552
l 1552 1553
l 1553 1554
l 1554 1555
l 1555 1556
l 1556 1557
l 1557 1558
l 1558 1559
l 1559 1560
l 1560 1561
l 1561 1562
l 1562 1563
l 1563 1564
l 1564 1565
l 1565 1566
l 1566 1567
l 1567 1568
l 1568 1569
l 1569 1570
l 1570 1571
l 1571 1572
l 1572 1573
l 1573 1574
l 1574 1575
l 1575 1576
l 1576 1577
l 1577 1578
l 1578 1579
l 1579 1580
l 1580 1581
l 1581 1582
l 1582 1583
l 1583 1584
l 1584 1585
l 1585 1586
l 1586 1587
l 1587 1588
l 1588 1589
l 1589 1590
l 1590 1591
l 1591 1592
l 1592 1593
l 1593 1594
l 1594 1595
l 1595 1596
l 1596 1597
l 1597 1598
l 1598 1599
l 1599 1600
l 1601 1602
l 1602 1603
l 1603 1604
l 1604 1605
l 1605 1606
l 1606 1607
l 1607 1608
l 1608 1609
l 1609 1610
l 1610 1611
l 1611 1612
l 1612 1613
l 1613 1614
l 1614 1615
l 1615 1616
l 1616 1617
l 1617 1618
l 1618 1619
l 1619 1620
l 1620 1621
l 1621 1622
l 1622 1623
l 1623 1624
l 1624 1625
l 1625 1626
l 1626 1627
l 1627 1628
l 1628 1629
l 1629 1630
l 1630 1631
l 1631 1632
l 1632 1633
l 1633 1634
l 1634 1635
l 1635 1636
l 1636 1637
l 1637 1638
l 1638 1639
l 1639 1640
l 1640 1641
l 1641 1642
l 1642 1643
l 1643 1644
l 1644 1645
l 1645 1646
l 1646 1647
l 1647 1648
l 1648 1649
l 1649 1650
l 1650 1651
l 1651 1652
l 1652 1653
l 1653 1654
l 1654 1655
l 1655 1656
l 1656 1657
l 1657 1658
l 1658 1659
l 1659 1660
l 1660 1661
l 1661 1662
l 1662 1663
l 1663 1664
l 1664 1665
l 1665 1666
l 1666 1667
l 1667 1668
l 1668 1669
l 1669 1670
l 1670 1671
l 1671 1672
l 1672 1673
l 1673 1674
l 1674 1675
l 1675 1676
l 1676 1677
l 1677 1678
l 1678 1679
l 1679 1680
l 1680 1681
l 1681 1682
l 1682 1683
l 1683 1684
l 1684 1685
l 1685 1686
l 1686 1687
l 1687 1688
l 1688 1689
l 1689 1690
l 1690 1691
l 1691 1692
l 1692 1693
l 1693 1694
l 1694 1695
l 1695 1696
l 1696 1697
l 1697 1698
l 1698 1699
l 1699 1700
l 1700 1701
l 1701 1702
l 1702 1703
l 1703 1704
l 1704 1705
l 1705 1706
l 1706 1707
l 1707 1708
l 1708 1709
l 1709 1710
l 1710 1711
l 1711 1712
l 1712 1713
l 1713 1714
l 1714 1715
l 1715 1716
l 1716 1717
l 1717 1718
l 1718 1719
l 1719 1720
l 1720 1721
l 1721 1722
l 1722 1723
l 1723 1724
l 1724 1725
l 1725 1726
l 1726 1727
l 1727 1728
l 1728 1729
l 1729 1730
l 1730 1731
l 1731 1732
l 1732 1733
l 1733 1734
l 1734 1735
l 1735 1736
l 1736 1737
l 1737 1738
l 1738 1739
l 1739 1740
l 1740 1741
l 1741 1742
l 1742 1743
l 1743 1744
l 1744 1745
l 1745 1746
l 1746 1747
l 1747 1748
l 1748 1749
l 1749 1750
l 1750 1751
l 1751 1752
l 1752 1753
l 1753 1754
l 1754 1755
l 1755 1756
l 1756 1757
l 1757 1758
l 1758 1759
l 1759 1760
l 1760 1761
l 1761 1762
l 1762 1763
l 1763 1764
l 1764 1765
l 1765 1766
l 1766 1767
l 1767 1768
l 1768 1769
l 1769 1770
l 1770 1771
l 1771 1772
l 1772 1773
l 1773 1774
l 1774 1775
l 1775 1776
l 1776 1777
l 1777 1778
l 1778 1779
l 1779 1780
l 1780 1781
l 1781 1782
l 1782 1783
l 1783 1784
l 1784 1785
l 1785 1786
l 1786 1787
l 1787 1788
l 1788 1789
l 1789 1790
l 1790 1791
l 1791 1792
l 1792 1793
l 1793 1794
l 1794 1795
l 1795 1796
l 1796 1797
l 1797 1798
l 1798 1799
l 1799 1800
l 1800 1801
l 1801 1802
l 1802 1803
l 1803 1804
l 1804 1805
l 1805 1806
l 1806 1807
l 1807 1808
l 1808 1809
l 1809 1810
l 1810 1811
l 1811 1812
l 1812 1813
l 1813 1814
l 1814 1815
l 1815 1816
l 1816 1817
l 1817 1818
l 1818 1819
l 1819 1820
l 1820 1821
l 1821 1822
l 1822 1823
l 1823 1824
l 1824 1825
l 1825 1826
l 1826 1827
l 1827 1828
l 1828 1829
l 1829 1830
l 1830 1831
l 1831 1832
l 1832 1833
l 1833 1834
l 1834 1835
l 1835 1836
l 1836 1837
l 1837 1838
l 1838 1839
l 1839 1840
l 1840 1841
l 1841 1842
l 1842 1843
l 1843 1844
l 1844 1845
l 1845 1846
l 1846 1847
l 1847 1848
l 1848 1849
l 1849 1850
l 1850 1851
l 1851 1852
l 1852 1853
l 1853 1854
l 1854 1855
l 1855 1856
l 1856 1857
l 1857 1858
l 1858 1859
l 1859 1860
l 1860 1861
l 1861 1862
l 1862 1863
l 1863 1864
l 1864 1865
l 1865 1866
l 1866 1867
l 1867 1868
l 1868 1869
l 1869 1870
l 1870 1871
l 1871 1872
l 1872 1873
l 1873 1874
l 1874 1875
l 1875 1876
l 1876 1877
l 1877 1878
l 1878 1879
l 1879 1880
l 1880 1881
l 1881 1882
l 1882 1883
l 1883 1884
l 1884 1885
l 1885 1886
l 1886 1887
l 1887 1888
l 1888 1889
l 1889 1890
l 1890 1891
l 1891 1892
l 1892 1893
l 1893 1894
l 1894 1895
l 1895 1896
l 1896 1897
l 1897 1898
l 1898 1899
l 1899 1900
l 1900 1901
l 1901 1902
l 1902 1903
l 1903 1904
l 1904 1905
l 1905 1906
l 1906 1907
l 1907 1908
l 1908 1909
l 1909 1910
l 1910 1911
l 1911 1912
l 1912 1913
l 1913 1914
l 1914 1915
l 1915 1916
l 1916 1917
l 1917 1918
l 1918 1919
l 1919 1920
l 1920 1921
l 1921 1922
l 1922 1923
l 1923 1924
l 1924 1925
l 1925 1926
l 1926 1927
l 1927 1928
l 1928 1929
l 1929 1930
l 1930 1931
l 1931 1932
l 1932 1933
l 1933 1934
l 1934 1935
l 1935 1936
l 1936 1937
l 1937 1938
l 1938 1939
l 1939 1940
l 1940 1941
l 1941 1942
l 1942 1943
l 1943 1944
l 1944 1945
l 1945 1946
l 1946 1947
l 1947 1948
l 1948 1949
l 1949 1950
l 1950 1951
l 1951 1952
l 1952 1953
l 1953 1954
l 1954 1955
l 1955 1956
l 1956 1957
l 1957 1958
l 1958 1959
l 1959 1960
l 1960 1961
l 1961 1962
l 1962 1963
l 1963 1964
l 1964 1965
l 1965 1966
l 1966 1967
l 1967 1968
l 1968 1969
l 1969 1970
l 1970 1971
l 1971 1972
l 1972 1973
l 1973 1974
l 1974 1975
l 1975 1976
l 1976 1977
l 1977 1978
l 1978 1979
l 1979 1980
l 1980 1981
l 1981 1982
l 1982 1983
l 1983 1984
l 1984 1985
l 1985 1986
l 1986 1987
l 1987 1988
l 1988 1989
l 1989 1990
l 1990 1991
l 1991 1992
l 1992 1993
l 1993 1994
l 1994 1995
l 1995 1996
l 1996 1997
l 1997 1998
l 1998 1999
l 1999 2000
l 2000 2001
l 2001 2002
l 2002 2003
l 2003 2004
l 2004 2005
l 2005 2006
l 2006 2007
l 2007 2008
l 2008 2009
l 2009 2010
l 2010 2011
l 2011 2012
l 2012 2013
l 2013 2014
l 2014 2015
l 2015 2016
l 2016 2017
l 2017 2018
l 2018 2019
l 2019 2020
l 2020 2021
l 2021 2022
l 2022 2023
l 2023 2024
l 2024 2025
l 2025 2026
l 2026 2027
l 2027 2028
l 2028 2029
l 2029 2030
l 2030 2031
l 2031 2032
l 2032 2033
l 2033 2034
l 2034 2035
l 2035 2036
l 2036 2037
l 2037 2038
l 2038 2039
l 2039 2040
l 2040 2041
l 2041 2042
l 2042 2043
l 2043 2044
l 2044 2045
l 2045 2046
l 2046 2047
l 2047 2048
l 2048 2049
l 2049 2050
l 2050 2051
l 2051 2052
l 2052 2053
l 2053 2054
l 2054 2055
l 2055 2056
l 2056 2057
l 2057 2058
l 2058 2059
l 2059 2060
l 2060 2061
l 2061 2062
l 2062 2063
l 2063 2064
l 2064 2065
l 2065 2066
l 2066 2067
l 2067 2068
l 2068 2069
l 2069 2070
l 2070 2071
l 2071 2072
l 2072 2073
l 2073 2074
l 2074 2075
l 2075 2076
l 2076 2077
l 2077 2078
l 2078 2079
l 2079 2080
l 2080 2081
l 2081 2082
l 2082 2083
l 2083 2084
l 2084 2085
l 2085 2086
l 2086 2087
l 2087 2088
l 2088 2089
l 2089 2090
l 2090 2091
l 2091 2092
l 2092 2093
l 2093 2094
l 2094 2095
l 2095 2096
l 2096 2097
l 2097 2098
l 2098 2099
l 2099 2100
l 2100 2101
l 2101 2102
l 2102 2103
l 2103 2104
l 2104 2105
l 2105 2106
l 2106 2107
l 2107 2108
l 2108 2109
l 2109 2110
l 2110 2111
l 2111 2112
l 2112 2113
l 2113 2114
l 2114 2115
l 2115 2116
l 2116 2117
l 2117 2118
l 2118 2119
l 2119 2120
l 2120 2121
l 2121 2122
l 2122 2123
l 2123 2124
l 2124 2125
l 2125 2126
l 2126 2127
l 2127 2128
l 2128 2129
l 2129 2130
l 2130 2131
l 2131 2132
l 2132 2133
l 2133 2134
l 2134 2135
l 2135 2136
l 2136 2137
l 2137 2138
l 2138 2139
l 2139 2140
l 2140 2141
l 2141 2142
l 2142 2143
l 2143 2144
l 2144 2145
l 2145 2146
l 2146 2147
l 2147 2148
l 2148 2149
l 2149 2150
l 2150 2151
l 2151 2152
l 2152 2153
l 2153 2154
l 2154 2155
l 2155 2156
l 2156 2157
l 2157 2158
l 2158 2159
l 2159 2160
l 2160 2161
l 2161 2162
l 2162 2163
l 2163 2164
l 2164 2165
l 2165 2166
l 2166 2167
l 2167 2168
l 2168 2169
l 2169 2170
l 2170 2171
l 2171 2172
l 2172 2173
l 2173 2174
l 2174 2175
l 2175 2176
l 2176 2177
l 2177 2178
l 2178 2179
l 2179 2180
l 2180 2181
l 2181 2182
l 2182 2183
l 2183 2184
l 2184 2185
l 2185 2186
l 2186 2187
l 2187 2188
l 2188 2189
l 2189 2190
l 2190 2191
l 2191 2192
l 2192 2193
l 2193 2194
l 2194 2195
l 2195 2196
l 2196 2197
l 2197 2198
l 2198 2199
l 2199 2200
l 2200 2201
l 2201 2202
l 2202 2203
l 2203 2204
l 2204 2205
l 2205 2206
l 2206 2207
l 2207 2208
l 2208 2209
l 2209 2210
l 2210 2211
l 2211 2212
l 2212 2213
l 2213 2214
l 2214 2215
l 2215 2216
l 2216 2217
l 2217 2218
l 2218 2219
l 2219 2220
l 2220 2221
l 2221 2222
l 2222 2223
l 2223 2224
l 2224 2225
l 2225 2226
l 2226 2227
l 2227 2228
l 2228 2229
l 2229 2230
l 2230 2231
l 2231 2232
l 2232 2233
l 2233 2234
l 2234 2235
l 2235 2236
l 2236 2237
l 2237 2238
l 2238 2239
l 2239 2240
l 2240 2241
l 2241 2242
l 2242 2243
l 2243 2244
l 2244 2245
l 2245 2246
l 2246 2247
l 2247 2248
l 2248 2249
l 2249 2250
l 2250 2251
l 2251 2252
l 2252 2253
l 2253 2254
l 2254 2255
l 2255 2256
l 2256 2257
l 2257 2258
l 2258 2259
l 2259 2260
l 2260 2261
l 2261 2262
l 2262 2263
l 2263 2264
l 2264 2265
l 2265 2266
l 2266 2267
l 2267 2268
l 2268 2269
l 2269 2270
l 2270 2271
l 2271 2272
l 2272 2273
l 2273 2274
l 2274 2275
l 2275 2276
l 2276 2277
l 2277 2278
l 2278 2279
l 2279 2280
l 2280 2281
l 2281 2282
l 2282 2283
l 2283 2284
l 2284 2285
l 2285 2286
l 2286 2287
l 2287 2288
l 2288 2289
l 2289 2290
l 2290 2291
l 2291 2292
l 2292 2293
l 2293 2294
l 2294 2295
l 2295 2296
l 2296 2297
l 2297 2298
l 2298 2299
l 2299 2300
l 2300 2301
l 2301 2302
l 2302 2303
l 2303 2304
l 2304 2305
l 2305 2306
l 2306 2307
l 2307 2308
l 2308 2309
l 2309 2310
l 2310 2311
l 2311 2312
l 2312 2313
l 2313 2314
l 2314 2315
l 2315 2316
l 2316 2317
l 2317 2318
l 2318 2319
l 2319 2320
l 2320 2321
l 2321 2322
l 2322 2323
l 2323 2324
l 2324 2325
l 2325 2326
l 2326 2327
l 2327 2328
l 2328 2329
l 2329 2330
l 2330 2331
l 2331 2332
l 2332 2333
l 2333 2334
l 2334 2335
l 2335 2336
l 2336 2337
l 2337 2338
l 2338 2339
l 2339 2340
l 2340 2341
l 2341 2342
l 2342 2343
l 2343 2344
l 2344 2345
l 2345 2346
l 2346 2347
l 2347 2348
l 2348 2349
l 2349 2350
l 2350 2351
l 2351 2352
l 2352 2353
l 2353 2354
l 2354 2355
l 2355 2356
l 2356 2357
l 2357 2358
l 2358 2359
l 2359 2360
l 2360 2361
l 2361 2362
l 2362 2363
l 2363 2364
l 2364 2365
l 2365 2366
l 2366 2367
l 2367 2368
l 2368 2369
l 2369 2370
l 2370 2371
l 2371 2372
l 2372 2373
l 2373 2374
l 2374 2375
l 2375 2376
l 2376 2377
l 2377 2378
l 2378 2379
l 2379 2380
l 2380 2381
l 2381 2382
l 2382 2383
l 2383 2384
l 2384 2385
l 2385 2386
l 2386 2387
l 2387 2388
l 2388 2389
l 2389 2390
l 2390 2391
l 2391 2392
l 2392 2393
l 2393 2394
l 2394 2395
l 2395 2396
l 2396 2397
l 2397 2398
l 2398 2399
l 2399 2400
l 2401 2402
l 2402 2403
l 2403 2404
l 2404 2405
l 2405 2406
l 2406 2407
l 2407 2408
l 2408 2409
l 2409 2410
l 2410 2411
l 2411 2412
l 2412 2413
l 2413 2414
l 2414 2415
l 2415 2416
l 2416 2417
l 2417 2418
l 2418 2419
l 2419 2420
l 2420 2421
l 2421 2422
l 2422 2423
l 2423 2424
l 2424 2425
l 2425 2426
l 2426 2427
l 2427 2428
l 2428 2429
l 2429 2430
l 2430 2431
l 2431 2432
l 2432 2433
l 2433 2434
l 2434 2435
l 2435 2436
l 2436 2437
l 2437 2438
l 2438 2439
l 2439 2440
l 2440 2441
l 2441 2442
l 2442 2443
l 2443 2444
l 2444 2445
l 2445 2446
l 2446 2447
l 2447 2448
l 2448 2449
l 2449 2450
l 2450 2451
l 2451 2452
l 2452 2453
l 2453 2454
l 2454 2455
l 2455 2456
l 2456 2457
l 2457 2458
l 2458 2459
l 2459 2460
l 2460 2461
l 2461 2462
l 2462 2463
l 2463 2464
l 2464 2465
l 2465 2466
l 2466 2467
l 2467 2468
l 2468 2469
l 2469 2470
l 2470 2471
l 2471 2472
l 2472 2473
l 2473 2474
l 2474 2475
l 2475 2476
l 2476 2477
l 2477 2478
l 2478 2479
l 2479 2480
l 2480 2481
l 2481 2482
l 2482 2483
l 2483 2484
l 2484 2485
l 2485 2486
l 2486 2487
l 2487 2488
l 2488 2489
l 2489 2490
l 2490 2491
l 2491 2492
l 2492 2493
l 2493 2494
l 2494 2495
l 2495 2496
l 2496 2497
l 2497 2498
l 2498 2499
l 2499 2500
l 2500 2501
l 2501 2502
l 2502 2503
l 2503 2504
l 2504 2505
l 2505 2506
l 2506 2507
l 2507 2508
l 2508 2509
l 2509 2510
l 2510 2511
l 2511 2512
l 2512 2513
l 2513 2514
l 2514 2515
l 2515 2516
l 2516 2517
l 2517 2518
l 2518 2519
l 2519 2520
l 2520 2521
l 2521 2522
l 2522 2523
l 2523 2524
l 2524 2525
l 2525 2526
l 2526 2527
l 2527 2528
l 2528 2529
l 2529 2530
l 2530 2531
l 2531 2532
l 2532 2533
l 2533 2534
l 2534 2535
l 2535 2536
l 2536 2537
l 2537 2538
l 2538 2539
l 2539 2540
l 2540 2541
l 2541 2542
l 2542 2543
l 2543 2544
l 2544 2545
l 2545 2546
l 2546 2547
l 2547 2548
l 2548 2549
l 2549 2550
l 2550 2551
l 2551 2552
l 2552 2553
l 2553 2554
l 2554 2555
l 2555 2556
l 2556 2557
l 2557 2558
l 2558 2559
l 2559 2560
l 2560 2561
l 2561 2562
l 2562 2563
l 2563 2564
l 2564 2565
l 2565 2566
l 2566 2567
l 2567 2568
l 2568 2569
l 2569 2570
l 2570 2571
l 2571 2572
l 2572 2573
l 2573 2574
l 2574 2575
l 2575 2576
l 2576 2577
l 2577 2578
l 2578 2579
l 2579 2580
l 2580 2581
l 2581 2582
l 2582 2583
l 2583 2584
l 2584 2585
l 2585 2586
l 2586 2587
l 2587 2588
l 2588 2589
l 2589 2590
l 2590 2591
l 2591 2592
l 2592 2593
l 2593 2594
l 2594 2595
l 2595 2596
l 2596 2597
l 2597 2598
l 2598 2599
l 2599 2600
l 2600 2601
l 2601 2602
l 2602 2603
l 2603 2604
l 2604 2605
l 2605 2606
l 2606 2607
l 2607 2608
l 2608 2609
l 2609 2610
l 2610 2611
l 2611 2612
l 2612 2613
l 2613 2614
l 2614 2615
l 2615 2616
l 2616 2617
l 2617 2618
l 2618 2619
l 2619 2620
l 2620 2621
l 2621 2622
l 2622 2623
l 2623 2624
l 2624 2625
l 2625 2626
l 2626 2627
l 2627 2628
l 2628 2629
l 2629 2630
l 2630 2631
l 2631 2632
l 2632 2633
l 2633 2634
l 2634 2635
l 2635 2636
l 2636 2637
l 2637 2638
l 2638 2639
l 2639 2640
l 2640 2641
l 2641 2642
l 2642 2643
l 2643 2644
l 2644 2645
l 2645 2646
l 2646 2647
l 2647 2648
l 2648 2649
l 2649 2650
l 2650 2651
l 2651 2652
l 2652 2653
l 2653 2654
l 2654 2655
l 2655 2656
l 2656 2657
l 2657 2658
l 2658 2659
l 2659 2660
l 2660 2661
l 2661 2662
l 2662 2663
l 2663 2664
l 2664 2665
l 2665 2666
l 2666 2667
l 2667 2668
l 2668 2669
l 2669 2670
l 2670 2671
l 2671 2672
l 2672 2673
l 2673 2674
l 2674 2675
l 2675 2676
l 2676 2677
l 2677 2678
l 2678 2679
l 2679 2680
l 2680 2681
l 2681 2682
l 2682 2683
l 2683 2684
l 2684 2685
l 2685 2686
l 2686 2687
l 2687 2688
l 2688 2689
l 2689 2690
l 2690 2691
l 2691 2692
l 2692 2693
l 2693 2694
l 2694 2695
l 2695 2696
l 2696 2697
l 2697 2698
l 2698 2699
l 2699 2700
l 2700 2701
l 2701 2702
l 2702 2703
l 2703 2704
l 2704 2705
l 2705 2706
l 2706 2707
l 2707 2708
l 2708 2709
l 2709 2710
l 2710 2711
l 2711 2712
l 2712 2713
l 2713 2714
l 2714 2715
l 2715 2716
l 2716 2717
l 2717 2718
l 2718 2719
l 2719 2720
l 2720 2721
l 2721 2722
l 2722 2723
l 2723 2724
l 2724 2725
l 2725 2726
l 2726 2727
l 2727 2728
l 2728 2729
l 2729 2730
l 2730 2731
l 2731 2732
l 2732 2733
l 2733 2734
l 2734 2735
l 2735 2736
l 2736 2737
l 2737 2738
l 2738 2739
l 2739 2740
l 2740 2741
l 2741 2742
l 2742 2743
l 2743 2744
l 2744 2745
l 2745 2746
l 2746 2747
l 2747 2748
l 2748 2749
l 2749 2750
l 2750 2751
l 2751 2752
l 2752 2753
l 2753 2754
l 2754 2755
l 2755 2756
l 2756 2757
l 2757 2758
l 2758 2759
l 2759 2760
l 2760 2761
l 2761 2762
l 2762 2763
l 2763 2764
l 2764 2765
l 2765 2766
l 2766 2767
l 2767 2768
l 2768 2769
l 2769 2770
l 2770 2771
l 2771 2772
l 2772 2773
l 2773 2774
l 2774 2775
l 2775 2776
l 2776 2777
l 2777 2778
l 2778 2779
l 2779 2780
l 2780 2781
l 2781 2782
l 2782 2783
l 2783 2784
l 2784 2785
l 2785 2786
l 2786 2787
l 2787 2788
l 2788 2789
l 2789 2790
l 2790 2791
l 2791 2792
l 2792 2793
l 2793 2794
l 2794 2795
l 2795 2796
l 2796 2797
l 2797 2798
l 2798 2799
l 2799 2800
l 2800 2801
l 2801 2802
l 2802 2803
l 2803 2804
l 2804 2805
l 2805 2806
l 2806 2807
l 2807 2808
l 2808 2809
l 2809 2810
l 2810 2811
l 2811 2812
l 2812 2813
l 2813 2814
l 2814 2815
l 2815 2816
l 2816 2817
l 2817 2818
l 2818 2819
l 2819 2820
l 2820 2821
l 2821 2822
l 2822 2823
l 2823 2824
l 2824 2825
l 2825 2826
l 2826 2827
l 2827 2828
l 2828 2829
l 2829 2830
l 2830 2831
l 2831 2832
l 2832 2833
l 2833 2834
l 2834 2835
l 2835 2836
l 2836 2837
l 2837 2838
l 2838 2839
l 2839 2840
l 2840 2841
l 2841 2842
l 2842 2843
l 2843 2844
l 2844 2845
l 2845 2846
l 2846 2847
l 2847 2848
l 2848 2849
l 2849 2850
l 2850 2851
l 2851 2852
l 2852 2853
l 2853 2854
l 2854 2855
l 2855 2856
l 2856 2857
l 2857 2858
l 2858 2859
l 2859 2860
l 2860 2861
l 2861 2862
l 2862 2863
l 2863 2864
l 2864 2865
l 2865 2866
l 2866 2867
l 2867 2868
l 2868 2869
l 2869 2870
l 2870 2871
l 2871 2872
l 2872 2873
l 2873 2874
l 2874 2875
l 2875 2876
l 2876 2877
l 2877 2878
l 2878 2879
l 2879 2880
l 2880 2881
l 2881 2882
l 2882 2883
l 2883 2884
l 2884 2885
l 2885 2886
l 2886 2887
l 2887 2888
l 2888 2889
l 2889 2890
l 2890 2891
l 2891 2892
l 2892 2893
l 2893 2894
l 2894 2895
l 2895 2896
l 2896 2897
l 2897 2898
l 2898 2899
l 2899 2900
l 2900 2901
l 2901 2902
l 2902 2903
l 2903 2904
l 2904 2905
l 2905 2906
l 2906 2907
l 2907 2908
l 2908 2909
l 2909 2910
l 2910 2911
l 2911 2912
l 2912 2913
l 2913 2914
l 2914 2915
l 2915 2916
l 2916 2917
l 2917 2918
l 2918 2919
l 2919 2920
l 2920 2921
l 2921 2922
l 2922 2923
l 2923 2924
l 2924 2925
l 2925 2926
l 2926 2927
l 2927 2928
l 2928 2929
l 2929 2930
l 2930 2931
l 2931 2932
l 2932 2933
l 2933 2934
l 2934 2935
l 2935 2936
l 2936 2937
l 2937 2938
l 2938 2939
l 2939 2940
l 2940 2941
l 2941 2942
l 2942 2943
l 2943 2944
l 2944 2945
l 2945 2946
l 2946 2947
l 2947 2948
l 2948 2949
l 2949 2950
l 2950 2951
l 2951 2952
l 2952 2953
l 2953 2954
l 2954 2955
l 2955 2956
l 2956 2957
l 2957 2958
l 2958 2959
l 2959 2960
l 2960 2961
l 2961 2962
l 2962 2963
l 2963 2964
l 2964 2965
l 2965 2966
l 2966 2967
l 2967 2968
l 2968 2969
l 2969 2970
l 2970 2971
l 2971 2972
l 2972 2973
l 2973 2974
l 2974 2975
l 2975 2976
l 2976 2977
l 2977 2978
l 2978 2979
l 2979 2980
l 2980 2981
l 2981 2982
l 2982 2983
l 2983 2984
l 2984 2985
l 2985 2986
l 2986 2987
l 2987 2988
l 2988 2989
l 2989 2990
l 2990 2991
l 2991 2992
l 2992 2993
l 2993 2994
l 2994 2995
l 2995 2996
l 2996 2997
l 2997 2998
l 2998 2999
l 2999 3000
l 3000 3001
l 3001 3002
l 3002 3003
l 3003 3004
l 3004 3005
l 3005 3006
l 3006 3007
l 3007 3008
l 3008 3009
l 3009 3010
l 3010 3011
l 3011 3012
l 3012 3013
l 3013 3014
l 3014 3015
l 3015 3016
l 3016 3017
l 3017 3018
l 3018 3019
l 3019 3020
l 3020 3021
l 3021 3022
l 3022 3023
l 3023 3024
l 3024 3025
l 3025 3026
l 3026 3027
l 3027 3028
l 3028 3029
l 3029 3030
l 3030 3031
l 3031 3032
l 3032 3033
l 3033 3034
l 3034 3035
l 3035 3036
l 3036 3037
l 3037 3038
l 3038 3039
l 3039 3040
l 3040 3041
l 3041 3042
l 3042 3043
l 3043 3044
l 3044 3045
l 3045 3046
l 3046 3047
l 3047 3048
l 3048 3049
l 3049 3050
l 3050 3051
l 3051 3052
l 3052 3053
l 3053 3054
l 3054 3055
l 3055 3056
l 3056 3057
l 3057 3058
l 3058 3059
l 3059 3060
l 3060 3061
l 3061 3062
l 3062 3063
l 3063 3064
l 3064 3065
l 3065 3066
l 3066 3067
l 3067 3068
l 3068 3069
l 3069 3070
l 3070 3071
l 3071 3072
l 3072 3073
l 3073 3074
l 3074 3075
l 3075 3076
l 3076 3077
l 3077 3078
l 3078 3079
l 3079 3080
l 3080 3081
l 3081 3082
l 3082 3083
l 3083 3084
l 3084 3085
l 3085 3086
l 3086 3087
l 3087 3088
l 3088 3089
l 3089 3090
l 3090 3091
l 3091 3092
l 3092 3093
l 3093 3094
l 3094 3095
l 3095 3096
l 3096 3097
l 3097 3098
l 3098 3099
l 3099 3100
l 3100 3101
l 3101 3102
l 3102 3103
l 3103 3104
l 3104 3105
l 3105 3106
l 3106 3107
l 3107 3108
l 3108 3109
l 3109 3110
l 3110 3111
l 3111 3112
l 3112 3113
l 3113 3114
l 3114 3115
l 3115 3116
l 3116 3117
l 3117 3118
l 3118 3119
l 3119 3120
l 3120 3121
l 3121 3122
l 3122 3123
l 3123 3124
l 3124 3125
l 3125 3126
l 3126 3127
l 3127 3128
l 3128 3129
l 3129 3130
l 3130 3131
l 3131 3132
l 3132 3133
l 3133 3134
l 3134 3135
l 3135 3136
l 3136 3137
l 3137 3138
l 3138 3139
l 3139 3140
l 3140 3141
l 3141 3142
l 3142 3143
l 3143 3144
l 3144 3145
l 3145 3146
l 3146 3147
l 3147 3148
l 3148 3149
l 3149 3150
l 3150 3151
l 3151 3152
l 3152 3153
l 3153 3154
l 3154 3155
l 3155 3156
l 3156 3157
l 3157 3158
l 3158 3159
l 3159 3160
l 3160 3161
l 3161 3162
l 3162 3163
l 3163 3164
l 3164 3165
l 3165 3166
l 3166 3167
l 3167 3168
l 3168 3169
l 3169 3170
l 3170 3171
l 3171 3172
l 3172 3173
l 3173 3174
l 3174 3175
l 3175 3176
l 3176 3177
l 3177 3178
l 3178 3179
l 3179 3180
l 3180 3181
l 3181 3182
l 3182 3183
l 3183 3184
l 3184 3185
l 3185 3186
l 3186 3187
l 3187 3188
l 3188 3189
l 3189 3190
l 3190 3191
l 3191 3192
l 3192 3193
l 3193 3194
l 3194 3195
l 3195 3196
l 3196 3197
l 3197 3198
l 3198 3199
l 3199 3200
l 3201 3202
l 3202 3203
l 3203 3204
l 3204 3205
l 3205 3206
l 3206 3207
l 3207 3208
l 3208 3209
l 3209 3210
l 3210 3211
l 3211 3212
l 3212 3213
l 3213 3214
l 3214 3215
l 3215 3216
l 3216 3217
l 3217 3218
l 3218 3219
l 3219 3220
l 3220 3221
l 3221 3222
l 3222 3223
l 3223 3224
l 3224 3225
l 3225 3226
l 3226 3227
l 3227 3228
l 3228 3229
l 3229 3230
l 3230 3231
l 3231 3232
l 3232 3233
l 3233 3234
l 3234 3235
l 3235 3236
l 3236 3237
l 3237 3238
l 3238 3239
l 3239 3240
l 3240 3241
l 3241 3242
l 3242 3243
l 3243 3244
l 3244 3245
l 3245 3246
l 3246 3247
l 3247 3248
l 3248 3249
l 3249 3250
l 3250 3251
l 3251 3252
l 3252 3253
l 3253 3254
l 3254 3255
l 3255 3256
l 3256 3257
l 3257 3258
l 3258 3259
l 3259 3260
l 3260 3261
l 3261 3262
l 3262 3263
l 3263 3264
l 3264 3265
l 3265 3266
l 3266 3267
l 3267 3268
l 3268 3269
l 3269 3270
l 3270 3271
l 3271 3272
l 3272 3273
l 3273 3274
l 3274 3275
l 3275 3276
l 3276 3277
l 3277 3278
l 3278 3279
l 3279 3280
l 3280 3281
l 3281 3282
l 3282 3283
l 3283 3284
l 3284 3285
l 3285 3286
l 3286 3287
l 3287 3288
l 3288 3289
l 3289 3290
l 3290 3291
l 3291 3292
l 3292 3293
l 3293 3294
l 3294 3295
l 3295 3296
l 3296 3297
l 3297 3298
l 3298 3299
l 3299 3300
l 3300 3301
l 3301 3302
l 3302 3303
l 3303 3304
l 3304 3305
l 3305 3306
l 3306 3307
l 3307 3308
l 3308 3309
l 3309 3310
l 3310 3311
l 3311 3312
l 3312 3313
l 3313 3314
l 3314 3315
l 3315 3316
l 3316 3317
l 3317 3318
l 3318 3319
l 3319 3320
l 3320 3321
l 3321 3322
l 3322 3323
l 3323 3324
l 3324 3325
l 3325 3326
l 3326 3327
l 3327 3328
l 3328 3329
l 3329 3330
l 3330 3331
l 3331 3332
l 3332 3333
l 3333 3334
l 3334 3335
l 3335 3336
l 3336 3337
l 3337 3338
l 3338 3339
l 3339 3340
l 3340 3341
l 3341 3342
l 3342 3343
l 3343 3344
l 3344 3345
l 3345 3346
l 3346 3347
l 3347 3348
l 3348 3349
l 3349 3350
l 3350 3351
l 3351 3352
l 3352 3353
l 3353 3354
l 3354 3355
l 3355 3356
l 3356 3357
l 3357 3358
l 3358 3359
l 3359 3360
l 3360 3361
l 3361 3362
l 3362 3363
l 3363 3364
l 3364 3365
l 3365 3366
l 3366 3367
l 3367 3368
l 3368 3369
l 3369 3370
l 3370 3371
l 3371 3372
l 3372 3373
l 3373 3374
l 3374 3375
l 3375 3376
l 3376 3377
l 3377 3378
l 3378 3379
l 3379 3380
l 3380 3381
l 3381 3382
l 3382 3383
l 3383 3384
l 3384 3385
l 3385 3386
l 3386 3387
l 3387 3388
l 3388 3389
l 3389 3390
l 3390 3391
l 3391 3392
l 3392 3393
l 3393 3394
l 3394 3395
l 3395 3396
l 3396 3397
l 3397 3398
l 3398 3399
l 3399 3400
l 3400 3401
l 3401 3402
l 3402 3403
l 3403 3404
l 3404 3405
l 3405 3406
l 3406 3407
l 3407 3408
l 3408 3409
l 3409 3410
l 3410 3411
l 3411 3412
l 3412 3413
l 3413 3414
l 3414 3415
l 3415 3416
l 3416 3417
l 3417 3418
l 3418 3419
l 3419 3420
l 3420 3421
l 3421 3422
l 3422 3423
l 3423 3424
l 3424 3425
l 3425 3426
l 3426 3427
l 3427 3428
l 3428 3429
l 3429 3430
l 3430 3431
l 3431 3432
l 3432 3433
l 3433 3434
l 3434 3435
l 3435 3436
l 3436 3437
l 3437 3438
l 3438 3439
l 3439 3440
l 3440 3441
l 3441 3442
l 3442 3443
l 3443 3444
l 3444 3445
l 3445 3446
l 3446 3447
l 3447 3448
l 3448 3449
l 3449 3450
l 3450 3451
l 3451 3452
l 3452 3453
l 3453 3454
l 3454 3455
l 3455 3456
l 3456 3457
l 3457 3458
l 3458 3459
l 3459 3460
l 3460 3461
l 3461 3462
l 3462 3463
l 3463 3464
l 3464 3465
l 3465 3466
l 3466 3467
l 3467 3468
l 3468 3469
l 3469 3470
l 3470 3471
l 3471 3472
l 3472 3473
l 3473 3474
l 3474 3475
l 3475 3476
l 3476 3477
l 3477 3478
l 3478 3479
l 3479 3480
l 3480 3481
l 3481 3482
l 3482 3483
l 3483 3484
l 3484 3485
l 3485 3486
l 3486 3487
l 3487 3488
l 3488 3489
l 3489 3490
l 3490 3491
l 3491 3492
l 3492 3493
l 3493 3494
l 3494 3495
l 3495 3496
l 3496 3497
l 3497 3498
l 3498 3499
l 3499 3500
l 3500 3501
l 3501 3502
l 3502 3503
l 3503 3504
l 3504 3505
l 3505 3506
l 3506 3507
l 3507 3508
l 3508 3509
l 3509 3510
l 3510 3511
l 3511 3512
l 3512 3513
l 3513 3514
l 3514 3515
l 3515 3516
l 3516 3517
l 3517 3518
l 3518 3519
l 3519 3520
l 3520 3521
l 3521 3522
l 3522 3523
l 3523 3524
l 3524 3525
l 3525 3526
l 3526 3527
l 3527 3528
l 3528 3529
l 3529 3530
l 3530 3531
l 3531 3532
l 3532 3533
l 3533 3534
l 3534 3535
l 3535 3536
l 3536 3537
l 3537 3538
l 3538 3539
l 3539 3540
l 3540 3541
l 3541 3542
l 3542 3543
l 3543 3544
l 3544 3545
l 3545 3546
l 3546 3547
l 3547 3548
l 3548 3549
l 3549 3550
l 3550 3551
l 3551 3552
l 3552 3553
l 3553 3554
l 3554 3555
l 3555 3556
l 3556 3557
l 3557 3558
l 3558 3559
l 3559 3560
l 3560 3561
l 3561 3562
l 3562 3563
l 3563 3564
l 3564 3565
l 3565 3566
l 3566 3567
l 3567 3568
l 3568 3569
l 3569 3570
l 3570 3571
l 3571 3572
l 3572 3573
l 3573 3574
l 3574 3575
l 3575 3576
l 3576 3577
l 3577 3578
l 3578 3579
l 3579 3580
l 3580 3581
l 3581 3582
l 3582 3583
l 3583 3584
l 3584 3585
l 3585 3586
l 3586 3587
l 3587 3588
l 3588 3589
l 3589 3590
l 3590 3591
l 3591 3592
l 3592 3593
l 3593 3594
l 3594 3595
l 3595 3596
l 3596 3597
l 3597 3598
l 3598 3599
l 3599 3600
l 3600 3601
l 3601 3602
l 3602 3603
l 3603 3604
l 3604 3605
l 3605 3606
l 3606 3607
l 3607 3608
l 3608 3609
l 3609 3610
l 3610 3611
l 3611 3612
l 3612 3613
l 3613 3614
l 3614 3615
l 3615 3616
l 3616 3617
l 3617 3618
l 3618 3619
l 3619 3620
l 3620 3621
l 3621 3622
l 3622 3623
l 3623 3624
l 3624 3625
l 3625 3626
l 3626 3627
l 3627 3628
l 3628 3629
l 3629 3630
l 3630 3631
l 3631 3632
l 3632 3633
l 3633 3634
l 3634 3635
l 3635 3636
l 3636 3637
l 3637 3638
l 3638 3639
l 3639 3640
l 3640 3641
l 3641 3642
l 3642 3643
l 3643 3644
l 3644 3645
l 3645 3646
l 3646 3647
l 3647 3648
l 3648 3649
l 3649 3650
l 3650 3651
l 3651 3652
l 3652 3653
l 3653 3654
l 3654 3655
l 3655 3656
l 3656 3657
l 3657 3658
l 3658 3659
l 3659 3660
l 3660 3661
l 3661 3662
l 3662 3663
l 3663 3664
l 3664 3665
l 3665 3666
l 3666 3667
l 3667 3668
l 3668 3669
l 3669 3670
l 3670 3671
l 3671 3672
l 3672 3673
l 3673 3674
l 3674 3675
l 3675 3676
l 3676 3677
l 3677 3678
l 3678 3679
l 3679 3680
l 3680 3681
l 3681 3682
l 3682 3683
l 3683 3684
l 3684 3685
l 3685 3686
l 3686 3687
l 3687 3688
l 3688 3689
l 3689 3690
l 3690 3691
l 3691 3692
l 3692 3693
l 3693 3694
l 3694 3695
l 3695 3696
l 3696 3697
l 3697 3698
l 3698 3699
l 3699 3700
l 3700 3701
l 3701 3702
l 3702 3703
l 3703 3704
l 3704 3705
l 3705 3706
l 3706 3707
l 3707 3708
l 3708 3709
l 3709 3710
l 3710 3711
l 3711 3712
l 3712 3713
l 3713 3714
l 3714 3715
l 3715 3716
l 3716 3717
l 3717 3718
l 3718 3719
l 3719 3720
l 3720 3721
l 3721 3722
l 3722 3723
l 3723 3724
l 3724 3725
l 3725 3726
l 3726 3727
l 3727 3728
l 3728 3729
l 3729 3730
l 3730 3731
l 3731 3732
l 3732 3733
l 3733 3734
l 3734 3735
l 3735 3736
l 3736 3737
l 3737 3738
l 3738 3739
l 3739 3740
l 3740 3741
l 3741 3742
l 3742 3743
l 3743 3744
l 3744 3745
l 3745 3746
l 3746 3747
l 3747 3748
l 3748 3749
l 3749 3750
l 3750 3751
l 3751 3752
l 3752 3753
l 3753 3754
l 3754 3755
l 3755 3756
l 3756 3757
l 3757 3758
l 3758 3759
l 3759 3760
l 3760 3761
l 3761 3762
l 3762 3763
l 3763 3764
l 3764 3765
l 3765 3766
l 3766 3767
l 3767 3768
l 3768 3769
l 3769 3770
l 3770 3771
l 3771 3772
l 3772 3773
l 3773 3774
l 3774 3775
l 3775 3776
l 3776 3777
l 3777 3778
l 3778 3779
l 3779 3780
l 3780 3781
l 3781 3782
l 3782 3783
l 3783 3784
l 3784 3785
l 3785 3786
l 3786 3787
l 3787 3788
l 3788 3789
l 3789 3790
l 3790 3791
l 3791 3792
l 3792 3793
l 3793 3794
l 3794 3795
l 3795 3796
l 3796 3797
l 3797 3798
l 3798 3799
l 3799 3800
l 3800 3801
l 3801 3802
l 3802 3803
l 3803 3804
l 3804 3805
l 3805 3806
l 3806 3807
l 3807 3808
l 3808 3809
l 3809 3810
l 3810 3811
l 3811 3812
l 3812 3813
l 3813 3814
l 3814 3815
l 3815 3816
l 3816 3817
l 3817 3818
l 3818 3819
l 3819 3820
l 3820 3821
l 3821 3822
l 3822 3823
l 3823 3824
l 3824 3825
l 3825 3826
l 3826 3827
l 3827 3828
l 3828 3829
l 3829 3830
l 3830 3831
l 3831 3832
l 3832 3833
l 3833 3834
l 3834 3835
l 3835 3836
l 3836 3837
l 3837 3838
l 3838 3839
l 3839 3840
l 3840 3841
l 3841 3842
l 3842 3843
l 3843 3844
l 3844 3845
l 3845 3846
l 3846 3847
l 3847 3848
l 3848 3849
l 3849 3850
l 3850 3851
l 3851 3852
l 3852 3853
l 3853 3854
l 3854 3855
l 3855 3856
l 3856 3857
l 3857 3858
l 3858 3859
l 3859 3860
l 3860 3861
l 3861 3862
l 3862 3863
l 3863 3864
l 3864 3865
l 3865 3866
l 3866 3867
l 3867 3868
l 3868 3869
l 3869 3870
l 3870 3871
l 3871 3872
l 3872 3873
l 3873 3874
l 3874 3875
l 3875 3876
l 3876 3877
l 3877 3878
l 3878 3879
l 3879 3880
l 3880 3881
l 3881 3882
l 3882 3883
l 3883 3884
l 3884 3885
l 3885 3886
l 3886 3887
l 3887 3888
l 3888 3889
l 3889 3890
l 3890 3891
l 3891 3892
l 3892 3893
l 3893 3894
l 3894 3895
l 3895 3896
l 3896 3897
l 3897 3898
l 3898 3899
l 3899 3900
l 3900 3901
l 3901 3902
l 3902 3903
l 3903 3904
l 3904 3905
l 3905 3906
l 3906 3907
l 3907 3908
l 3908 3909
l 3909 3910
l 3910 3911
l 3911 3912
l 3912 3913
l 3913 3914
l 3914 3915
l 3915 3916
l 3916 3917
l 3917 3918
l 3918 3919
l 3919 3920
l 3920 3921
l 3921 3922
l 3922 3923
l 3923 3924
l 3924 3925
l 3925 3926
l 3926 3927
l 3927 3928
l 3928 3929
l 3929 3930
l 3930 3931
l 3931 3932
l 3932 3933
l 3933 3934
l 3934 3935
l 3935 3936
l 3936 3937
l 3937 3938
l 3938 3939
l 3939 3940
l 3940 3941
l 3941 3942
l 3942 3943
l 3943 3944
l 3944 3945
l 3945 3946
l 3946 3947
l 3947 3948
l 3948 3949
l 3949 3950
l 3950 3951
l 3951 3952
l 3952 3953
l 3953 3954
l 3954 3955
l 3955 3956
l 3956 3957
l 3957 3958
l 3958 3959
l 3959 3960
l 3960 3961
l 3961 3962
l 3962 3963
l 3963 3964
l 3964 3965
l 3965 3966
l 3966 3967
l 3967 3968
l 3968 3969
l 3969 3970
l 3970 3971
l 3971 3972
l 3972 3973
l 3973 3974
l 3974 3975
l 3975 3976
l 3976 3977
l 3977 3978
l 3978 3979
l 3979 3980
l 3980 3981
l 3981 3982
l 3982 3983
l 3983 3984
l 3984 3985
l 3985 3986
l 3986 3987
l 3987 3988
l 3988 3989
l 3989 3990
l 3990 3991
l 3991 3992
l 3992 3993
l 3993 3994
l 3994 3995
l 3995 3996
l 3996 3997
l 3997 3998
l 3998 3999
l 3999 4000
