0
SECTION
2
HEADER
9
$ACADVER
1
AC1009
0
ENDSEC
0
SECTION
2
TABLES
0
TABLE
2
LAYER
70
5
0
LAYER
2
right_lower
70
0
62
1
6
CONTINUOUS
0
LAYER
2
right_upper
70
0
62
2
6
CONTINUOUS
0
LAYER
2
center_top
70
0
62
3
6
CONTINUOUS
0
LAYER
2
left_upper
70
0
62
4
6
CONTINUOUS
0
LAYER
2
left_lower
70
0
62
5
6
CONTINUOUS
0
ENDTAB
0
ENDSEC
0
SECTION
2
ENTITIES
0
POLYLINE
8
right_lower
66
1
70
0
10
0.0
20
0.0
30
0.0
0
VERTEX
8
right_lower
10
1634.000
20
-593.000
30
0.0
0
VERTEX
8
right_lower
10
1633.081
20
-593.957
30
0.0
0
VERTEX
8
right_lower
10
1632.165
20
-594.881
30
0.0
0
VERTEX
8
right_lower
10
1631.251
20
-595.774
30
0.0
0
VERTEX
8
right_lower
10
1630.339
20
-596.635
30
0.0
0
VERTEX
8
right_lower
10
1629.430
20
-597.466
30
0.0
0
VERTEX
8
right_lower
10
1628.524
20
-598.267
30
0.0
0
VERTEX
8
right_lower
10
1627.619
20
-599.037
30
0.0
0
VERTEX
8
right_lower
10
1626.717
20
-599.778
30
0.0
0
VERTEX
8
right_lower
10
1625.818
20
-600.490
30
0.0
0
VERTEX
8
right_lower
10
1624.920
20
-601.173
30
0.0
0
VERTEX
8
right_lower
10
1624.024
20
-601.828
30
0.0
0
VERTEX
8
right_lower
10
1623.131
20
-602.455
30
0.0
0
VERTEX
8
right_lower
10
1622.239
20
-603.055
30
0.0
0
VERTEX
8
right_lower
10
1621.350
20
-603.628
30
0.0
0
VERTEX
8
right_lower
10
1620.462
20
-604.175
30
0.0
0
VERTEX
8
right_lower
10
1619.576
20
-604.695
30
0.0
0
VERTEX
8
right_lower
10
1618.692
20
-605.189
30
0.0
0
VERTEX
8
right_lower
10
1617.810
20
-605.659
30
0.0
0
VERTEX
8
right_lower
10
1616.929
20
-606.103
30
0.0
0
VERTEX
8
right_lower
10
1616.050
20
-606.523
30
0.0
0
VERTEX
8
right_lower
10
1615.172
20
-606.919
30
0.0
0
VERTEX
8
right_lower
10
1614.296
20
-607.292
30
0.0
0
VERTEX
8
right_lower
10
1613.421
20
-607.642
30
0.0
0
VERTEX
8
right_lower
10
1612.548
20
-607.968
30
0.0
0
VERTEX
8
right_lower
10
1611.676
20
-608.273
30
0.0
0
VERTEX
8
right_lower
10
1610.805
20
-608.556
30
0.0
0
VERTEX
8
right_lower
10
1609.936
20
-608.817
30
0.0
0
VERTEX
8
right_lower
10
1609.067
20
-609.057
30
0.0
0
VERTEX
8
right_lower
10
1608.200
20
-609.277
30
0.0
0
VERTEX
8
right_lower
10
1607.334
20
-609.477
30
0.0
0
VERTEX
8
right_lower
10
1606.469
20
-609.657
30
0.0
0
VERTEX
8
right_lower
10
1605.604
20
-609.817
30
0.0
0
VERTEX
8
right_lower
10
1604.741
20
-609.959
30
0.0
0
VERTEX
8
right_lower
10
1603.879
20
-610.082
30
0.0
0
VERTEX
8
right_lower
10
1603.017
20
-610.188
30
0.0
0
VERTEX
8
right_lower
10
1602.156
20
-610.276
30
0.0
0
VERTEX
8
right_lower
10
1601.295
20
-610.346
30
0.0
0
VERTEX
8
right_lower
10
1600.436
20
-610.400
30
0.0
0
VERTEX
8
right_lower
10
1599.576
20
-610.438
30
0.0
0
VERTEX
8
right_lower
10
1598.718
20
-610.460
30
0.0
0
VERTEX
8
right_lower
10
1597.859
20
-610.466
30
0.0
0
VERTEX
8
right_lower
10
1597.002
20
-610.458
30
0.0
0
VERTEX
8
right_lower
10
1596.144
20
-610.435
30
0.0
0
VERTEX
8
right_lower
10
1595.287
20
-610.397
30
0.0
0
VERTEX
8
right_lower
10
1594.430
20
-610.346
30
0.0
0
VERTEX
8
right_lower
10
1593.573
20
-610.282
30
0.0
0
VERTEX
8
right_lower
10
1592.716
20
-610.205
30
0.0
0
VERTEX
8
right_lower
10
1591.859
20
-610.115
30
0.0
0
VERTEX
8
right_lower
10
1591.003
20
-610.013
30
0.0
0
VERTEX
8
right_lower
10
1590.146
20
-609.900
30
0.0
0
VERTEX
8
right_lower
10
1589.289
20
-609.775
30
0.0
0
VERTEX
8
right_lower
10
1588.432
20
-609.640
30
0.0
0
VERTEX
8
right_lower
10
1587.575
20
-609.495
30
0.0
0
VERTEX
8
right_lower
10
1586.717
20
-609.339
30
0.0
0
VERTEX
8
right_lower
10
1585.860
20
-609.174
30
0.0
0
VERTEX
8
right_lower
10
1585.001
20
-609.000
30
0.0
0
VERTEX
8
right_lower
10
1584.143
20
-608.818
30
0.0
0
VERTEX
8
right_lower
10
1583.284
20
-608.627
30
0.0
0
VERTEX
8
right_lower
10
1582.424
20
-608.429
30
0.0
0
VERTEX
8
right_lower
10
1581.564
20
-608.223
30
0.0
0
VERTEX
8
right_lower
10
1580.703
20
-608.010
30
0.0
0
VERTEX
8
right_lower
10
1579.841
20
-607.791
30
0.0
0
VERTEX
8
right_lower
10
1578.979
20
-607.566
30
0.0
0
VERTEX
8
right_lower
10
1578.116
20
-607.335
30
0.0
0
VERTEX
8
right_lower
10
1577.251
20
-607.099
30
0.0
0
VERTEX
8
right_lower
10
1576.386
20
-606.858
30
0.0
0
VERTEX
8
right_lower
10
1575.520
20
-606.613
30
0.0
0
VERTEX
8
right_lower
10
1574.653
20
-606.364
30
0.0
0
VERTEX
8
right_lower
10
1573.785
20
-606.111
30
0.0
0
VERTEX
8
right_lower
10
1572.916
20
-605.855
30
0.0
0
VERTEX
8
right_lower
10
1572.045
20
-605.597
30
0.0
0
VERTEX
8
right_lower
10
1571.174
20
-605.337
30
0.0
0
VERTEX
8
right_lower
10
1570.300
20
-605.074
30
0.0
0
VERTEX
8
right_lower
10
1569.426
20
-604.811
30
0.0
0
VERTEX
8
right_lower
10
1568.550
20
-604.546
30
0.0
0
VERTEX
8
right_lower
10
1567.673
20
-604.281
30
0.0
0
VERTEX
8
right_lower
10
1566.794
20
-604.016
30
0.0
0
VERTEX
8
right_lower
10
1565.913
20
-603.751
30
0.0
0
VERTEX
8
right_lower
10
1565.031
20
-603.487
30
0.0
0
VERTEX
8
right_lower
10
1564.147
20
-603.224
30
0.0
0
VERTEX
8
right_lower
10
1563.262
20
-602.963
30
0.0
0
VERTEX
8
right_lower
10
1562.374
20
-602.704
30
0.0
0
VERTEX
8
right_lower
10
1561.485
20
-602.447
30
0.0
0
VERTEX
8
right_lower
10
1560.594
20
-602.194
30
0.0
0
VERTEX
8
right_lower
10
1559.700
20
-601.943
30
0.0
0
VERTEX
8
right_lower
10
1558.805
20
-601.697
30
0.0
0
VERTEX
8
right_lower
10
1557.908
20
-601.454
30
0.0
0
VERTEX
8
right_lower
10
1557.008
20
-601.216
30
0.0
0
VERTEX
8
right_lower
10
1556.107
20
-600.984
30
0.0
0
VERTEX
8
right_lower
10
1555.203
20
-600.756
30
0.0
0
VERTEX
8
right_lower
10
1554.297
20
-600.535
30
0.0
0
VERTEX
8
right_lower
10
1553.388
20
-600.320
30
0.0
0
VERTEX
8
right_lower
10
1552.477
20
-600.111
30
0.0
0
VERTEX
8
right_lower
10
1551.563
20
-599.910
30
0.0
0
VERTEX
8
right_lower
10
1550.647
20
-599.717
30
0.0
0
VERTEX
8
right_lower
10
1549.729
20
-599.531
30
0.0
0
VERTEX
8
right_lower
10
1548.808
20
-599.354
30
0.0
0
VERTEX
8
right_lower
10
1547.884
20
-599.186
30
0.0
0
VERTEX
8
right_lower
10
1546.957
20
-599.027
30
0.0
0
VERTEX
8
right_lower
10
1546.027
20
-598.878
30
0.0
0
VERTEX
8
right_lower
10
1545.095
20
-598.739
30
0.0
0
VERTEX
8
right_lower
10
1544.160
20
-598.610
30
0.0
0
VERTEX
8
right_lower
10
1543.222
20
-598.493
30
0.0
0
VERTEX
8
right_lower
10
1542.280
20
-598.387
30
0.0
0
VERTEX
8
right_lower
10
1541.336
20
-598.293
30
0.0
0
VERTEX
8
right_lower
10
1540.388
20
-598.211
30
0.0
0
VERTEX
8
right_lower
10
1539.438
20
-598.142
30
0.0
0
VERTEX
8
right_lower
10
1538.484
20
-598.086
30
0.0
0
VERTEX
8
right_lower
10
1537.527
20
-598.044
30
0.0
0
VERTEX
8
right_lower
10
1536.566
20
-598.015
30
0.0
0
VERTEX
8
right_lower
10
1535.602
20
-598.001
30
0.0
0
VERTEX
8
right_lower
10
1534.635
20
-598.002
30
0.0
0
VERTEX
8
right_lower
10
1533.664
20
-598.018
30
0.0
0
VERTEX
8
right_lower
10
1532.690
20
-598.048
30
0.0
0
VERTEX
8
right_lower
10
1531.712
20
-598.093
30
0.0
0
VERTEX
8
right_lower
10
1530.732
20
-598.152
30
0.0
0
VERTEX
8
right_lower
10
1529.748
20
-598.224
30
0.0
0
VERTEX
8
right_lower
10
1528.762
20
-598.309
30
0.0
0
VERTEX
8
right_lower
10
1527.773
20
-598.407
30
0.0
0
VERTEX
8
right_lower
10
1526.782
20
-598.517
30
0.0
0
VERTEX
8
right_lower
10
1525.788
20
-598.639
30
0.0
0
VERTEX
8
right_lower
10
1524.791
20
-598.773
30
0.0
0
VERTEX
8
right_lower
10
1523.793
20
-598.918
30
0.0
0
VERTEX
8
right_lower
10
1522.793
20
-599.074
30
0.0
0
VERTEX
8
right_lower
10
1521.790
20
-599.240
30
0.0
0
VERTEX
8
right_lower
10
1520.786
20
-599.417
30
0.0
0
VERTEX
8
right_lower
10
1519.780
20
-599.603
30
0.0
0
VERTEX
8
right_lower
10
1518.773
20
-599.799
30
0.0
0
VERTEX
8
right_lower
10
1517.764
20
-600.003
30
0.0
0
VERTEX
8
right_lower
10
1516.754
20
-600.217
30
0.0
0
VERTEX
8
right_lower
10
1515.743
20
-600.438
30
0.0
0
VERTEX
8
right_lower
10
1514.731
20
-600.668
30
0.0
0
VERTEX
8
right_lower
10
1513.717
20
-600.905
30
0.0
0
VERTEX
8
right_lower
10
1512.703
20
-601.149
30
0.0
0
VERTEX
8
right_lower
10
1511.689
20
-601.399
30
0.0
0
VERTEX
8
right_lower
10
1510.674
20
-601.657
30
0.0
0
VERTEX
8
right_lower
10
1509.658
20
-601.920
30
0.0
0
VERTEX
8
right_lower
10
1508.642
20
-602.189
30
0.0
0
VERTEX
8
right_lower
10
1507.627
20
-602.463
30
0.0
0
VERTEX
8
right_lower
10
1506.611
20
-602.742
30
0.0
0
VERTEX
8
right_lower
10
1505.595
20
-603.025
30
0.0
0
VERTEX
8
right_lower
10
1504.579
20
-603.313
30
0.0
0
VERTEX
8
right_lower
10
1503.564
20
-603.604
30
0.0
0
VERTEX
8
right_lower
10
1502.549
20
-603.899
30
0.0
0
VERTEX
8
right_lower
10
1501.535
20
-604.197
30
0.0
0
VERTEX
8
right_lower
10
1500.522
20
-604.497
30
0.0
0
VERTEX
8
right_lower
10
1499.510
20
-604.800
30
0.0
0
VERTEX
8
right_lower
10
1498.498
20
-605.104
30
0.0
0
VERTEX
8
right_lower
10
1497.488
20
-605.410
30
0.0
0
VERTEX
8
right_lower
10
1496.479
20
-605.718
30
0.0
0
VERTEX
8
right_lower
10
1495.471
20
-606.026
30
0.0
0
VERTEX
8
right_lower
10
1494.465
20
-606.334
30
0.0
0
VERTEX
8
right_lower
10
1493.461
20
-606.643
30
0.0
0
VERTEX
8
right_lower
10
1492.458
20
-606.951
30
0.0
0
VERTEX
8
right_lower
10
1491.457
20
-607.258
30
0.0
0
VERTEX
8
right_lower
10
1490.458
20
-607.564
30
0.0
0
VERTEX
8
right_lower
10
1489.462
20
-607.869
30
0.0
0
VERTEX
8
right_lower
10
1488.467
20
-608.172
30
0.0
0
VERTEX
8
right_lower
10
1487.476
20
-608.473
30
0.0
0
VERTEX
8
right_lower
10
1486.486
20
-608.771
30
0.0
0
VERTEX
8
right_lower
10
1485.499
20
-609.066
30
0.0
0
VERTEX
8
right_lower
10
1484.515
20
-609.358
30
0.0
0
VERTEX
8
right_lower
10
1483.534
20
-609.646
30
0.0
0
VERTEX
8
right_lower
10
1482.557
20
-609.930
30
0.0
0
VERTEX
8
right_lower
10
1481.582
20
-610.210
30
0.0
0
VERTEX
8
right_lower
10
1480.610
20
-610.485
30
0.0
0
VERTEX
8
right_lower
10
1479.642
20
-610.754
30
0.0
0
VERTEX
8
right_lower
10
1478.678
20
-611.018
30
0.0
0
VERTEX
8
right_lower
10
1477.717
20
-611.276
30
0.0
0
VERTEX
8
right_lower
10
1476.760
20
-611.528
30
0.0
0
VERTEX
8
right_lower
10
1475.807
20
-611.773
30
0.0
0
VERTEX
8
right_lower
10
1474.858
20
-612.011
30
0.0
0
VERTEX
8
right_lower
10
1473.913
20
-612.241
30
0.0
0
VERTEX
8
right_lower
10
1472.973
20
-612.464
30
0.0
0
VERTEX
8
right_lower
10
1472.036
20
-612.679
30
0.0
0
VERTEX
8
right_lower
10
1471.105
20
-612.884
30
0.0
0
VERTEX
8
right_lower
10
1470.178
20
-613.081
30
0.0
0
VERTEX
8
right_lower
10
1469.256
20
-613.269
30
0.0
0
VERTEX
8
right_lower
10
1468.339
20
-613.447
30
0.0
0
VERTEX
8
right_lower
10
1467.427
20
-613.615
30
0.0
0
VERTEX
8
right_lower
10
1466.521
20
-613.772
30
0.0
0
VERTEX
8
right_lower
10
1465.619
20
-613.919
30
0.0
0
VERTEX
8
right_lower
10
1464.724
20
-614.054
30
0.0
0
VERTEX
8
right_lower
10
1463.833
20
-614.178
30
0.0
0
VERTEX
8
right_lower
10
1462.949
20
-614.290
30
0.0
0
VERTEX
8
right_lower
10
1462.070
20
-614.390
30
0.0
0
VERTEX
8
right_lower
10
1461.197
20
-614.477
30
0.0
0
VERTEX
8
right_lower
10
1460.331
20
-614.551
30
0.0
0
VERTEX
8
right_lower
10
1459.470
20
-614.611
30
0.0
0
VERTEX
8
right_lower
10
1458.616
20
-614.658
30
0.0
0
VERTEX
8
right_lower
10
1457.769
20
-614.690
30
0.0
0
VERTEX
8
right_lower
10
1456.928
20
-614.708
30
0.0
0
VERTEX
8
right_lower
10
1456.094
20
-614.711
30
0.0
0
VERTEX
8
right_lower
10
1455.266
20
-614.699
30
0.0
0
VERTEX
8
right_lower
10
1454.446
20
-614.671
30
0.0
0
VERTEX
8
right_lower
10
1453.633
20
-614.627
30
0.0
0
VERTEX
8
right_lower
10
1452.827
20
-614.566
30
0.0
0
VERTEX
8
right_lower
10
1452.028
20
-614.489
30
0.0
0
VERTEX
8
right_lower
10
1451.237
20
-614.395
30
0.0
0
VERTEX
8
right_lower
10
1450.454
20
-614.283
30
0.0
0
VERTEX
8
right_lower
10
1449.678
20
-614.153
30
0.0
0
VERTEX
8
right_lower
10
1448.911
20
-614.005
30
0.0
0
VERTEX
8
right_lower
10
1448.151
20
-613.838
30
0.0
0
VERTEX
8
right_lower
10
1447.399
20
-613.652
30
0.0
0
VERTEX
8
right_lower
10
1446.656
20
-613.447
30
0.0
0
VERTEX
8
right_lower
10
1445.921
20
-613.221
30
0.0
0
VERTEX
8
right_lower
10
1445.195
20
-612.976
30
0.0
0
VERTEX
8
right_lower
10
1444.477
20
-612.711
30
0.0
0
VERTEX
8
right_lower
10
1443.768
20
-612.424
30
0.0
0
VERTEX
8
right_lower
10
1443.068
20
-612.116
30
0.0
0
VERTEX
8
right_lower
10
1442.377
20
-611.786
30
0.0
0
VERTEX
8
right_lower
10
1441.695
20
-611.435
30
0.0
0
VERTEX
8
right_lower
10
1441.022
20
-611.061
30
0.0
0
VERTEX
8
right_lower
10
1440.359
20
-610.664
30
0.0
0
VERTEX
8
right_lower
10
1439.705
20
-610.244
30
0.0
0
VERTEX
8
right_lower
10
1439.062
20
-609.800
30
0.0
0
VERTEX
8
right_lower
10
1438.427
20
-609.333
30
0.0
0
VERTEX
8
right_lower
10
1437.803
20
-608.841
30
0.0
0
VERTEX
8
right_lower
10
1437.189
20
-608.326
30
0.0
0
VERTEX
8
right_lower
10
1436.584
20
-607.787
30
0.0
0
VERTEX
8
right_lower
10
1435.987
20
-607.225
30
0.0
0
VERTEX
8
right_lower
10
1435.400
20
-606.643
30
0.0
0
VERTEX
8
right_lower
10
1434.820
20
-606.040
30
0.0
0
VERTEX
8
right_lower
10
1434.247
20
-605.417
30
0.0
0
VERTEX
8
right_lower
10
1433.681
20
-604.776
30
0.0
0
VERTEX
8
right_lower
10
1433.121
20
-604.118
30
0.0
0
VERTEX
8
right_lower
10
1432.568
20
-603.442
30
0.0
0
VERTEX
8
right_lower
10
1432.019
20
-602.752
30
0.0
0
VERTEX
8
right_lower
10
1431.475
20
-602.047
30
0.0
0
VERTEX
8
right_lower
10
1430.936
20
-601.328
30
0.0
0
VERTEX
8
right_lower
10
1430.400
20
-600.596
30
0.0
0
VERTEX
8
right_lower
10
1429.868
20
-599.852
30
0.0
0
VERTEX
8
right_lower
10
1429.338
20
-599.098
30
0.0
0
VERTEX
8
right_lower
10
1428.811
20
-598.334
30
0.0
0
VERTEX
8
right_lower
10
1428.285
20
-597.561
30
0.0
0
VERTEX
8
right_lower
10
1427.761
20
-596.780
30
0.0
0
VERTEX
8
right_lower
10
1427.237
20
-595.992
30
0.0
0
VERTEX
8
right_lower
10
1426.714
20
-595.199
30
0.0
0
VERTEX
8
right_lower
10
1426.190
20
-594.400
30
0.0
0
VERTEX
8
right_lower
10
1425.666
20
-593.597
30
0.0
0
VERTEX
8
right_lower
10
1425.140
20
-592.790
30
0.0
0
VERTEX
8
right_lower
10
1424.613
20
-591.982
30
0.0
0
VERTEX
8
right_lower
10
1424.083
20
-591.173
30
0.0
0
VERTEX
8
right_lower
10
1423.550
20
-590.363
30
0.0
0
VERTEX
8
right_lower
10
1423.015
20
-589.554
30
0.0
0
VERTEX
8
right_lower
10
1422.475
20
-588.746
30
0.0
0
VERTEX
8
right_lower
10
1421.931
20
-587.941
30
0.0
0
VERTEX
8
right_lower
10
1421.382
20
-587.140
30
0.0
0
VERTEX
8
right_lower
10
1420.828
20
-586.343
30
0.0
0
VERTEX
8
right_lower
10
1420.268
20
-585.552
30
0.0
0
VERTEX
8
right_lower
10
1419.701
20
-584.767
30
0.0
0
VERTEX
8
right_lower
10
1419.128
20
-583.990
30
0.0
0
VERTEX
8
right_lower
10
1418.548
20
-583.221
30
0.0
0
VERTEX
8
right_lower
10
1417.959
20
-582.461
30
0.0
0
VERTEX
8
right_lower
10
1417.362
20
-581.712
30
0.0
0
VERTEX
8
right_lower
10
1416.756
20
-580.974
30
0.0
0
VERTEX
8
right_lower
10
1416.141
20
-580.248
30
0.0
0
VERTEX
8
right_lower
10
1415.516
20
-579.535
30
0.0
0
VERTEX
8
right_lower
10
1414.881
20
-578.837
30
0.0
0
VERTEX
8
right_lower
10
1414.235
20
-578.153
30
0.0
0
VERTEX
8
right_lower
10
1413.577
20
-577.485
30
0.0
0
VERTEX
8
right_lower
10
1412.907
20
-576.835
30
0.0
0
VERTEX
8
right_lower
10
1412.225
20
-576.202
30
0.0
0
VERTEX
8
right_lower
10
1411.530
20
-575.589
30
0.0
0
VERTEX
8
right_lower
10
1410.823
20
-574.994
30
0.0
0
VERTEX
8
right_lower
10
1410.103
20
-574.417
30
0.0
0
VERTEX
8
right_lower
10
1409.370
20
-573.858
30
0.0
0
VERTEX
8
right_lower
10
1408.627
20
-573.316
30
0.0
0
VERTEX
8
right_lower
10
1407.872
20
-572.791
30
0.0
0
VERTEX
8
right_lower
10
1407.107
20
-572.282
30
0.0
0
VERTEX
8
right_lower
10
1406.331
20
-571.788
30
0.0
0
VERTEX
8
right_lower
10
1405.545
20
-571.309
30
0.0
0
VERTEX
8
right_lower
10
1404.751
20
-570.845
30
0.0
0
VERTEX
8
right_lower
10
1403.947
20
-570.394
30
0.0
0
VERTEX
8
right_lower
10
1403.134
20
-569.956
30
0.0
0
VERTEX
8
right_lower
10
1402.313
20
-569.531
30
0.0
0
VERTEX
8
right_lower
10
1401.485
20
-569.118
30
0.0
0
VERTEX
8
right_lower
10
1400.649
20
-568.716
30
0.0
0
VERTEX
8
right_lower
10
1399.806
20
-568.325
30
0.0
0
VERTEX
8
right_lower
10
1398.957
20
-567.945
30
0.0
0
VERTEX
8
right_lower
10
1398.102
20
-567.574
30
0.0
0
VERTEX
8
right_lower
10
1397.241
20
-567.213
30
0.0
0
VERTEX
8
right_lower
10
1396.376
20
-566.860
30
0.0
0
VERTEX
8
right_lower
10
1395.505
20
-566.515
30
0.0
0
VERTEX
8
right_lower
10
1394.630
20
-566.177
30
0.0
0
VERTEX
8
right_lower
10
1393.751
20
-565.847
30
0.0
0
VERTEX
8
right_lower
10
1392.868
20
-565.523
30
0.0
0
VERTEX
8
right_lower
10
1391.983
20
-565.205
30
0.0
0
VERTEX
8
right_lower
10
1391.094
20
-564.891
30
0.0
0
VERTEX
8
right_lower
10
1390.204
20
-564.583
30
0.0
0
VERTEX
8
right_lower
10
1389.312
20
-564.278
30
0.0
0
VERTEX
8
right_lower
10
1388.418
20
-563.978
30
0.0
0
VERTEX
8
right_lower
10
1387.524
20
-563.680
30
0.0
0
VERTEX
8
right_lower
10
1386.628
20
-563.384
30
0.0
0
VERTEX
8
right_lower
10
1385.733
20
-563.090
30
0.0
0
VERTEX
8
right_lower
10
1384.838
20
-562.797
30
0.0
0
VERTEX
8
right_lower
10
1383.944
20
-562.506
30
0.0
0
VERTEX
8
right_lower
10
1383.051
20
-562.214
30
0.0
0
VERTEX
8
right_lower
10
1382.159
20
-561.921
30
0.0
0
VERTEX
8
right_lower
10
1381.270
20
-561.628
30
0.0
0
VERTEX
8
right_lower
10
1380.383
20
-561.333
30
0.0
0
VERTEX
8
right_lower
10
1379.499
20
-561.036
30
0.0
0
VERTEX
8
right_lower
10
1378.618
20
-560.736
30
0.0
0
VERTEX
8
right_lower
10
1377.740
20
-560.433
30
0.0
0
VERTEX
8
right_lower
10
1376.867
20
-560.126
30
0.0
0
VERTEX
8
right_lower
10
1375.998
20
-559.814
30
0.0
0
VERTEX
8
right_lower
10
1375.135
20
-559.497
30
0.0
0
VERTEX
8
right_lower
10
1374.277
20
-559.175
30
0.0
0
VERTEX
8
right_lower
10
1373.424
20
-558.847
30
0.0
0
VERTEX
8
right_lower
10
1372.578
20
-558.512
30
0.0
0
VERTEX
8
right_lower
10
1371.738
20
-558.170
30
0.0
0
VERTEX
8
right_lower
10
1370.906
20
-557.819
30
0.0
0
VERTEX
8
right_lower
10
1370.081
20
-557.461
30
0.0
0
VERTEX
8
right_lower
10
1369.264
20
-557.093
30
0.0
0
VERTEX
8
right_lower
10
1368.455
20
-556.716
30
0.0
0
VERTEX
8
right_lower
10
1367.655
20
-556.329
30
0.0
0
VERTEX
8
right_lower
10
1366.864
20
-555.930
30
0.0
0
VERTEX
8
right_lower
10
1366.083
20
-555.521
30
0.0
0
VERTEX
8
right_lower
10
1365.311
20
-555.101
30
0.0
0
VERTEX
8
right_lower
10
1364.548
20
-554.670
30
0.0
0
VERTEX
8
right_lower
10
1363.794
20
-554.229
30
0.0
0
VERTEX
8
right_lower
10
1363.049
20
-553.777
30
0.0
0
VERTEX
8
right_lower
10
1362.313
20
-553.314
30
0.0
0
VERTEX
8
right_lower
10
1361.585
20
-552.842
30
0.0
0
VERTEX
8
right_lower
10
1360.866
20
-552.359
30
0.0
0
VERTEX
8
right_lower
10
1360.154
20
-551.867
30
0.0
0
VERTEX
8
right_lower
10
1359.451
20
-551.365
30
0.0
0
VERTEX
8
right_lower
10
1358.755
20
-550.853
30
0.0
0
VERTEX
8
right_lower
10
1358.067
20
-550.333
30
0.0
0
VERTEX
8
right_lower
10
1357.387
20
-549.803
30
0.0
0
VERTEX
8
right_lower
10
1356.714
20
-549.264
30
0.0
0
VERTEX
8
right_lower
10
1356.048
20
-548.716
30
0.0
0
VERTEX
8
right_lower
10
1355.389
20
-548.159
30
0.0
0
VERTEX
8
right_lower
10
1354.737
20
-547.594
30
0.0
0
VERTEX
8
right_lower
10
1354.091
20
-547.021
30
0.0
0
VERTEX
8
right_lower
10
1353.452
20
-546.439
30
0.0
0
VERTEX
8
right_lower
10
1352.819
20
-545.850
30
0.0
0
VERTEX
8
right_lower
10
1352.192
20
-545.252
30
0.0
0
VERTEX
8
right_lower
10
1351.571
20
-544.647
30
0.0
0
VERTEX
8
right_lower
10
1350.956
20
-544.035
30
0.0
0
VERTEX
8
right_lower
10
1350.347
20
-543.415
30
0.0
0
VERTEX
8
right_lower
10
1349.743
20
-542.787
30
0.0
0
VERTEX
8
right_lower
10
1349.144
20
-542.153
30
0.0
0
VERTEX
8
right_lower
10
1348.551
20
-541.512
30
0.0
0
VERTEX
8
right_lower
10
1347.962
20
-540.864
30
0.0
0
VERTEX
8
right_lower
10
1347.378
20
-540.210
30
0.0
0
VERTEX
8
right_lower
10
1346.799
20
-539.550
30
0.0
0
VERTEX
8
right_lower
10
1346.224
20
-538.883
30
0.0
0
VERTEX
8
right_lower
10
1345.653
20
-538.210
30
0.0
0
VERTEX
8
right_lower
10
1345.087
20
-537.531
30
0.0
0
VERTEX
8
right_lower
10
1344.524
20
-536.847
30
0.0
0
VERTEX
8
right_lower
10
1343.965
20
-536.157
30
0.0
0
VERTEX
8
right_lower
10
1343.410
20
-535.461
30
0.0
0
VERTEX
8
right_lower
10
1342.858
20
-534.761
30
0.0
0
VERTEX
8
right_lower
10
1342.309
20
-534.055
30
0.0
0
VERTEX
8
right_lower
10
1341.763
20
-533.344
30
0.0
0
VERTEX
8
right_lower
10
1341.220
20
-532.629
30
0.0
0
VERTEX
8
right_lower
10
1340.680
20
-531.909
30
0.0
0
VERTEX
8
right_lower
10
1340.143
20
-531.185
30
0.0
0
VERTEX
8
right_lower
10
1339.608
20
-530.457
30
0.0
0
VERTEX
8
right_lower
10
1339.075
20
-529.724
30
0.0
0
VERTEX
8
right_lower
10
1338.544
20
-528.988
30
0.0
0
VERTEX
8
right_lower
10
1338.015
20
-528.248
30
0.0
0
VERTEX
8
right_lower
10
1337.488
20
-527.504
30
0.0
0
VERTEX
8
right_lower
10
1336.962
20
-526.757
30
0.0
0
VERTEX
8
right_lower
10
1336.438
20
-526.007
30
0.0
0
VERTEX
8
right_lower
10
1335.914
20
-525.253
30
0.0
0
VERTEX
8
right_lower
10
1335.392
20
-524.497
30
0.0
0
VERTEX
8
right_lower
10
1334.871
20
-523.738
30
0.0
0
VERTEX
8
right_lower
10
1334.350
20
-522.977
30
0.0
0
VERTEX
8
right_lower
10
1333.830
20
-522.213
30
0.0
0
VERTEX
8
right_lower
10
1333.310
20
-521.446
30
0.0
0
VERTEX
8
right_lower
10
1332.791
20
-520.678
30
0.0
0
VERTEX
8
right_lower
10
1332.271
20
-519.908
30
0.0
0
VERTEX
8
right_lower
10
1331.751
20
-519.136
30
0.0
0
VERTEX
8
right_lower
10
1331.231
20
-518.362
30
0.0
0
VERTEX
8
right_lower
10
1330.711
20
-517.587
30
0.0
0
VERTEX
8
right_lower
10
1330.189
20
-516.811
30
0.0
0
VERTEX
8
right_lower
10
1329.667
20
-516.033
30
0.0
0
VERTEX
8
right_lower
10
1329.144
20
-515.255
30
0.0
0
VERTEX
8
right_lower
10
1328.620
20
-514.476
30
0.0
0
VERTEX
8
right_lower
10
1328.094
20
-513.696
30
0.0
0
VERTEX
8
right_lower
10
1327.567
20
-512.916
30
0.0
0
VERTEX
8
right_lower
10
1327.038
20
-512.136
30
0.0
0
VERTEX
8
right_lower
10
1326.507
20
-511.355
30
0.0
0
VERTEX
8
right_lower
10
1325.975
20
-510.575
30
0.0
0
VERTEX
8
right_lower
10
1325.440
20
-509.795
30
0.0
0
VERTEX
8
right_lower
10
1324.902
20
-509.015
30
0.0
0
VERTEX
8
right_lower
10
1324.362
20
-508.236
30
0.0
0
VERTEX
8
right_lower
10
1323.820
20
-507.457
30
0.0
0
VERTEX
8
right_lower
10
1323.274
20
-506.679
30
0.0
0
VERTEX
8
right_lower
10
1322.726
20
-505.903
30
0.0
0
VERTEX
8
right_lower
10
1322.174
20
-505.127
30
0.0
0
VERTEX
8
right_lower
10
1321.619
20
-504.353
30
0.0
0
VERTEX
8
right_lower
10
1321.060
20
-503.581
30
0.0
0
VERTEX
8
right_lower
10
1320.498
20
-502.810
30
0.0
0
VERTEX
8
right_lower
10
1319.931
20
-502.041
30
0.0
0
VERTEX
8
right_lower
10
1319.361
20
-501.274
30
0.0
0
VERTEX
8
right_lower
10
1318.786
20
-500.510
30
0.0
0
VERTEX
8
right_lower
10
1318.207
20
-499.747
30
0.0
0
VERTEX
8
right_lower
10
1317.624
20
-498.988
30
0.0
0
VERTEX
8
right_lower
10
1317.035
20
-498.231
30
0.0
0
VERTEX
8
right_lower
10
1316.442
20
-497.476
30
0.0
0
VERTEX
8
right_lower
10
1315.844
20
-496.725
30
0.0
0
VERTEX
8
right_lower
10
1315.240
20
-495.977
30
0.0
0
VERTEX
8
right_lower
10
1314.631
20
-495.232
30
0.0
0
VERTEX
8
right_lower
10
1314.016
20
-494.491
30
0.0
0
VERTEX
8
right_lower
10
1313.396
20
-493.754
30
0.0
0
VERTEX
8
right_lower
10
1312.769
20
-493.020
30
0.0
0
VERTEX
8
right_lower
10
1312.137
20
-492.291
30
0.0
0
VERTEX
8
right_lower
10
1311.498
20
-491.565
30
0.0
0
VERTEX
8
right_lower
10
1310.853
20
-490.844
30
0.0
0
VERTEX
8
right_lower
10
1310.201
20
-490.128
30
0.0
0
VERTEX
8
right_lower
10
1309.543
20
-489.416
30
0.0
0
VERTEX
8
right_lower
10
1308.877
20
-488.709
30
0.0
0
VERTEX
8
right_lower
10
1308.204
20
-488.007
30
0.0
0
VERTEX
8
right_lower
10
1307.524
20
-487.310
30
0.0
0
VERTEX
8
right_lower
10
1306.837
20
-486.618
30
0.0
0
VERTEX
8
right_lower
10
1306.142
20
-485.932
30
0.0
0
VERTEX
8
right_lower
10
1305.439
20
-485.252
30
0.0
0
VERTEX
8
right_lower
10
1304.728
20
-484.577
30
0.0
0
VERTEX
8
right_lower
10
1304.009
20
-483.909
30
0.0
0
VERTEX
8
right_lower
10
1303.282
20
-483.246
30
0.0
0
VERTEX
8
right_lower
10
1302.546
20
-482.590
30
0.0
0
VERTEX
8
right_lower
10
1301.802
20
-481.941
30
0.0
0
VERTEX
8
right_lower
10
1301.048
20
-481.298
30
0.0
0
VERTEX
8
right_lower
10
1300.286
20
-480.661
30
0.0
0
VERTEX
8
right_lower
10
1299.515
20
-480.032
30
0.0
0
VERTEX
8
right_lower
10
1298.734
20
-479.410
30
0.0
0
VERTEX
8
right_lower
10
1297.944
20
-478.796
30
0.0
0
VERTEX
8
right_lower
10
1297.144
20
-478.188
30
0.0
0
VERTEX
8
right_lower
10
1296.334
20
-477.589
30
0.0
0
VERTEX
8
right_lower
10
1295.514
20
-476.997
30
0.0
0
VERTEX
8
right_lower
10
1294.684
20
-476.413
30
0.0
0
VERTEX
8
right_lower
10
1293.844
20
-475.837
30
0.0
0
VERTEX
8
right_lower
10
1292.993
20
-475.270
30
0.0
0
VERTEX
8
right_lower
10
1292.132
20
-474.711
30
0.0
0
VERTEX
8
right_lower
10
1291.259
20
-474.161
30
0.0
0
VERTEX
8
right_lower
10
1290.376
20
-473.619
30
0.0
0
VERTEX
8
right_lower
10
1289.482
20
-473.086
30
0.0
0
VERTEX
8
right_lower
10
1288.577
20
-472.563
30
0.0
0
VERTEX
8
right_lower
10
1287.663
20
-472.048
30
0.0
0
VERTEX
8
right_lower
10
1286.739
20
-471.543
30
0.0
0
VERTEX
8
right_lower
10
1285.805
20
-471.046
30
0.0
0
VERTEX
8
right_lower
10
1284.863
20
-470.559
30
0.0
0
VERTEX
8
right_lower
10
1283.912
20
-470.081
30
0.0
0
VERTEX
8
right_lower
10
1282.954
20
-469.613
30
0.0
0
VERTEX
8
right_lower
10
1281.987
20
-469.154
30
0.0
0
VERTEX
8
right_lower
10
1281.014
20
-468.704
30
0.0
0
VERTEX
8
right_lower
10
1280.034
20
-468.264
30
0.0
0
VERTEX
8
right_lower
10
1279.047
20
-467.834
30
0.0
0
VERTEX
8
right_lower
10
1278.054
20
-467.413
30
0.0
0
VERTEX
8
right_lower
10
1277.056
20
-467.003
30
0.0
0
VERTEX
8
right_lower
10
1276.052
20
-466.602
30
0.0
0
VERTEX
8
right_lower
10
1275.043
20
-466.211
30
0.0
0
VERTEX
8
right_lower
10
1274.030
20
-465.830
30
0.0
0
VERTEX
8
right_lower
10
1273.013
20
-465.459
30
0.0
0
VERTEX
8
right_lower
10
1271.993
20
-465.099
30
0.0
0
VERTEX
8
right_lower
10
1270.969
20
-464.748
30
0.0
0
VERTEX
8
right_lower
10
1269.942
20
-464.408
30
0.0
0
VERTEX
8
right_lower
10
1268.912
20
-464.078
30
0.0
0
VERTEX
8
right_lower
10
1267.881
20
-463.759
30
0.0
0
VERTEX
8
right_lower
10
1266.848
20
-463.450
30
0.0
0
VERTEX
8
right_lower
10
1265.814
20
-463.151
30
0.0
0
VERTEX
8
right_lower
10
1264.778
20
-462.864
30
0.0
0
VERTEX
8
right_lower
10
1263.743
20
-462.587
30
0.0
0
VERTEX
8
right_lower
10
1262.707
20
-462.320
30
0.0
0
VERTEX
8
right_lower
10
1261.671
20
-462.065
30
0.0
0
VERTEX
8
right_lower
10
1260.637
20
-461.821
30
0.0
0
VERTEX
8
right_lower
10
1259.603
20
-461.587
30
0.0
0
VERTEX
8
right_lower
10
1258.571
20
-461.365
30
0.0
0
VERTEX
8
right_lower
10
1257.540
20
-461.153
30
0.0
0
VERTEX
8
right_lower
10
1256.512
20
-460.953
30
0.0
0
VERTEX
8
right_lower
10
1255.487
20
-460.764
30
0.0
0
VERTEX
8
right_lower
10
1254.465
20
-460.587
30
0.0
0
VERTEX
8
right_lower
10
1253.446
20
-460.421
30
0.0
0
VERTEX
8
right_lower
10
1252.431
20
-460.266
30
0.0
0
VERTEX
8
right_lower
10
1251.421
20
-460.123
30
0.0
0
VERTEX
8
right_lower
10
1250.415
20
-459.992
30
0.0
0
VERTEX
8
right_lower
10
1249.414
20
-459.872
30
0.0
0
VERTEX
8
right_lower
10
1248.418
20
-459.764
30
0.0
0
VERTEX
8
right_lower
10
1247.429
20
-459.668
30
0.0
0
VERTEX
8
right_lower
10
1246.446
20
-459.583
30
0.0
0
VERTEX
8
right_lower
10
1245.469
20
-459.511
30
0.0
0
VERTEX
8
right_lower
10
1244.499
20
-459.451
30
0.0
0
VERTEX
8
right_lower
10
1243.537
20
-459.402
30
0.0
0
VERTEX
8
right_lower
10
1242.583
20
-459.366
30
0.0
0
VERTEX
8
right_lower
10
1241.637
20
-459.343
30
0.0
0
VERTEX
8
right_lower
10
1240.700
20
-459.331
30
0.0
0
VERTEX
8
right_lower
10
1239.771
20
-459.332
30
0.0
0
VERTEX
8
right_lower
10
1238.852
20
-459.345
30
0.0
0
VERTEX
8
right_lower
10
1237.943
20
-459.371
30
0.0
0
VERTEX
8
right_lower
10
1237.044
20
-459.410
30
0.0
0
VERTEX
8
right_lower
10
1236.156
20
-459.461
30
0.0
0
VERTEX
8
right_lower
10
1235.279
20
-459.525
30
0.0
0
VERTEX
8
right_lower
10
1234.413
20
-459.601
30
0.0
0
VERTEX
8
right_lower
10
1233.559
20
-459.691
30
0.0
0
VERTEX
8
right_lower
10
1232.717
20
-459.794
30
0.0
0
VERTEX
8
right_lower
10
1231.888
20
-459.909
30
0.0
0
VERTEX
8
right_lower
10
1231.072
20
-460.038
30
0.0
0
VERTEX
8
right_lower
10
1230.269
20
-460.179
30
0.0
0
VERTEX
8
right_lower
10
1229.480
20
-460.334
30
0.0
0
VERTEX
8
right_lower
10
1228.705
20
-460.503
30
0.0
0
VERTEX
8
right_lower
10
1227.945
20
-460.684
30
0.0
0
VERTEX
8
right_lower
10
1227.200
20
-460.879
30
0.0
0
VERTEX
8
right_lower
10
1226.470
20
-461.088
30
0.0
0
VERTEX
8
right_lower
10
1225.756
20
-461.310
30
0.0
0
VERTEX
8
right_lower
10
1225.058
20
-461.546
30
0.0
0
VERTEX
8
right_lower
10
1224.377
20
-461.795
30
0.0
0
VERTEX
8
right_lower
10
1223.713
20
-462.058
30
0.0
0
VERTEX
8
right_lower
10
1223.066
20
-462.335
30
0.0
0
VERTEX
8
right_lower
10
1222.436
20
-462.626
30
0.0
0
VERTEX
8
right_lower
10
1221.825
20
-462.931
30
0.0
0
VERTEX
8
right_lower
10
1221.233
20
-463.251
30
0.0
0
VERTEX
8
right_lower
10
1220.659
20
-463.584
30
0.0
0
VERTEX
8
right_lower
10
1220.105
20
-463.931
30
0.0
0
VERTEX
8
right_lower
10
1219.570
20
-464.293
30
0.0
0
VERTEX
8
right_lower
10
1219.056
20
-464.669
30
0.0
0
VERTEX
8
right_lower
10
1218.560
20
-465.059
30
0.0
0
VERTEX
8
right_lower
10
1218.085
20
-465.462
30
0.0
0
VERTEX
8
right_lower
10
1217.628
20
-465.880
30
0.0
0
VERTEX
8
right_lower
10
1217.191
20
-466.311
30
0.0
0
VERTEX
8
right_lower
10
1216.773
20
-466.756
30
0.0
0
VERTEX
8
right_lower
10
1216.374
20
-467.215
30
0.0
0
VERTEX
8
right_lower
10
1215.993
20
-467.686
30
0.0
0
VERTEX
8
right_lower
10
1215.631
20
-468.171
30
0.0
0
VERTEX
8
right_lower
10
1215.288
20
-468.669
30
0.0
0
VERTEX
8
right_lower
10
1214.963
20
-469.180
30
0.0
0
VERTEX
8
right_lower
10
1214.656
20
-469.704
30
0.0
0
VERTEX
8
right_lower
10
1214.368
20
-470.241
30
0.0
0
VERTEX
8
right_lower
10
1214.097
20
-470.790
30
0.0
0
VERTEX
8
right_lower
10
1213.844
20
-471.352
30
0.0
0
VERTEX
8
right_lower
10
1213.609
20
-471.926
30
0.0
0
VERTEX
8
right_lower
10
1213.392
20
-472.512
30
0.0
0
VERTEX
8
right_lower
10
1213.192
20
-473.110
30
0.0
0
VERTEX
8
right_lower
10
1213.009
20
-473.721
30
0.0
0
VERTEX
8
right_lower
10
1212.844
20
-474.343
30
0.0
0
VERTEX
8
right_lower
10
1212.695
20
-474.977
30
0.0
0
VERTEX
8
right_lower
10
1212.564
20
-475.622
30
0.0
0
VERTEX
8
right_lower
10
1212.449
20
-476.279
30
0.0
0
VERTEX
8
right_lower
10
1212.351
20
-476.948
30
0.0
0
VERTEX
8
right_lower
10
1212.269
20
-477.628
30
0.0
0
VERTEX
8
right_lower
10
1212.204
20
-478.319
30
0.0
0
VERTEX
8
right_lower
10
1212.155
20
-479.020
30
0.0
0
VERTEX
8
right_lower
10
1212.122
20
-479.733
30
0.0
0
VERTEX
8
right_lower
10
1212.106
20
-480.457
30
0.0
0
VERTEX
8
right_lower
10
1212.105
20
-481.191
30
0.0
0
VERTEX
8
right_lower
10
1212.119
20
-481.936
30
0.0
0
VERTEX
8
right_lower
10
1212.150
20
-482.691
30
0.0
0
VERTEX
8
right_lower
10
1212.196
20
-483.456
30
0.0
0
VERTEX
8
right_lower
10
1212.257
20
-484.232
30
0.0
0
VERTEX
8
right_lower
10
1212.333
20
-485.018
30
0.0
0
VERTEX
8
right_lower
10
1212.424
20
-485.813
30
0.0
0
VERTEX
8
right_lower
10
1212.531
20
-486.619
30
0.0
0
VERTEX
8
right_lower
10
1212.652
20
-487.434
30
0.0
0
VERTEX
8
right_lower
10
1212.788
20
-488.258
30
0.0
0
VERTEX
8
right_lower
10
1212.938
20
-489.092
30
0.0
0
VERTEX
8
right_lower
10
1213.103
20
-489.936
30
0.0
0
VERTEX
8
right_lower
10
1213.282
20
-490.788
30
0.0
0
VERTEX
8
right_lower
10
1213.475
20
-491.650
30
0.0
0
VERTEX
8
right_lower
10
1213.682
20
-492.520
30
0.0
0
VERTEX
8
right_lower
10
1213.903
20
-493.400
30
0.0
0
VERTEX
8
right_lower
10
1214.137
20
-494.288
30
0.0
0
VERTEX
8
right_lower
10
1214.385
20
-495.185
30
0.0
0
VERTEX
8
right_lower
10
1214.647
20
-496.090
30
0.0
0
VERTEX
8
right_lower
10
1214.922
20
-497.003
30
0.0
0
VERTEX
8
right_lower
10
1215.210
20
-497.925
30
0.0
0
VERTEX
8
right_lower
10
1215.511
20
-498.855
30
0.0
0
VERTEX
8
right_lower
10
1215.826
20
-499.793
30
0.0
0
VERTEX
8
right_lower
10
1216.153
20
-500.738
30
0.0
0
VERTEX
8
right_lower
10
1216.492
20
-501.691
30
0.0
0
VERTEX
8
right_lower
10
1216.844
20
-502.652
30
0.0
0
VERTEX
8
right_lower
10
1217.209
20
-503.621
30
0.0
0
VERTEX
8
right_lower
10
1217.586
20
-504.597
30
0.0
0
VERTEX
8
right_lower
10
1217.975
20
-505.580
30
0.0
0
VERTEX
8
right_lower
10
1218.376
20
-506.570
30
0.0
0
VERTEX
8
right_lower
10
1218.788
20
-507.567
30
0.0
0
VERTEX
8
right_lower
10
1219.213
20
-508.571
30
0.0
0
VERTEX
8
right_lower
10
1219.649
20
-509.582
30
0.0
0
VERTEX
8
right_lower
10
1220.097
20
-510.599
30
0.0
0
VERTEX
8
right_lower
10
1220.556
20
-511.623
30
0.0
0
VERTEX
8
right_lower
10
1221.026
20
-512.653
30
0.0
0
VERTEX
8
right_lower
10
1221.507
20
-513.690
30
0.0
0
VERTEX
8
right_lower
10
1221.999
20
-514.733
30
0.0
0
VERTEX
8
right_lower
10
1222.502
20
-515.782
30
0.0
0
VERTEX
8
right_lower
10
1223.015
20
-516.836
30
0.0
0
VERTEX
8
right_lower
10
1223.540
20
-517.897
30
0.0
0
VERTEX
8
right_lower
10
1224.074
20
-518.963
30
0.0
0
VERTEX
8
right_lower
10
1224.619
20
-520.034
30
0.0
0
VERTEX
8
right_lower
10
1225.174
20
-521.111
30
0.0
0
VERTEX
8
right_lower
10
1225.739
20
-522.194
30
0.0
0
VERTEX
8
right_lower
10
1226.313
20
-523.281
30
0.0
0
VERTEX
8
right_lower
10
1226.898
20
-524.374
30
0.0
0
VERTEX
8
right_lower
10
1227.492
20
-525.471
30
0.0
0
VERTEX
8
right_lower
10
1228.095
20
-526.574
30
0.0
0
VERTEX
8
right_lower
10
1228.708
20
-527.681
30
0.0
0
VERTEX
8
right_lower
10
1229.330
20
-528.792
30
0.0
0
VERTEX
8
right_lower
10
1229.961
20
-529.908
30
0.0
0
VERTEX
8
right_lower
10
1230.602
20
-531.028
30
0.0
0
VERTEX
8
right_lower
10
1231.250
20
-532.153
30
0.0
0
VERTEX
8
right_lower
10
1231.908
20
-533.281
30
0.0
0
VERTEX
8
right_lower
10
1232.574
20
-534.414
30
0.0
0
VERTEX
8
right_lower
10
1233.248
20
-535.550
30
0.0
0
VERTEX
8
right_lower
10
1233.931
20
-536.690
30
0.0
0
VERTEX
8
right_lower
10
1234.622
20
-537.834
30
0.0
0
VERTEX
8
right_lower
10
1235.321
20
-538.981
30
0.0
0
VERTEX
8
right_lower
10
1236.028
20
-540.131
30
0.0
0
VERTEX
8
right_lower
10
1236.742
20
-541.285
30
0.0
0
VERTEX
8
right_lower
10
1237.464
20
-542.442
30
0.0
0
VERTEX
8
right_lower
10
1238.194
20
-543.602
30
0.0
0
VERTEX
8
right_lower
10
1238.931
20
-544.764
30
0.0
0
VERTEX
8
right_lower
10
1239.675
20
-545.930
30
0.0
0
VERTEX
8
right_lower
10
1240.426
20
-547.098
30
0.0
0
VERTEX
8
right_lower
10
1241.184
20
-548.268
30
0.0
0
VERTEX
8
right_lower
10
1241.949
20
-549.441
30
0.0
0
VERTEX
8
right_lower
10
1242.720
20
-550.616
30
0.0
0
VERTEX
8
right_lower
10
1243.499
20
-551.793
30
0.0
0
VERTEX
8
right_lower
10
1244.283
20
-552.972
30
0.0
0
VERTEX
8
right_lower
10
1245.074
20
-554.153
30
0.0
0
VERTEX
8
right_lower
10
1245.871
20
-555.336
30
0.0
0
VERTEX
8
right_lower
10
1246.674
20
-556.520
30
0.0
0
VERTEX
8
right_lower
10
1247.482
20
-557.706
30
0.0
0
VERTEX
8
right_lower
10
1248.297
20
-558.894
30
0.0
0
VERTEX
8
right_lower
10
1249.117
20
-560.082
30
0.0
0
VERTEX
8
right_lower
10
1249.943
20
-561.272
30
0.0
0
VERTEX
8
right_lower
10
1250.774
20
-562.463
30
0.0
0
VERTEX
8
right_lower
10
1251.610
20
-563.655
30
0.0
0
VERTEX
8
right_lower
10
1252.451
20
-564.847
30
0.0
0
VERTEX
8
right_lower
10
1253.297
20
-566.041
30
0.0
0
VERTEX
8
right_lower
10
1254.148
20
-567.234
30
0.0
0
VERTEX
8
right_lower
10
1255.004
20
-568.428
30
0.0
0
VERTEX
8
right_lower
10
1255.864
20
-569.623
30
0.0
0
VERTEX
8
right_lower
10
1256.728
20
-570.817
30
0.0
0
VERTEX
8
right_lower
10
1257.597
20
-572.012
30
0.0
0
VERTEX
8
right_lower
10
1258.470
20
-573.207
30
0.0
0
VERTEX
8
right_lower
10
1259.347
20
-574.401
30
0.0
0
VERTEX
8
right_lower
10
1260.228
20
-575.595
30
0.0
0
VERTEX
8
right_lower
10
1261.113
20
-576.789
30
0.0
0
VERTEX
8
right_lower
10
1262.001
20
-577.982
30
0.0
0
VERTEX
8
right_lower
10
1262.893
20
-579.174
30
0.0
0
VERTEX
8
right_lower
10
1263.788
20
-580.366
30
0.0
0
VERTEX
8
right_lower
10
1264.686
20
-581.557
30
0.0
0
VERTEX
8
right_lower
10
1265.587
20
-582.746
30
0.0
0
VERTEX
8
right_lower
10
1266.491
20
-583.935
30
0.0
0
VERTEX
8
right_lower
10
1267.399
20
-585.122
30
0.0
0
VERTEX
8
right_lower
10
1268.308
20
-586.308
30
0.0
0
VERTEX
8
right_lower
10
1269.221
20
-587.492
30
0.0
0
VERTEX
8
right_lower
10
1270.135
20
-588.675
30
0.0
0
VERTEX
8
right_lower
10
1271.052
20
-589.856
30
0.0
0
VERTEX
8
right_lower
10
1271.971
20
-591.035
30
0.0
0
VERTEX
8
right_lower
10
1272.893
20
-592.212
30
0.0
0
VERTEX
8
right_lower
10
1273.816
20
-593.386
30
0.0
0
VERTEX
8
right_lower
10
1274.740
20
-594.559
30
0.0
0
VERTEX
8
right_lower
10
1275.667
20
-595.729
30
0.0
0
VERTEX
8
right_lower
10
1276.594
20
-596.897
30
0.0
0
VERTEX
8
right_lower
10
1277.524
20
-598.062
30
0.0
0
VERTEX
8
right_lower
10
1278.454
20
-599.224
30
0.0
0
VERTEX
8
right_lower
10
1279.386
20
-600.383
30
0.0
0
VERTEX
8
right_lower
10
1280.318
20
-601.540
30
0.0
0
VERTEX
8
right_lower
10
1281.251
20
-602.693
30
0.0
0
VERTEX
8
right_lower
10
1282.185
20
-603.843
30
0.0
0
VERTEX
8
right_lower
10
1283.120
20
-604.990
30
0.0
0
VERTEX
8
right_lower
10
1284.054
20
-606.133
30
0.0
0
VERTEX
8
right_lower
10
1284.990
20
-607.273
30
0.0
0
VERTEX
8
right_lower
10
1285.925
20
-608.409
30
0.0
0
VERTEX
8
right_lower
10
1286.860
20
-609.541
30
0.0
0
VERTEX
8
right_lower
10
1287.795
20
-610.669
30
0.0
0
VERTEX
8
right_lower
10
1288.730
20
-611.793
30
0.0
0
VERTEX
8
right_lower
10
1289.665
20
-612.913
30
0.0
0
VERTEX
8
right_lower
10
1290.599
20
-614.028
30
0.0
0
VERTEX
8
right_lower
10
1291.532
20
-615.139
30
0.0
0
VERTEX
8
right_lower
10
1292.465
20
-616.246
30
0.0
0
VERTEX
8
right_lower
10
1293.397
20
-617.347
30
0.0
0
VERTEX
8
right_lower
10
1294.327
20
-618.444
30
0.0
0
VERTEX
8
right_lower
10
1295.257
20
-619.536
30
0.0
0
VERTEX
8
right_lower
10
1296.185
20
-620.623
30
0.0
0
VERTEX
8
right_lower
10
1297.112
20
-621.705
30
0.0
0
VERTEX
8
right_lower
10
1298.037
20
-622.782
30
0.0
0
VERTEX
8
right_lower
10
1298.960
20
-623.853
30
0.0
0
VERTEX
8
right_lower
10
1299.882
20
-624.918
30
0.0
0
VERTEX
8
right_lower
10
1300.801
20
-625.978
30
0.0
0
VERTEX
8
right_lower
10
1301.719
20
-627.032
30
0.0
0
VERTEX
8
right_lower
10
1302.634
20
-628.080
30
0.0
0
VERTEX
8
right_lower
10
1303.547
20
-629.122
30
0.0
0
VERTEX
8
right_lower
10
1304.457
20
-630.158
30
0.0
0
VERTEX
8
right_lower
10
1305.364
20
-631.187
30
0.0
0
VERTEX
8
right_lower
10
1306.269
20
-632.211
30
0.0
0
VERTEX
8
right_lower
10
1307.171
20
-633.227
30
0.0
0
VERTEX
8
right_lower
10
1308.070
20
-634.237
30
0.0
0
VERTEX
8
right_lower
10
1308.966
20
-635.241
30
0.0
0
VERTEX
8
right_lower
10
1309.858
20
-636.237
30
0.0
0
VERTEX
8
right_lower
10
1310.747
20
-637.226
30
0.0
0
VERTEX
8
right_lower
10
1311.633
20
-638.209
30
0.0
0
VERTEX
8
right_lower
10
1312.514
20
-639.183
30
0.0
0
VERTEX
8
right_lower
10
1313.392
20
-640.151
30
0.0
0
VERTEX
8
right_lower
10
1314.266
20
-641.111
30
0.0
0
VERTEX
8
right_lower
10
1315.136
20
-642.064
30
0.0
0
VERTEX
8
right_lower
10
1316.001
20
-643.008
30
0.0
0
VERTEX
8
right_lower
10
1316.862
20
-643.945
30
0.0
0
VERTEX
8
right_lower
10
1317.719
20
-644.874
30
0.0
0
VERTEX
8
right_lower
10
1318.571
20
-645.795
30
0.0
0
VERTEX
8
right_lower
10
1319.418
20
-646.707
30
0.0
0
VERTEX
8
right_lower
10
1320.260
20
-647.612
30
0.0
0
VERTEX
8
right_lower
10
1321.097
20
-648.507
30
0.0
0
VERTEX
8
right_lower
10
1321.929
20
-649.394
30
0.0
0
VERTEX
8
right_lower
10
1322.756
20
-650.273
30
0.0
0
VERTEX
8
right_lower
10
1323.577
20
-651.142
30
0.0
0
VERTEX
8
right_lower
10
1324.393
20
-652.003
30
0.0
0
VERTEX
8
right_lower
10
1325.203
20
-652.855
30
0.0
0
VERTEX
8
right_lower
10
1326.007
20
-653.697
30
0.0
0
VERTEX
8
right_lower
10
1326.805
20
-654.530
30
0.0
0
VERTEX
8
right_lower
10
1327.597
20
-655.353
30
0.0
0
VERTEX
8
right_lower
10
1328.383
20
-656.167
30
0.0
0
VERTEX
8
right_lower
10
1329.162
20
-656.972
30
0.0
0
VERTEX
8
right_lower
10
1329.935
20
-657.766
30
0.0
0
VERTEX
8
right_lower
10
1330.702
20
-658.551
30
0.0
0
VERTEX
8
right_lower
10
1331.461
20
-659.325
30
0.0
0
VERTEX
8
right_lower
10
1332.214
20
-660.089
30
0.0
0
VERTEX
8
right_lower
10
1332.959
20
-660.843
30
0.0
0
VERTEX
8
right_lower
10
1333.698
20
-661.587
30
0.0
0
VERTEX
8
right_lower
10
1334.429
20
-662.320
30
0.0
0
VERTEX
8
right_lower
10
1335.152
20
-663.042
30
0.0
0
VERTEX
8
right_lower
10
1335.868
20
-663.754
30
0.0
0
VERTEX
8
right_lower
10
1336.577
20
-664.455
30
0.0
0
VERTEX
8
right_lower
10
1337.277
20
-665.144
30
0.0
0
VERTEX
8
right_lower
10
1337.970
20
-665.823
30
0.0
0
VERTEX
8
right_lower
10
1338.654
20
-666.490
30
0.0
0
VERTEX
8
right_lower
10
1339.330
20
-667.146
30
0.0
0
VERTEX
8
right_lower
10
1339.998
20
-667.790
30
0.0
0
VERTEX
8
right_lower
10
1340.658
20
-668.423
30
0.0
0
VERTEX
8
right_lower
10
1341.308
20
-669.044
30
0.0
0
VERTEX
8
right_lower
10
1341.950
20
-669.653
30
0.0
0
VERTEX
8
right_lower
10
1342.583
20
-670.250
30
0.0
0
VERTEX
8
right_lower
10
1343.207
20
-670.835
30
0.0
0
VERTEX
8
right_lower
10
1343.822
20
-671.407
30
0.0
0
VERTEX
8
right_lower
10
1344.427
20
-671.967
30
0.0
0
VERTEX
8
right_lower
10
1345.023
20
-672.515
30
0.0
0
VERTEX
8
right_lower
10
1345.610
20
-673.050
30
0.0
0
VERTEX
8
right_lower
10
1346.187
20
-673.573
30
0.0
0
VERTEX
8
right_lower
10
1346.754
20
-674.082
30
0.0
0
VERTEX
8
right_lower
10
1347.311
20
-674.579
30
0.0
0
VERTEX
8
right_lower
10
1347.857
20
-675.062
30
0.0
0
VERTEX
8
right_lower
10
1348.394
20
-675.532
30
0.0
0
VERTEX
8
right_lower
10
1348.920
20
-675.989
30
0.0
0
VERTEX
8
right_lower
10
1349.436
20
-676.433
30
0.0
0
VERTEX
8
right_lower
10
1349.941
20
-676.863
30
0.0
0
VERTEX
8
right_lower
10
1350.435
20
-677.279
30
0.0
0
VERTEX
8
right_lower
10
1350.919
20
-677.681
30
0.0
0
VERTEX
8
right_lower
10
1351.391
20
-678.069
30
0.0
0
VERTEX
8
right_lower
10
1351.853
20
-678.444
30
0.0
0
VERTEX
8
right_lower
10
1352.303
20
-678.804
30
0.0
0
VERTEX
8
right_lower
10
1352.741
20
-679.149
30
0.0
0
VERTEX
8
right_lower
10
1353.168
20
-679.481
30
0.0
0
VERTEX
8
right_lower
10
1353.583
20
-679.797
30
0.0
0
VERTEX
8
right_lower
10
1353.987
20
-680.099
30
0.0
0
VERTEX
8
right_lower
10
1354.378
20
-680.387
30
0.0
0
VERTEX
8
right_lower
10
1354.757
20
-680.659
30
0.0
0
VERTEX
8
right_lower
10
1355.124
20
-680.916
30
0.0
0
VERTEX
8
right_lower
10
1355.479
20
-681.158
30
0.0
0
VERTEX
8
right_lower
10
1355.821
20
-681.385
30
0.0
0
VERTEX
8
right_lower
10
1356.151
20
-681.596
30
0.0
0
VERTEX
8
right_lower
10
1356.468
20
-681.792
30
0.0
0
VERTEX
8
right_lower
10
1356.772
20
-681.972
30
0.0
0
VERTEX
8
right_lower
10
1357.063
20
-682.137
30
0.0
0
VERTEX
8
right_lower
10
1357.340
20
-682.285
30
0.0
0
VERTEX
8
right_lower
10
1357.605
20
-682.418
30
0.0
0
VERTEX
8
right_lower
10
1357.856
20
-682.534
30
0.0
0
VERTEX
8
right_lower
10
1358.093
20
-682.634
30
0.0
0
VERTEX
8
right_lower
10
1358.317
20
-682.718
30
0.0
0
VERTEX
8
right_lower
10
1358.527
20
-682.785
30
0.0
0
VERTEX
8
right_lower
10
1358.723
20
-682.835
30
0.0
0
VERTEX
8
right_lower
10
1358.905
20
-682.869
30
0.0
0
VERTEX
8
right_lower
10
1359.072
20
-682.886
30
0.0
0
VERTEX
8
right_lower
10
1359.226
20
-682.886
30
0.0
0
VERTEX
8
right_lower
10
1359.364
20
-682.868
30
0.0
0
VERTEX
8
right_lower
10
1359.489
20
-682.834
30
0.0
0
VERTEX
8
right_lower
10
1359.598
20
-682.782
30
0.0
0
VERTEX
8
right_lower
10
1359.692
20
-682.712
30
0.0
0
VERTEX
8
right_lower
10
1359.772
20
-682.625
30
0.0
0
VERTEX
8
right_lower
10
1359.836
20
-682.521
30
0.0
0
VERTEX
8
right_lower
10
1359.885
20
-682.398
30
0.0
0
VERTEX
8
right_lower
10
1359.919
20
-682.258
30
0.0
0
VERTEX
8
right_lower
10
1359.937
20
-682.099
30
0.0
0
VERTEX
8
right_lower
10
1359.939
20
-681.922
30
0.0
0
VERTEX
8
right_lower
10
1359.926
20
-681.727
30
0.0
0
VERTEX
8
right_lower
10
1359.896
20
-681.513
30
0.0
0
VERTEX
8
right_lower
10
1359.851
20
-681.281
30
0.0
0
VERTEX
8
right_lower
10
1359.789
20
-681.030
30
0.0
0
VERTEX
8
right_lower
10
1359.711
20
-680.760
30
0.0
0
VERTEX
8
right_lower
10
1359.616
20
-680.472
30
0.0
0
VERTEX
8
right_lower
10
1359.505
20
-680.164
30
0.0
0
VERTEX
8
right_lower
10
1359.377
20
-679.837
30
0.0
0
VERTEX
8
right_lower
10
1359.232
20
-679.490
30
0.0
0
VERTEX
8
right_lower
10
1359.070
20
-679.125
30
0.0
0
VERTEX
8
right_lower
10
1358.891
20
-678.739
30
0.0
0
VERTEX
8
right_lower
10
1358.694
20
-678.334
30
0.0
0
VERTEX
8
right_lower
10
1358.480
20
-677.910
30
0.0
0
VERTEX
8
right_lower
10
1358.249
20
-677.465
30
0.0
0
VERTEX
8
right_lower
10
1358.000
20
-677.000
30
0.0
0
SEQEND
8
right_lower
0
POLYLINE
8
right_upper
66
1
70
0
10
0.0
20
0.0
30
0.0
0
VERTEX
8
right_upper
10
1096.000
20
-205.000
30
0.0
0
VERTEX
8
right_upper
10
1095.153
20
-204.629
30
0.0
0
VERTEX
8
right_upper
10
1094.302
20
-204.264
30
0.0
0
VERTEX
8
right_upper
10
1093.449
20
-203.906
30
0.0
0
VERTEX
8
right_upper
10
1092.593
20
-203.554
30
0.0
0
VERTEX
8
right_upper
10
1091.734
20
-203.208
30
0.0
0
VERTEX
8
right_upper
10
1090.872
20
-202.869
30
0.0
0
VERTEX
8
right_upper
10
1090.008
20
-202.536
30
0.0
0
VERTEX
8
right_upper
10
1089.141
20
-202.209
30
0.0
0
VERTEX
8
right_upper
10
1088.272
20
-201.889
30
0.0
0
VERTEX
8
right_upper
10
1087.400
20
-201.575
30
0.0
0
VERTEX
8
right_upper
10
1086.525
20
-201.268
30
0.0
0
VERTEX
8
right_upper
10
1085.648
20
-200.967
30
0.0
0
VERTEX
8
right_upper
10
1084.769
20
-200.672
30
0.0
0
VERTEX
8
right_upper
10
1083.887
20
-200.384
30
0.0
0
VERTEX
8
right_upper
10
1083.003
20
-200.102
30
0.0
0
VERTEX
8
right_upper
10
1082.117
20
-199.826
30
0.0
0
VERTEX
8
right_upper
10
1081.229
20
-199.557
30
0.0
0
VERTEX
8
right_upper
10
1080.338
20
-199.294
30
0.0
0
VERTEX
8
right_upper
10
1079.446
20
-199.038
30
0.0
0
VERTEX
8
right_upper
10
1078.551
20
-198.788
30
0.0
0
VERTEX
8
right_upper
10
1077.655
20
-198.545
30
0.0
0
VERTEX
8
right_upper
10
1076.756
20
-198.308
30
0.0
0
VERTEX
8
right_upper
10
1075.856
20
-198.078
30
0.0
0
VERTEX
8
right_upper
10
1074.954
20
-197.854
30
0.0
0
VERTEX
8
right_upper
10
1074.050
20
-197.637
30
0.0
0
VERTEX
8
right_upper
10
1073.144
20
-197.426
30
0.0
0
VERTEX
8
right_upper
10
1072.236
20
-197.221
30
0.0
0
VERTEX
8
right_upper
10
1071.327
20
-197.023
30
0.0
0
VERTEX
8
right_upper
10
1070.417
20
-196.832
30
0.0
0
VERTEX
8
right_upper
10
1069.504
20
-196.647
30
0.0
0
VERTEX
8
right_upper
10
1068.591
20
-196.469
30
0.0
0
VERTEX
8
right_upper
10
1067.676
20
-196.297
30
0.0
0
VERTEX
8
right_upper
10
1066.759
20
-196.132
30
0.0
0
VERTEX
8
right_upper
10
1065.841
20
-195.973
30
0.0
0
VERTEX
8
right_upper
10
1064.922
20
-195.821
30
0.0
0
VERTEX
8
right_upper
10
1064.001
20
-195.675
30
0.0
0
VERTEX
8
right_upper
10
1063.080
20
-195.536
30
0.0
0
VERTEX
8
right_upper
10
1062.157
20
-195.404
30
0.0
0
VERTEX
8
right_upper
10
1061.233
20
-195.278
30
0.0
0
VERTEX
8
right_upper
10
1060.308
20
-195.159
30
0.0
0
VERTEX
8
right_upper
10
1059.382
20
-195.046
30
0.0
0
VERTEX
8
right_upper
10
1058.455
20
-194.940
30
0.0
0
VERTEX
8
right_upper
10
1057.527
20
-194.840
30
0.0
0
VERTEX
8
right_upper
10
1056.598
20
-194.748
30
0.0
0
VERTEX
8
right_upper
10
1055.669
20
-194.661
30
0.0
0
VERTEX
8
right_upper
10
1054.739
20
-194.582
30
0.0
0
VERTEX
8
right_upper
10
1053.808
20
-194.509
30
0.0
0
VERTEX
8
right_upper
10
1052.876
20
-194.443
30
0.0
0
VERTEX
8
right_upper
10
1051.944
20
-194.383
30
0.0
0
VERTEX
8
right_upper
10
1051.011
20
-194.330
30
0.0
0
VERTEX
8
right_upper
10
1050.078
20
-194.284
30
0.0
0
VERTEX
8
right_upper
10
1049.144
20
-194.244
30
0.0
0
VERTEX
8
right_upper
10
1048.210
20
-194.211
30
0.0
0
VERTEX
8
right_upper
10
1047.275
20
-194.185
30
0.0
0
VERTEX
8
right_upper
10
1046.340
20
-194.166
30
0.0
0
VERTEX
8
right_upper
10
1045.405
20
-194.153
30
0.0
0
VERTEX
8
right_upper
10
1044.470
20
-194.147
30
0.0
0
VERTEX
8
right_upper
10
1043.534
20
-194.148
30
0.0
0
VERTEX
8
right_upper
10
1042.598
20
-194.155
30
0.0
0
VERTEX
8
right_upper
10
1041.663
20
-194.169
30
0.0
0
VERTEX
8
right_upper
10
1040.727
20
-194.190
30
0.0
0
VERTEX
8
right_upper
10
1039.791
20
-194.218
30
0.0
0
VERTEX
8
right_upper
10
1038.855
20
-194.252
30
0.0
0
VERTEX
8
right_upper
10
1037.920
20
-194.293
30
0.0
0
VERTEX
8
right_upper
10
1036.984
20
-194.341
30
0.0
0
VERTEX
8
right_upper
10
1036.049
20
-194.396
30
0.0
0
VERTEX
8
right_upper
10
1035.114
20
-194.458
30
0.0
0
VERTEX
8
right_upper
10
1034.180
20
-194.526
30
0.0
0
VERTEX
8
right_upper
10
1033.246
20
-194.601
30
0.0
0
VERTEX
8
right_upper
10
1032.312
20
-194.683
30
0.0
0
VERTEX
8
right_upper
10
1031.379
20
-194.772
30
0.0
0
VERTEX
8
right_upper
10
1030.446
20
-194.868
30
0.0
0
VERTEX
8
right_upper
10
1029.514
20
-194.970
30
0.0
0
VERTEX
8
right_upper
10
1028.582
20
-195.079
30
0.0
0
VERTEX
8
right_upper
10
1027.651
20
-195.196
30
0.0
0
VERTEX
8
right_upper
10
1026.721
20
-195.319
30
0.0
0
VERTEX
8
right_upper
10
1025.791
20
-195.448
30
0.0
0
VERTEX
8
right_upper
10
1024.863
20
-195.585
30
0.0
0
VERTEX
8
right_upper
10
1023.935
20
-195.729
30
0.0
0
VERTEX
8
right_upper
10
1023.008
20
-195.879
30
0.0
0
VERTEX
8
right_upper
10
1022.082
20
-196.037
30
0.0
0
VERTEX
8
right_upper
10
1021.157
20
-196.201
30
0.0
0
VERTEX
8
right_upper
10
1020.233
20
-196.372
30
0.0
0
VERTEX
8
right_upper
10
1019.311
20
-196.551
30
0.0
0
VERTEX
8
right_upper
10
1018.389
20
-196.736
30
0.0
0
VERTEX
8
right_upper
10
1017.469
20
-196.928
30
0.0
0
VERTEX
8
right_upper
10
1016.549
20
-197.127
30
0.0
0
VERTEX
8
right_upper
10
1015.632
20
-197.332
30
0.0
0
VERTEX
8
right_upper
10
1014.715
20
-197.545
30
0.0
0
VERTEX
8
right_upper
10
1013.800
20
-197.765
30
0.0
0
VERTEX
8
right_upper
10
1012.886
20
-197.992
30
0.0
0
VERTEX
8
right_upper
10
1011.974
20
-198.226
30
0.0
0
VERTEX
8
right_upper
10
1011.064
20
-198.466
30
0.0
0
VERTEX
8
right_upper
10
1010.155
20
-198.714
30
0.0
0
VERTEX
8
right_upper
10
1009.247
20
-198.969
30
0.0
0
VERTEX
8
right_upper
10
1008.342
20
-199.231
30
0.0
0
VERTEX
8
right_upper
10
1007.438
20
-199.499
30
0.0
0
VERTEX
8
right_upper
10
1006.536
20
-199.775
30
0.0
0
VERTEX
8
right_upper
10
1005.635
20
-200.058
30
0.0
0
VERTEX
8
right_upper
10
1004.737
20
-200.348
30
0.0
0
VERTEX
8
right_upper
10
1003.841
20
-200.645
30
0.0
0
VERTEX
8
right_upper
10
1002.946
20
-200.949
30
0.0
0
VERTEX
8
right_upper
10
1002.054
20
-201.260
30
0.0
0
VERTEX
8
right_upper
10
1001.163
20
-201.578
30
0.0
0
VERTEX
8
right_upper
10
1000.275
20
-201.903
30
0.0
0
VERTEX
8
right_upper
10
999.389
20
-202.235
30
0.0
0
VERTEX
8
right_upper
10
998.505
20
-202.574
30
0.0
0
VERTEX
8
right_upper
10
997.624
20
-202.921
30
0.0
0
VERTEX
8
right_upper
10
996.745
20
-203.274
30
0.0
0
VERTEX
8
right_upper
10
995.868
20
-203.635
30
0.0
0
VERTEX
8
right_upper
10
994.994
20
-204.003
30
0.0
0
VERTEX
8
right_upper
10
994.122
20
-204.378
30
0.0
0
VERTEX
8
right_upper
10
993.253
20
-204.760
30
0.0
0
VERTEX
8
right_upper
10
992.387
20
-205.150
30
0.0
0
VERTEX
8
right_upper
10
991.525
20
-205.547
30
0.0
0
VERTEX
8
right_upper
10
990.667
20
-205.953
30
0.0
0
VERTEX
8
right_upper
10
989.813
20
-206.366
30
0.0
0
VERTEX
8
right_upper
10
988.963
20
-206.788
30
0.0
0
VERTEX
8
right_upper
10
988.119
20
-207.219
30
0.0
0
VERTEX
8
right_upper
10
987.280
20
-207.658
30
0.0
0
VERTEX
8
right_upper
10
986.447
20
-208.107
30
0.0
0
VERTEX
8
right_upper
10
985.620
20
-208.564
30
0.0
0
VERTEX
8
right_upper
10
984.799
20
-209.031
30
0.0
0
VERTEX
8
right_upper
10
983.985
20
-209.508
30
0.0
0
VERTEX
8
right_upper
10
983.178
20
-209.994
30
0.0
0
VERTEX
8
right_upper
10
982.379
20
-210.491
30
0.0
0
VERTEX
8
right_upper
10
981.587
20
-210.998
30
0.0
0
VERTEX
8
right_upper
10
980.804
20
-211.515
30
0.0
0
VERTEX
8
right_upper
10
980.029
20
-212.043
30
0.0
0
VERTEX
8
right_upper
10
979.263
20
-212.582
30
0.0
0
VERTEX
8
right_upper
10
978.507
20
-213.132
30
0.0
0
VERTEX
8
right_upper
10
977.760
20
-213.693
30
0.0
0
VERTEX
8
right_upper
10
977.024
20
-214.265
30
0.0
0
VERTEX
8
right_upper
10
976.297
20
-214.850
30
0.0
0
VERTEX
8
right_upper
10
975.582
20
-215.446
30
0.0
0
VERTEX
8
right_upper
10
974.877
20
-216.055
30
0.0
0
VERTEX
8
right_upper
10
974.184
20
-216.676
30
0.0
0
VERTEX
8
right_upper
10
973.503
20
-217.309
30
0.0
0
VERTEX
8
right_upper
10
972.834
20
-217.955
30
0.0
0
VERTEX
8
right_upper
10
972.177
20
-218.614
30
0.0
0
VERTEX
8
right_upper
10
971.534
20
-219.286
30
0.0
0
VERTEX
8
right_upper
10
970.903
20
-219.972
30
0.0
0
VERTEX
8
right_upper
10
970.287
20
-220.671
30
0.0
0
VERTEX
8
right_upper
10
969.684
20
-221.384
30
0.0
0
VERTEX
8
right_upper
10
969.095
20
-222.111
30
0.0
0
VERTEX
8
right_upper
10
968.522
20
-222.852
30
0.0
0
VERTEX
8
right_upper
10
967.963
20
-223.608
30
0.0
0
VERTEX
8
right_upper
10
967.420
20
-224.378
30
0.0
0
VERTEX
8
right_upper
10
966.892
20
-225.164
30
0.0
0
VERTEX
8
right_upper
10
966.380
20
-225.963
30
0.0
0
VERTEX
8
right_upper
10
965.884
20
-226.777
30
0.0
0
VERTEX
8
right_upper
10
965.402
20
-227.604
30
0.0
0
VERTEX
8
right_upper
10
964.933
20
-228.443
30
0.0
0
VERTEX
8
right_upper
10
964.478
20
-229.293
30
0.0
0
VERTEX
8
right_upper
10
964.034
20
-230.153
30
0.0
0
VERTEX
8
right_upper
10
963.602
20
-231.022
30
0.0
0
VERTEX
8
right_upper
10
963.181
20
-231.900
30
0.0
0
VERTEX
8
right_upper
10
962.770
20
-232.785
30
0.0
0
VERTEX
8
right_upper
10
962.368
20
-233.677
30
0.0
0
VERTEX
8
right_upper
10
961.974
20
-234.574
30
0.0
0
VERTEX
8
right_upper
10
961.588
20
-235.476
30
0.0
0
VERTEX
8
right_upper
10
961.209
20
-236.381
30
0.0
0
VERTEX
8
right_upper
10
960.836
20
-237.290
30
0.0
0
VERTEX
8
right_upper
10
960.469
20
-238.200
30
0.0
0
VERTEX
8
right_upper
10
960.107
20
-239.111
30
0.0
0
VERTEX
8
right_upper
10
959.748
20
-240.022
30
0.0
0
VERTEX
8
right_upper
10
959.393
20
-240.933
30
0.0
0
VERTEX
8
right_upper
10
959.040
20
-241.841
30
0.0
0
VERTEX
8
right_upper
10
958.689
20
-242.747
30
0.0
0
VERTEX
8
right_upper
10
958.339
20
-243.649
30
0.0
0
VERTEX
8
right_upper
10
957.989
20
-244.547
30
0.0
0
VERTEX
8
right_upper
10
957.639
20
-245.439
30
0.0
0
VERTEX
8
right_upper
10
957.288
20
-246.324
30
0.0
0
VERTEX
8
right_upper
10
956.934
20
-247.203
30
0.0
0
VERTEX
8
right_upper
10
956.578
20
-248.073
30
0.0
0
VERTEX
8
right_upper
10
956.219
20
-248.933
30
0.0
0
VERTEX
8
right_upper
10
955.855
20
-249.784
30
0.0
0
VERTEX
8
right_upper
10
955.487
20
-250.623
30
0.0
0
VERTEX
8
right_upper
10
955.112
20
-251.451
30
0.0
0
VERTEX
8
right_upper
10
954.732
20
-252.266
30
0.0
0
VERTEX
8
right_upper
10
954.344
20
-253.066
30
0.0
0
VERTEX
8
right_upper
10
953.948
20
-253.852
30
0.0
0
VERTEX
8
right_upper
10
953.543
20
-254.623
30
0.0
0
VERTEX
8
right_upper
10
953.130
20
-255.377
30
0.0
0
VERTEX
8
right_upper
10
952.706
20
-256.113
30
0.0
0
VERTEX
8
right_upper
10
952.271
20
-256.831
30
0.0
0
VERTEX
8
right_upper
10
951.824
20
-257.529
30
0.0
0
VERTEX
8
right_upper
10
951.365
20
-258.207
30
0.0
0
VERTEX
8
right_upper
10
950.893
20
-258.864
30
0.0
0
VERTEX
8
right_upper
10
950.408
20
-259.499
30
0.0
0
VERTEX
8
right_upper
10
949.907
20
-260.110
30
0.0
0
VERTEX
8
right_upper
10
949.392
20
-260.698
30
0.0
0
VERTEX
8
right_upper
10
948.861
20
-261.263
30
0.0
0
VERTEX
8
right_upper
10
948.316
20
-261.805
30
0.0
0
VERTEX
8
right_upper
10
947.756
20
-262.324
30
0.0
0
VERTEX
8
right_upper
10
947.181
20
-262.821
30
0.0
0
VERTEX
8
right_upper
10
946.593
20
-263.296
30
0.0
0
VERTEX
8
right_upper
10
945.991
20
-263.749
30
0.0
0
VERTEX
8
right_upper
10
945.374
20
-264.182
30
0.0
0
VERTEX
8
right_upper
10
944.744
20
-264.594
30
0.0
0
VERTEX
8
right_upper
10
944.101
20
-264.986
30
0.0
0
VERTEX
8
right_upper
10
943.445
20
-265.357
30
0.0
0
VERTEX
8
right_upper
10
942.775
20
-265.710
30
0.0
0
VERTEX
8
right_upper
10
942.093
20
-266.043
30
0.0
0
VERTEX
8
right_upper
10
941.398
20
-266.357
30
0.0
0
VERTEX
8
right_upper
10
940.690
20
-266.654
30
0.0
0
VERTEX
8
right_upper
10
939.971
20
-266.932
30
0.0
0
VERTEX
8
right_upper
10
939.239
20
-267.193
30
0.0
0
VERTEX
8
right_upper
10
938.496
20
-267.436
30
0.0
0
VERTEX
8
right_upper
10
937.740
20
-267.663
30
0.0
0
VERTEX
8
right_upper
10
936.974
20
-267.873
30
0.0
0
VERTEX
8
right_upper
10
936.196
20
-268.067
30
0.0
0
VERTEX
8
right_upper
10
935.407
20
-268.246
30
0.0
0
VERTEX
8
right_upper
10
934.607
20
-268.410
30
0.0
0
VERTEX
8
right_upper
10
933.797
20
-268.558
30
0.0
0
VERTEX
8
right_upper
10
932.976
20
-268.693
30
0.0
0
VERTEX
8
right_upper
10
932.145
20
-268.813
30
0.0
0
VERTEX
8
right_upper
10
931.304
20
-268.919
30
0.0
0
VERTEX
8
right_upper
10
930.453
20
-269.013
30
0.0
0
VERTEX
8
right_upper
10
929.592
20
-269.093
30
0.0
0
VERTEX
8
right_upper
10
928.722
20
-269.161
30
0.0
0
VERTEX
8
right_upper
10
927.842
20
-269.216
30
0.0
0
VERTEX
8
right_upper
10
926.954
20
-269.260
30
0.0
0
VERTEX
8
right_upper
10
926.056
20
-269.293
30
0.0
0
VERTEX
8
right_upper
10
925.150
20
-269.315
30
0.0
0
VERTEX
8
right_upper
10
924.235
20
-269.326
30
0.0
0
VERTEX
8
right_upper
10
923.313
20
-269.327
30
0.0
0
VERTEX
8
right_upper
10
922.381
20
-269.318
30
0.0
0
VERTEX
8
right_upper
10
921.442
20
-269.299
30
0.0
0
VERTEX
8
right_upper
10
920.496
20
-269.272
30
0.0
0
VERTEX
8
right_upper
10
919.542
20
-269.236
30
0.0
0
VERTEX
8
right_upper
10
918.580
20
-269.192
30
0.0
0
VERTEX
8
right_upper
10
917.611
20
-269.140
30
0.0
0
VERTEX
8
right_upper
10
916.636
20
-269.081
30
0.0
0
VERTEX
8
right_upper
10
915.653
20
-269.014
30
0.0
0
VERTEX
8
right_upper
10
914.665
20
-268.941
30
0.0
0
VERTEX
8
right_upper
10
913.669
20
-268.861
30
0.0
0
VERTEX
8
right_upper
10
912.668
20
-268.776
30
0.0
0
VERTEX
8
right_upper
10
911.661
20
-268.685
30
0.0
0
VERTEX
8
right_upper
10
910.648
20
-268.589
30
0.0
0
VERTEX
8
right_upper
10
909.629
20
-268.488
30
0.0
0
VERTEX
8
right_upper
10
908.605
20
-268.383
30
0.0
0
VERTEX
8
right_upper
10
907.576
20
-268.273
30
0.0
0
VERTEX
8
right_upper
10
906.542
20
-268.161
30
0.0
0
VERTEX
8
right_upper
10
905.503
20
-268.045
30
0.0
0
VERTEX
8
right_upper
10
904.460
20
-267.926
30
0.0
0
VERTEX
8
right_upper
10
903.412
20
-267.805
30
0.0
0
VERTEX
8
right_upper
10
902.360
20
-267.681
30
0.0
0
VERTEX
8
right_upper
10
901.305
20
-267.556
30
0.0
0
VERTEX
8
right_upper
10
900.245
20
-267.430
30
0.0
0
VERTEX
8
right_upper
10
899.182
20
-267.303
30
0.0
0
VERTEX
8
right_upper
10
898.115
20
-267.176
30
0.0
0
VERTEX
8
right_upper
10
897.045
20
-267.048
30
0.0
0
VERTEX
8
right_upper
10
895.972
20
-266.921
30
0.0
0
VERTEX
8
right_upper
10
894.897
20
-266.794
30
0.0
0
VERTEX
8
right_upper
10
893.818
20
-266.669
30
0.0
0
VERTEX
8
right_upper
10
892.738
20
-266.544
30
0.0
0
VERTEX
8
right_upper
10
891.655
20
-266.422
30
0.0
0
VERTEX
8
right_upper
10
890.570
20
-266.302
30
0.0
0
VERTEX
8
right_upper
10
889.483
20
-266.185
30
0.0
0
VERTEX
8
right_upper
10
888.395
20
-266.070
30
0.0
0
VERTEX
8
right_upper
10
887.305
20
-265.959
30
0.0
0
VERTEX
8
right_upper
10
886.214
20
-265.852
30
0.0
0
VERTEX
8
right_upper
10
885.122
20
-265.749
30
0.0
0
VERTEX
8
right_upper
10
884.029
20
-265.651
30
0.0
0
VERTEX
8
right_upper
10
882.936
20
-265.557
30
0.0
0
VERTEX
8
right_upper
10
881.842
20
-265.469
30
0.0
0
VERTEX
8
right_upper
10
880.748
20
-265.386
30
0.0
0
VERTEX
8
right_upper
10
879.653
20
-265.310
30
0.0
0
VERTEX
8
right_upper
10
878.559
20
-265.240
30
0.0
0
VERTEX
8
right_upper
10
877.465
20
-265.177
30
0.0
0
VERTEX
8
right_upper
10
876.372
20
-265.122
30
0.0
0
VERTEX
8
right_upper
10
875.280
20
-265.073
30
0.0
0
VERTEX
8
right_upper
10
874.188
20
-265.034
30
0.0
0
VERTEX
8
right_upper
10
873.098
20
-265.002
30
0.0
0
VERTEX
8
right_upper
10
872.009
20
-264.979
30
0.0
0
VERTEX
8
right_upper
10
870.921
20
-264.966
30
0.0
0
VERTEX
8
right_upper
10
869.835
20
-264.962
30
0.0
0
VERTEX
8
right_upper
10
868.751
20
-264.968
30
0.0
0
VERTEX
8
right_upper
10
867.669
20
-264.984
30
0.0
0
VERTEX
8
right_upper
10
866.590
20
-265.012
30
0.0
0
VERTEX
8
right_upper
10
865.513
20
-265.050
30
0.0
0
VERTEX
8
right_upper
10
864.438
20
-265.099
30
0.0
0
VERTEX
8
right_upper
10
863.366
20
-265.159
30
0.0
0
VERTEX
8
right_upper
10
862.297
20
-265.230
30
0.0
0
VERTEX
8
right_upper
10
861.231
20
-265.311
30
0.0
0
VERTEX
8
right_upper
10
860.167
20
-265.404
30
0.0
0
VERTEX
8
right_upper
10
859.107
20
-265.507
30
0.0
0
VERTEX
8
right_upper
10
858.049
20
-265.620
30
0.0
0
VERTEX
8
right_upper
10
856.995
20
-265.744
30
0.0
0
VERTEX
8
right_upper
10
855.944
20
-265.879
30
0.0
0
VERTEX
8
right_upper
10
854.896
20
-266.024
30
0.0
0
VERTEX
8
right_upper
10
853.851
20
-266.179
30
0.0
0
VERTEX
8
right_upper
10
852.810
20
-266.344
30
0.0
0
VERTEX
8
right_upper
10
851.773
20
-266.520
30
0.0
0
VERTEX
8
right_upper
10
850.739
20
-266.706
30
0.0
0
VERTEX
8
right_upper
10
849.709
20
-266.902
30
0.0
0
VERTEX
8
right_upper
10
848.682
20
-267.109
30
0.0
0
VERTEX
8
right_upper
10
847.660
20
-267.325
30
0.0
0
VERTEX
8
right_upper
10
846.641
20
-267.551
30
0.0
0
VERTEX
8
right_upper
10
845.627
20
-267.787
30
0.0
0
VERTEX
8
right_upper
10
844.616
20
-268.033
30
0.0
0
VERTEX
8
right_upper
10
843.610
20
-268.289
30
0.0
0
VERTEX
8
right_upper
10
842.608
20
-268.555
30
0.0
0
VERTEX
8
right_upper
10
841.611
20
-268.830
30
0.0
0
VERTEX
8
right_upper
10
840.618
20
-269.115
30
0.0
0
VERTEX
8
right_upper
10
839.629
20
-269.409
30
0.0
0
VERTEX
8
right_upper
10
838.645
20
-269.713
30
0.0
0
VERTEX
8
right_upper
10
837.666
20
-270.026
30
0.0
0
VERTEX
8
right_upper
10
836.692
20
-270.349
30
0.0
0
VERTEX
8
right_upper
10
835.723
20
-270.681
30
0.0
0
VERTEX
8
right_upper
10
834.758
20
-271.022
30
0.0
0
VERTEX
8
right_upper
10
833.799
20
-271.373
30
0.0
0
VERTEX
8
right_upper
10
832.844
20
-271.732
30
0.0
0
VERTEX
8
right_upper
10
831.895
20
-272.101
30
0.0
0
VERTEX
8
right_upper
10
830.951
20
-272.479
30
0.0
0
VERTEX
8
right_upper
10
830.013
20
-272.866
30
0.0
0
VERTEX
8
right_upper
10
829.080
20
-273.262
30
0.0
0
VERTEX
8
right_upper
10
828.153
20
-273.667
30
0.0
0
VERTEX
8
right_upper
10
827.231
20
-274.080
30
0.0
0
VERTEX
8
right_upper
10
826.315
20
-274.502
30
0.0
0
VERTEX
8
right_upper
10
825.405
20
-274.933
30
0.0
0
VERTEX
8
right_upper
10
824.500
20
-275.373
30
0.0
0
VERTEX
8
right_upper
10
823.602
20
-275.821
30
0.0
0
VERTEX
8
right_upper
10
822.709
20
-276.278
30
0.0
0
VERTEX
8
right_upper
10
821.823
20
-276.743
30
0.0
0
VERTEX
8
right_upper
10
820.943
20
-277.217
30
0.0
0
VERTEX
8
right_upper
10
820.069
20
-277.699
30
0.0
0
VERTEX
8
right_upper
10
819.202
20
-278.189
30
0.0
0
VERTEX
8
right_upper
10
818.341
20
-278.688
30
0.0
0
VERTEX
8
right_upper
10
817.487
20
-279.195
30
0.0
0
VERTEX
8
right_upper
10
816.639
20
-279.710
30
0.0
0
VERTEX
8
right_upper
10
815.798
20
-280.233
30
0.0
0
VERTEX
8
right_upper
10
814.964
20
-280.764
30
0.0
0
VERTEX
8
right_upper
10
814.137
20
-281.303
30
0.0
0
VERTEX
8
right_upper
10
813.316
20
-281.850
30
0.0
0
VERTEX
8
right_upper
10
812.503
20
-282.405
30
0.0
0
VERTEX
8
right_upper
10
811.697
20
-282.967
30
0.0
0
VERTEX
8
right_upper
10
810.898
20
-283.538
30
0.0
0
VERTEX
8
right_upper
10
810.106
20
-284.116
30
0.0
0
VERTEX
8
right_upper
10
809.322
20
-284.702
30
0.0
0
VERTEX
8
right_upper
10
808.545
20
-285.295
30
0.0
0
VERTEX
8
right_upper
10
807.776
20
-285.896
30
0.0
0
VERTEX
8
right_upper
10
807.014
20
-286.504
30
0.0
0
VERTEX
8
right_upper
10
806.261
20
-287.120
30
0.0
0
VERTEX
8
right_upper
10
805.514
20
-287.743
30
0.0
0
VERTEX
8
right_upper
10
804.776
20
-288.373
30
0.0
0
VERTEX
8
right_upper
10
804.046
20
-289.010
30
0.0
0
VERTEX
8
right_upper
10
803.324
20
-289.655
30
0.0
0
VERTEX
8
right_upper
10
802.610
20
-290.307
30
0.0
0
VERTEX
8
right_upper
10
801.904
20
-290.966
30
0.0
0
VERTEX
8
right_upper
10
801.206
20
-291.632
30
0.0
0
VERTEX
8
right_upper
10
800.517
20
-292.304
30
0.0
0
VERTEX
8
right_upper
10
799.837
20
-292.984
30
0.0
0
VERTEX
8
right_upper
10
799.164
20
-293.671
30
0.0
0
VERTEX
8
right_upper
10
798.501
20
-294.364
30
0.0
0
VERTEX
8
right_upper
10
797.846
20
-295.064
30
0.0
0
VERTEX
8
right_upper
10
797.200
20
-295.771
30
0.0
0
VERTEX
8
right_upper
10
796.563
20
-296.484
30
0.0
0
VERTEX
8
right_upper
10
795.935
20
-297.204
30
0.0
0
VERTEX
8
right_upper
10
795.316
20
-297.930
30
0.0
0
VERTEX
8
right_upper
10
794.706
20
-298.663
30
0.0
0
VERTEX
8
right_upper
10
794.105
20
-299.402
30
0.0
0
VERTEX
8
right_upper
10
793.514
20
-300.148
30
0.0
0
VERTEX
8
right_upper
10
792.932
20
-300.899
30
0.0
0
VERTEX
8
right_upper
10
792.359
20
-301.657
30
0.0
0
VERTEX
8
right_upper
10
791.796
20
-302.421
30
0.0
0
VERTEX
8
right_upper
10
791.243
20
-303.192
30
0.0
0
VERTEX
8
right_upper
10
790.699
20
-303.968
30
0.0
0
VERTEX
8
right_upper
10
790.165
20
-304.750
30
0.0
0
VERTEX
8
right_upper
10
789.641
20
-305.538
30
0.0
0
VERTEX
8
right_upper
10
789.127
20
-306.332
30
0.0
0
VERTEX
8
right_upper
10
788.624
20
-307.132
30
0.0
0
VERTEX
8
right_upper
10
788.130
20
-307.938
30
0.0
0
VERTEX
8
right_upper
10
787.646
20
-308.749
30
0.0
0
VERTEX
8
right_upper
10
787.173
20
-309.566
30
0.0
0
VERTEX
8
right_upper
10
786.710
20
-310.388
30
0.0
0
VERTEX
8
right_upper
10
786.258
20
-311.216
30
0.0
0
VERTEX
8
right_upper
10
785.816
20
-312.050
30
0.0
0
VERTEX
8
right_upper
10
785.385
20
-312.889
30
0.0
0
VERTEX
8
right_upper
10
784.964
20
-313.733
30
0.0
0
VERTEX
8
right_upper
10
784.554
20
-314.583
30
0.0
0
VERTEX
8
right_upper
10
784.155
20
-315.437
30
0.0
0
VERTEX
8
right_upper
10
783.768
20
-316.297
30
0.0
0
VERTEX
8
right_upper
10
783.391
20
-317.162
30
0.0
0
VERTEX
8
right_upper
10
783.025
20
-318.033
30
0.0
0
VERTEX
8
right_upper
10
782.671
20
-318.908
30
0.0
0
VERTEX
8
right_upper
10
782.328
20
-319.788
30
0.0
0
VERTEX
8
right_upper
10
781.996
20
-320.673
30
0.0
0
VERTEX
8
right_upper
10
781.676
20
-321.563
30
0.0
0
VERTEX
8
right_upper
10
781.367
20
-322.458
30
0.0
0
VERTEX
8
right_upper
10
781.070
20
-323.357
30
0.0
0
VERTEX
8
right_upper
10
780.785
20
-324.261
30
0.0
0
VERTEX
8
right_upper
10
780.511
20
-325.170
30
0.0
0
VERTEX
8
right_upper
10
780.249
20
-326.083
30
0.0
0
VERTEX
8
right_upper
10
780.000
20
-327.001
30
0.0
0
VERTEX
8
right_upper
10
779.762
20
-327.923
30
0.0
0
VERTEX
8
right_upper
10
779.536
20
-328.849
30
0.0
0
VERTEX
8
right_upper
10
779.321
20
-329.780
30
0.0
0
VERTEX
8
right_upper
10
779.117
20
-330.714
30
0.0
0
VERTEX
8
right_upper
10
778.922
20
-331.652
30
0.0
0
VERTEX
8
right_upper
10
778.738
20
-332.593
30
0.0
0
VERTEX
8
right_upper
10
778.563
20
-333.538
30
0.0
0
VERTEX
8
right_upper
10
778.397
20
-334.485
30
0.0
0
VERTEX
8
right_upper
10
778.239
20
-335.435
30
0.0
0
VERTEX
8
right_upper
10
778.088
20
-336.388
30
0.0
0
VERTEX
8
right_upper
10
777.946
20
-337.343
30
0.0
0
VERTEX
8
right_upper
10
777.810
20
-338.300
30
0.0
0
VERTEX
8
right_upper
10
777.680
20
-339.259
30
0.0
0
VERTEX
8
right_upper
10
777.557
20
-340.220
30
0.0
0
VERTEX
8
right_upper
10
777.439
20
-341.182
30
0.0
0
VERTEX
8
right_upper
10
777.326
20
-342.145
30
0.0
0
VERTEX
8
right_upper
10
777.218
20
-343.110
30
0.0
0
VERTEX
8
right_upper
10
777.114
20
-344.075
30
0.0
0
VERTEX
8
right_upper
10
777.014
20
-345.041
30
0.0
0
VERTEX
8
right_upper
10
776.916
20
-346.008
30
0.0
0
VERTEX
8
right_upper
10
776.822
20
-346.975
30
0.0
0
VERTEX
8
right_upper
10
776.730
20
-347.941
30
0.0
0
VERTEX
8
right_upper
10
776.639
20
-348.908
30
0.0
0
VERTEX
8
right_upper
10
776.550
20
-349.874
30
0.0
0
VERTEX
8
right_upper
10
776.462
20
-350.840
30
0.0
0
VERTEX
8
right_upper
10
776.374
20
-351.804
30
0.0
0
VERTEX
8
right_upper
10
776.287
20
-352.768
30
0.0
0
VERTEX
8
right_upper
10
776.198
20
-353.730
30
0.0
0
VERTEX
8
right_upper
10
776.109
20
-354.691
30
0.0
0
VERTEX
8
right_upper
10
776.018
20
-355.650
30
0.0
0
VERTEX
8
right_upper
10
775.925
20
-356.608
30
0.0
0
VERTEX
8
right_upper
10
775.830
20
-357.563
30
0.0
0
VERTEX
8
right_upper
10
775.732
20
-358.516
30
0.0
0
VERTEX
8
right_upper
10
775.631
20
-359.466
30
0.0
0
VERTEX
8
right_upper
10
775.526
20
-360.414
30
0.0
0
VERTEX
8
right_upper
10
775.416
20
-361.358
30
0.0
0
VERTEX
8
right_upper
10
775.302
20
-362.300
30
0.0
0
VERTEX
8
right_upper
10
775.183
20
-363.238
30
0.0
0
VERTEX
8
right_upper
10
775.058
20
-364.173
30
0.0
0
VERTEX
8
right_upper
10
774.927
20
-365.103
30
0.0
0
VERTEX
8
right_upper
10
774.789
20
-366.030
30
0.0
0
VERTEX
8
right_upper
10
774.645
20
-366.953
30
0.0
0
VERTEX
8
right_upper
10
774.493
20
-367.871
30
0.0
0
VERTEX
8
right_upper
10
774.332
20
-368.784
30
0.0
0
VERTEX
8
right_upper
10
774.164
20
-369.693
30
0.0
0
VERTEX
8
right_upper
10
773.986
20
-370.596
30
0.0
0
VERTEX
8
right_upper
10
773.799
20
-371.495
30
0.0
0
VERTEX
8
right_upper
10
773.602
20
-372.388
30
0.0
0
VERTEX
8
right_upper
10
773.395
20
-373.275
30
0.0
0
VERTEX
8
right_upper
10
773.177
20
-374.156
30
0.0
0
VERTEX
8
right_upper
10
772.948
20
-375.031
30
0.0
0
VERTEX
8
right_upper
10
772.707
20
-375.900
30
0.0
0
VERTEX
8
right_upper
10
772.454
20
-376.762
30
0.0
0
VERTEX
8
right_upper
10
772.189
20
-377.617
30
0.0
0
VERTEX
8
right_upper
10
771.910
20
-378.466
30
0.0
0
VERTEX
8
right_upper
10
771.618
20
-379.307
30
0.0
0
VERTEX
8
right_upper
10
771.311
20
-380.141
30
0.0
0
VERTEX
8
right_upper
10
770.990
20
-380.968
30
0.0
0
VERTEX
8
right_upper
10
770.654
20
-381.786
30
0.0
0
VERTEX
8
right_upper
10
770.303
20
-382.597
30
0.0
0
VERTEX
8
right_upper
10
769.936
20
-383.399
30
0.0
0
VERTEX
8
right_upper
10
769.552
20
-384.193
30
0.0
0
VERTEX
8
right_upper
10
769.152
20
-384.978
30
0.0
0
VERTEX
8
right_upper
10
768.734
20
-385.755
30
0.0
0
VERTEX
8
right_upper
10
768.299
20
-386.522
30
0.0
0
VERTEX
8
right_upper
10
767.845
20
-387.280
30
0.0
0
VERTEX
8
right_upper
10
767.372
20
-388.028
30
0.0
0
VERTEX
8
right_upper
10
766.881
20
-388.767
30
0.0
0
VERTEX
8
right_upper
10
766.370
20
-389.496
30
0.0
0
VERTEX
8
right_upper
10
765.838
20
-390.215
30
0.0
0
VERTEX
8
right_upper
10
765.287
20
-390.924
30
0.0
0
VERTEX
8
right_upper
10
764.717
20
-391.623
30
0.0
0
VERTEX
8
right_upper
10
764.130
20
-392.314
30
0.0
0
VERTEX
8
right_upper
10
763.528
20
-392.998
30
0.0
0
VERTEX
8
right_upper
10
762.911
20
-393.674
30
0.0
0
VERTEX
8
right_upper
10
762.282
20
-394.345
30
0.0
0
VERTEX
8
right_upper
10
761.641
20
-395.010
30
0.0
0
VERTEX
8
right_upper
10
760.990
20
-395.670
30
0.0
0
VERTEX
8
right_upper
10
760.331
20
-396.327
30
0.0
0
VERTEX
8
right_upper
10
759.665
20
-396.981
30
0.0
0
VERTEX
8
right_upper
10
758.994
20
-397.632
30
0.0
0
VERTEX
8
right_upper
10
758.319
20
-398.283
30
0.0
0
VERTEX
8
right_upper
10
757.640
20
-398.932
30
0.0
0
VERTEX
8
right_upper
10
756.961
20
-399.582
30
0.0
0
VERTEX
8
right_upper
10
756.282
20
-400.233
30
0.0
0
VERTEX
8
right_upper
10
755.605
20
-400.886
30
0.0
0
VERTEX
8
right_upper
10
754.931
20
-401.541
30
0.0
0
VERTEX
8
right_upper
10
754.262
20
-402.200
30
0.0
0
VERTEX
8
right_upper
10
753.599
20
-402.862
30
0.0
0
VERTEX
8
right_upper
10
752.943
20
-403.530
30
0.0
0
VERTEX
8
right_upper
10
752.297
20
-404.203
30
0.0
0
VERTEX
8
right_upper
10
751.660
20
-404.883
30
0.0
0
VERTEX
8
right_upper
10
751.036
20
-405.570
30
0.0
0
VERTEX
8
right_upper
10
750.425
20
-406.266
30
0.0
0
VERTEX
8
right_upper
10
749.829
20
-406.970
30
0.0
0
VERTEX
8
right_upper
10
749.249
20
-407.683
30
0.0
0
VERTEX
8
right_upper
10
748.687
20
-408.407
30
0.0
0
VERTEX
8
right_upper
10
748.143
20
-409.142
30
0.0
0
VERTEX
8
right_upper
10
747.617
20
-409.887
30
0.0
0
VERTEX
8
right_upper
10
747.109
20
-410.643
30
0.0
0
VERTEX
8
right_upper
10
746.619
20
-411.408
30
0.0
0
VERTEX
8
right_upper
10
746.147
20
-412.184
30
0.0
0
VERTEX
8
right_upper
10
745.692
20
-412.968
30
0.0
0
VERTEX
8
right_upper
10
745.255
20
-413.763
30
0.0
0
VERTEX
8
right_upper
10
744.835
20
-414.566
30
0.0
0
VERTEX
8
right_upper
10
744.432
20
-415.379
30
0.0
0
VERTEX
8
right_upper
10
744.047
20
-416.200
30
0.0
0
VERTEX
8
right_upper
10
743.678
20
-417.030
30
0.0
0
VERTEX
8
right_upper
10
743.325
20
-417.869
30
0.0
0
VERTEX
8
right_upper
10
742.990
20
-418.715
30
0.0
0
VERTEX
8
right_upper
10
742.671
20
-419.570
30
0.0
0
VERTEX
8
right_upper
10
742.368
20
-420.432
30
0.0
0
VERTEX
8
right_upper
10
742.082
20
-421.302
30
0.0
0
VERTEX
8
right_upper
10
741.811
20
-422.179
30
0.0
0
VERTEX
8
right_upper
10
741.557
20
-423.063
30
0.0
0
VERTEX
8
right_upper
10
741.318
20
-423.954
30
0.0
0
VERTEX
8
right_upper
10
741.095
20
-424.852
30
0.0
0
VERTEX
8
right_upper
10
740.888
20
-425.757
30
0.0
0
VERTEX
8
right_upper
10
740.695
20
-426.668
30
0.0
0
VERTEX
8
right_upper
10
740.519
20
-427.584
30
0.0
0
VERTEX
8
right_upper
10
740.357
20
-428.507
30
0.0
0
VERTEX
8
right_upper
10
740.210
20
-429.436
30
0.0
0
VERTEX
8
right_upper
10
740.078
20
-430.370
30
0.0
0
VERTEX
8
right_upper
10
739.961
20
-431.309
30
0.0
0
VERTEX
8
right_upper
10
739.858
20
-432.253
30
0.0
0
VERTEX
8
right_upper
10
739.770
20
-433.202
30
0.0
0
VERTEX
8
right_upper
10
739.696
20
-434.156
30
0.0
0
VERTEX
8
right_upper
10
739.636
20
-435.114
30
0.0
0
VERTEX
8
right_upper
10
739.590
20
-436.076
30
0.0
0
VERTEX
8
right_upper
10
739.558
20
-437.043
30
0.0
0
VERTEX
8
right_upper
10
739.540
20
-438.013
30
0.0
0
VERTEX
8
right_upper
10
739.535
20
-438.987
30
0.0
0
VERTEX
8
right_upper
10
739.544
20
-439.964
30
0.0
0
VERTEX
8
right_upper
10
739.566
20
-440.945
30
0.0
0
VERTEX
8
right_upper
10
739.601
20
-441.928
30
0.0
0
VERTEX
8
right_upper
10
739.650
20
-442.914
30
0.0
0
VERTEX
8
right_upper
10
739.711
20
-443.903
30
0.0
0
VERTEX
8
right_upper
10
739.785
20
-444.894
30
0.0
0
VERTEX
8
right_upper
10
739.872
20
-445.888
30
0.0
0
VERTEX
8
right_upper
10
739.971
20
-446.883
30
0.0
0
VERTEX
8
right_upper
10
740.082
20
-447.880
30
0.0
0
VERTEX
8
right_upper
10
740.206
20
-448.879
30
0.0
0
VERTEX
8
right_upper
10
740.342
20
-449.878
30
0.0
0
VERTEX
8
right_upper
10
740.490
20
-450.879
30
0.0
0
VERTEX
8
right_upper
10
740.650
20
-451.881
30
0.0
0
VERTEX
8
right_upper
10
740.821
20
-452.884
30
0.0
0
VERTEX
8
right_upper
10
741.004
20
-453.887
30
0.0
0
VERTEX
8
right_upper
10
741.198
20
-454.891
30
0.0
0
VERTEX
8
right_upper
10
741.404
20
-455.894
30
0.0
0
VERTEX
8
right_upper
10
741.620
20
-456.897
30
0.0
0
VERTEX
8
right_upper
10
741.848
20
-457.901
30
0.0
0
VERTEX
8
right_upper
10
742.087
20
-458.903
30
0.0
0
VERTEX
8
right_upper
10
742.336
20
-459.905
30
0.0
0
VERTEX
8
right_upper
10
742.596
20
-460.906
30
0.0
0
VERTEX
8
right_upper
10
742.866
20
-461.905
30
0.0
0
VERTEX
8
right_upper
10
743.147
20
-462.903
30
0.0
0
VERTEX
8
right_upper
10
743.438
20
-463.900
30
0.0
0
VERTEX
8
right_upper
10
743.738
20
-464.895
30
0.0
0
VERTEX
8
right_upper
10
744.049
20
-465.888
30
0.0
0
VERTEX
8
right_upper
10
744.369
20
-466.879
30
0.0
0
VERTEX
8
right_upper
10
744.700
20
-467.867
30
0.0
0
VERTEX
8
right_upper
10
745.039
20
-468.853
30
0.0
0
VERTEX
8
right_upper
10
745.388
20
-469.836
30
0.0
0
VERTEX
8
right_upper
10
745.746
20
-470.816
30
0.0
0
VERTEX
8
right_upper
10
746.113
20
-471.792
30
0.0
0
VERTEX
8
right_upper
10
746.490
20
-472.765
30
0.0
0
VERTEX
8
right_upper
10
746.875
20
-473.735
30
0.0
0
VERTEX
8
right_upper
10
747.268
20
-474.701
30
0.0
0
VERTEX
8
right_upper
10
747.670
20
-475.662
30
0.0
0
VERTEX
8
right_upper
10
748.081
20
-476.619
30
0.0
0
VERTEX
8
right_upper
10
748.500
20
-477.572
30
0.0
0
VERTEX
8
right_upper
10
748.926
20
-478.520
30
0.0
0
VERTEX
8
right_upper
10
749.361
20
-479.464
30
0.0
0
VERTEX
8
right_upper
10
749.804
20
-480.402
30
0.0
0
VERTEX
8
right_upper
10
750.254
20
-481.335
30
0.0
0
VERTEX
8
right_upper
10
750.712
20
-482.262
30
0.0
0
VERTEX
8
right_upper
10
751.178
20
-483.184
30
0.0
0
VERTEX
8
right_upper
10
751.650
20
-484.099
30
0.0
0
VERTEX
8
right_upper
10
752.130
20
-485.009
30
0.0
0
VERTEX
8
right_upper
10
752.617
20
-485.912
30
0.0
0
VERTEX
8
right_upper
10
753.111
20
-486.809
30
0.0
0
VERTEX
8
right_upper
10
753.611
20
-487.699
30
0.0
0
VERTEX
8
right_upper
10
754.119
20
-488.582
30
0.0
0
VERTEX
8
right_upper
10
754.632
20
-489.457
30
0.0
0
VERTEX
8
right_upper
10
755.152
20
-490.326
30
0.0
0
VERTEX
8
right_upper
10
755.678
20
-491.186
30
0.0
0
VERTEX
8
right_upper
10
756.210
20
-492.039
30
0.0
0
VERTEX
8
right_upper
10
756.748
20
-492.884
30
0.0
0
VERTEX
8
right_upper
10
757.292
20
-493.721
30
0.0
0
VERTEX
8
right_upper
10
757.842
20
-494.549
30
0.0
0
VERTEX
8
right_upper
10
758.397
20
-495.369
30
0.0
0
VERTEX
8
right_upper
10
758.957
20
-496.180
30
0.0
0
VERTEX
8
right_upper
10
759.523
20
-496.982
30
0.0
0
VERTEX
8
right_upper
10
760.093
20
-497.774
30
0.0
0
VERTEX
8
right_upper
10
760.669
20
-498.557
30
0.0
0
VERTEX
8
right_upper
10
761.250
20
-499.331
30
0.0
0
VERTEX
8
right_upper
10
761.834
20
-500.095
30
0.0
0
VERTEX
8
right_upper
10
762.422
20
-500.851
30
0.0
0
VERTEX
8
right_upper
10
763.012
20
-501.600
30
0.0
0
VERTEX
8
right_upper
10
763.602
20
-502.343
30
0.0
0
VERTEX
8
right_upper
10
764.192
20
-503.081
30
0.0
0
VERTEX
8
right_upper
10
764.780
20
-503.815
30
0.0
0
VERTEX
8
right_upper
10
765.365
20
-504.547
30
0.0
0
VERTEX
8
right_upper
10
765.946
20
-505.277
30
0.0
0
VERTEX
8
right_upper
10
766.521
20
-506.007
30
0.0
0
VERTEX
8
right_upper
10
767.091
20
-506.737
30
0.0
0
VERTEX
8
right_upper
10
767.652
20
-507.469
30
0.0
0
VERTEX
8
right_upper
10
768.205
20
-508.205
30
0.0
0
VERTEX
8
right_upper
10
768.748
20
-508.944
30
0.0
0
VERTEX
8
right_upper
10
769.279
20
-509.688
30
0.0
0
VERTEX
8
right_upper
10
769.798
20
-510.439
30
0.0
0
VERTEX
8
right_upper
10
770.303
20
-511.197
30
0.0
0
VERTEX
8
right_upper
10
770.794
20
-511.964
30
0.0
0
VERTEX
8
right_upper
10
771.268
20
-512.740
30
0.0
0
VERTEX
8
right_upper
10
771.726
20
-513.527
30
0.0
0
VERTEX
8
right_upper
10
772.165
20
-514.325
30
0.0
0
VERTEX
8
right_upper
10
772.584
20
-515.137
30
0.0
0
VERTEX
8
right_upper
10
772.983
20
-515.963
30
0.0
0
VERTEX
8
right_upper
10
773.360
20
-516.804
30
0.0
0
VERTEX
8
right_upper
10
773.714
20
-517.659
30
0.0
0
VERTEX
8
right_upper
10
774.047
20
-518.528
30
0.0
0
VERTEX
8
right_upper
10
774.358
20
-519.410
30
0.0
0
VERTEX
8
right_upper
10
774.647
20
-520.304
30
0.0
0
VERTEX
8
right_upper
10
774.914
20
-521.210
30
0.0
0
VERTEX
8
right_upper
10
775.159
20
-522.126
30
0.0
0
VERTEX
8
right_upper
10
775.382
20
-523.053
30
0.0
0
VERTEX
8
right_upper
10
775.583
20
-523.988
30
0.0
0
VERTEX
8
right_upper
10
775.761
20
-524.933
30
0.0
0
VERTEX
8
right_upper
10
775.918
20
-525.885
30
0.0
0
VERTEX
8
right_upper
10
776.053
20
-526.844
30
0.0
0
VERTEX
8
right_upper
10
776.166
20
-527.810
30
0.0
0
VERTEX
8
right_upper
10
776.257
20
-528.781
30
0.0
0
VERTEX
8
right_upper
10
776.327
20
-529.756
30
0.0
0
VERTEX
8
right_upper
10
776.374
20
-530.736
30
0.0
0
VERTEX
8
right_upper
10
776.399
20
-531.720
30
0.0
0
VERTEX
8
right_upper
10
776.402
20
-532.705
30
0.0
0
VERTEX
8
right_upper
10
776.383
20
-533.693
30
0.0
0
VERTEX
8
right_upper
10
776.343
20
-534.681
30
0.0
0
VERTEX
8
right_upper
10
776.280
20
-535.670
30
0.0
0
VERTEX
8
right_upper
10
776.195
20
-536.659
30
0.0
0
VERTEX
8
right_upper
10
776.089
20
-537.646
30
0.0
0
VERTEX
8
right_upper
10
775.960
20
-538.632
30
0.0
0
VERTEX
8
right_upper
10
775.810
20
-539.614
30
0.0
0
VERTEX
8
right_upper
10
775.638
20
-540.594
30
0.0
0
VERTEX
8
right_upper
10
775.443
20
-541.569
30
0.0
0
VERTEX
8
right_upper
10
775.227
20
-542.539
30
0.0
0
VERTEX
8
right_upper
10
774.989
20
-543.504
30
0.0
0
VERTEX
8
right_upper
10
774.729
20
-544.462
30
0.0
0
VERTEX
8
right_upper
10
774.447
20
-545.413
30
0.0
0
VERTEX
8
right_upper
10
774.143
20
-546.356
30
0.0
0
VERTEX
8
right_upper
10
773.818
20
-547.291
30
0.0
0
VERTEX
8
right_upper
10
773.470
20
-548.216
30
0.0
0
VERTEX
8
right_upper
10
773.100
20
-549.131
30
0.0
0
VERTEX
8
right_upper
10
772.709
20
-550.035
30
0.0
0
VERTEX
8
right_upper
10
772.296
20
-550.927
30
0.0
0
VERTEX
8
right_upper
10
771.860
20
-551.807
30
0.0
0
VERTEX
8
right_upper
10
771.403
20
-552.674
30
0.0
0
VERTEX
8
right_upper
10
770.924
20
-553.527
30
0.0
0
VERTEX
8
right_upper
10
770.423
20
-554.366
30
0.0
0
VERTEX
8
right_upper
10
769.900
20
-555.189
30
0.0
0
VERTEX
8
right_upper
10
769.356
20
-555.996
30
0.0
0
VERTEX
8
right_upper
10
768.789
20
-556.786
30
0.0
0
VERTEX
8
right_upper
10
768.201
20
-557.558
30
0.0
0
VERTEX
8
right_upper
10
767.590
20
-558.312
30
0.0
0
VERTEX
8
right_upper
10
766.958
20
-559.047
30
0.0
0
VERTEX
8
right_upper
10
766.305
20
-559.763
30
0.0
0
VERTEX
8
right_upper
10
765.632
20
-560.460
30
0.0
0
VERTEX
8
right_upper
10
764.943
20
-561.141
30
0.0
0
VERTEX
8
right_upper
10
764.239
20
-561.807
30
0.0
0
VERTEX
8
right_upper
10
763.524
20
-562.459
30
0.0
0
VERTEX
8
right_upper
10
762.800
20
-563.099
30
0.0
0
VERTEX
8
right_upper
10
762.069
20
-563.728
30
0.0
0
VERTEX
8
right_upper
10
761.335
20
-564.348
30
0.0
0
VERTEX
8
right_upper
10
760.599
20
-564.961
30
0.0
0
VERTEX
8
right_upper
10
759.864
20
-565.568
30
0.0
0
VERTEX
8
right_upper
10
759.132
20
-566.171
30
0.0
0
VERTEX
8
right_upper
10
758.407
20
-566.770
30
0.0
0
VERTEX
8
right_upper
10
757.691
20
-567.368
30
0.0
0
VERTEX
8
right_upper
10
756.985
20
-567.966
30
0.0
0
VERTEX
8
right_upper
10
756.293
20
-568.566
30
0.0
0
VERTEX
8
right_upper
10
755.618
20
-569.169
30
0.0
0
VERTEX
8
right_upper
10
754.961
20
-569.776
30
0.0
0
VERTEX
8
right_upper
10
754.326
20
-570.390
30
0.0
0
VERTEX
8
right_upper
10
753.714
20
-571.011
30
0.0
0
VERTEX
8
right_upper
10
753.129
20
-571.642
30
0.0
0
VERTEX
8
right_upper
10
752.573
20
-572.284
30
0.0
0
VERTEX
8
right_upper
10
752.048
20
-572.937
30
0.0
0
VERTEX
8
right_upper
10
751.557
20
-573.605
30
0.0
0
VERTEX
8
right_upper
10
751.099
20
-574.286
30
0.0
0
VERTEX
8
right_upper
10
750.674
20
-574.980
30
0.0
0
VERTEX
8
right_upper
10
750.281
20
-575.688
30
0.0
0
VERTEX
8
right_upper
10
749.920
20
-576.409
30
0.0
0
VERTEX
8
right_upper
10
749.589
20
-577.142
30
0.0
0
VERTEX
8
right_upper
10
749.289
20
-577.888
30
0.0
0
VERTEX
8
right_upper
10
749.017
20
-578.646
30
0.0
0
VERTEX
8
right_upper
10
748.774
20
-579.416
30
0.0
0
VERTEX
8
right_upper
10
748.560
20
-580.197
30
0.0
0
VERTEX
8
right_upper
10
748.372
20
-580.990
30
0.0
0
VERTEX
8
right_upper
10
748.211
20
-581.795
30
0.0
0
VERTEX
8
right_upper
10
748.075
20
-582.610
30
0.0
0
VERTEX
8
right_upper
10
747.965
20
-583.435
30
0.0
0
VERTEX
8
right_upper
10
747.878
20
-584.272
30
0.0
0
VERTEX
8
right_upper
10
747.816
20
-585.118
30
0.0
0
VERTEX
8
right_upper
10
747.776
20
-585.974
30
0.0
0
VERTEX
8
right_upper
10
747.759
20
-586.840
30
0.0
0
VERTEX
8
right_upper
10
747.763
20
-587.715
30
0.0
0
VERTEX
8
right_upper
10
747.788
20
-588.599
30
0.0
0
VERTEX
8
right_upper
10
747.832
20
-589.492
30
0.0
0
VERTEX
8
right_upper
10
747.897
20
-590.394
30
0.0
0
VERTEX
8
right_upper
10
747.980
20
-591.304
30
0.0
0
VERTEX
8
right_upper
10
748.080
20
-592.222
30
0.0
0
VERTEX
8
right_upper
10
748.198
20
-593.148
30
0.0
0
VERTEX
8
right_upper
10
748.333
20
-594.082
30
0.0
0
VERTEX
8
right_upper
10
748.483
20
-595.023
30
0.0
0
VERTEX
8
right_upper
10
748.649
20
-595.971
30
0.0
0
VERTEX
8
right_upper
10
748.829
20
-596.926
30
0.0
0
VERTEX
8
right_upper
10
749.022
20
-597.887
30
0.0
0
VERTEX
8
right_upper
10
749.229
20
-598.855
30
0.0
0
VERTEX
8
right_upper
10
749.448
20
-599.828
30
0.0
0
VERTEX
8
right_upper
10
749.678
20
-600.808
30
0.0
0
VERTEX
8
right_upper
10
749.919
20
-601.793
30
0.0
0
VERTEX
8
right_upper
10
750.171
20
-602.783
30
0.0
0
VERTEX
8
right_upper
10
750.432
20
-603.778
30
0.0
0
VERTEX
8
right_upper
10
750.701
20
-604.779
30
0.0
0
VERTEX
8
right_upper
10
750.979
20
-605.783
30
0.0
0
VERTEX
8
right_upper
10
751.263
20
-606.792
30
0.0
0
VERTEX
8
right_upper
10
751.555
20
-607.805
30
0.0
0
VERTEX
8
right_upper
10
751.852
20
-608.821
30
0.0
0
VERTEX
8
right_upper
10
752.155
20
-609.841
30
0.0
0
VERTEX
8
right_upper
10
752.461
20
-610.865
30
0.0
0
VERTEX
8
right_upper
10
752.772
20
-611.891
30
0.0
0
VERTEX
8
right_upper
10
753.086
20
-612.920
30
0.0
0
VERTEX
8
right_upper
10
753.402
20
-613.951
30
0.0
0
VERTEX
8
right_upper
10
753.719
20
-614.985
30
0.0
0
VERTEX
8
right_upper
10
754.038
20
-616.021
30
0.0
0
VERTEX
8
right_upper
10
754.357
20
-617.058
30
0.0
0
VERTEX
8
right_upper
10
754.675
20
-618.097
30
0.0
0
VERTEX
8
right_upper
10
754.992
20
-619.136
30
0.0
0
VERTEX
8
right_upper
10
755.307
20
-620.177
30
0.0
0
VERTEX
8
right_upper
10
755.620
20
-621.219
30
0.0
0
VERTEX
8
right_upper
10
755.929
20
-622.261
30
0.0
0
VERTEX
8
right_upper
10
756.234
20
-623.303
30
0.0
0
VERTEX
8
right_upper
10
756.534
20
-624.345
30
0.0
0
VERTEX
8
right_upper
10
756.829
20
-625.386
30
0.0
0
VERTEX
8
right_upper
10
757.118
20
-626.427
30
0.0
0
VERTEX
8
right_upper
10
757.399
20
-627.467
30
0.0
0
VERTEX
8
right_upper
10
757.674
20
-628.506
30
0.0
0
VERTEX
8
right_upper
10
757.939
20
-629.544
30
0.0
0
VERTEX
8
right_upper
10
758.196
20
-630.580
30
0.0
0
VERTEX
8
right_upper
10
758.443
20
-631.614
30
0.0
0
VERTEX
8
right_upper
10
758.680
20
-632.646
30
0.0
0
VERTEX
8
right_upper
10
758.906
20
-633.675
30
0.0
0
VERTEX
8
right_upper
10
759.119
20
-634.702
30
0.0
0
VERTEX
8
right_upper
10
759.320
20
-635.726
30
0.0
0
VERTEX
8
right_upper
10
759.508
20
-636.747
30
0.0
0
VERTEX
8
right_upper
10
759.682
20
-637.765
30
0.0
0
VERTEX
8
right_upper
10
759.841
20
-638.778
30
0.0
0
VERTEX
8
right_upper
10
759.985
20
-639.788
30
0.0
0
VERTEX
8
right_upper
10
760.112
20
-640.793
30
0.0
0
VERTEX
8
right_upper
10
760.223
20
-641.795
30
0.0
0
VERTEX
8
right_upper
10
760.316
20
-642.791
30
0.0
0
VERTEX
8
right_upper
10
760.391
20
-643.782
30
0.0
0
VERTEX
8
right_upper
10
760.447
20
-644.769
30
0.0
0
VERTEX
8
right_upper
10
760.484
20
-645.749
30
0.0
0
VERTEX
8
right_upper
10
760.500
20
-646.724
30
0.0
0
VERTEX
8
right_upper
10
760.495
20
-647.693
30
0.0
0
VERTEX
8
right_upper
10
760.468
20
-648.656
30
0.0
0
VERTEX
8
right_upper
10
760.418
20
-649.612
30
0.0
0
VERTEX
8
right_upper
10
760.346
20
-650.562
30
0.0
0
VERTEX
8
right_upper
10
760.249
20
-651.505
30
0.0
0
VERTEX
8
right_upper
10
760.128
20
-652.440
30
0.0
0
VERTEX
8
right_upper
10
759.982
20
-653.368
30
0.0
0
VERTEX
8
right_upper
10
759.809
20
-654.287
30
0.0
0
VERTEX
8
right_upper
10
759.610
20
-655.199
30
0.0
0
VERTEX
8
right_upper
10
759.383
20
-656.103
30
0.0
0
VERTEX
8
right_upper
10
759.128
20
-656.998
30
0.0
0
VERTEX
8
right_upper
10
758.844
20
-657.884
30
0.0
0
VERTEX
8
right_upper
10
758.531
20
-658.762
30
0.0
0
VERTEX
8
right_upper
10
758.187
20
-659.630
30
0.0
0
VERTEX
8
right_upper
10
757.812
20
-660.488
30
0.0
0
VERTEX
8
right_upper
10
757.406
20
-661.336
30
0.0
0
VERTEX
8
right_upper
10
756.967
20
-662.175
30
0.0
0
VERTEX
8
right_upper
10
756.495
20
-663.003
30
0.0
0
VERTEX
8
right_upper
10
755.989
20
-663.820
30
0.0
0
VERTEX
8
right_upper
10
755.448
20
-664.627
30
0.0
0
VERTEX
8
right_upper
10
754.872
20
-665.423
30
0.0
0
VERTEX
8
right_upper
10
754.261
20
-666.207
30
0.0
0
VERTEX
8
right_upper
10
753.612
20
-666.979
30
0.0
0
VERTEX
8
right_upper
10
752.926
20
-667.740
30
0.0
0
VERTEX
8
right_upper
10
752.202
20
-668.489
30
0.0
0
VERTEX
8
right_upper
10
751.440
20
-669.225
30
0.0
0
VERTEX
8
right_upper
10
750.637
20
-669.948
30
0.0
0
VERTEX
8
right_upper
10
749.795
20
-670.659
30
0.0
0
VERTEX
8
right_upper
10
748.911
20
-671.357
30
0.0
0
VERTEX
8
right_upper
10
747.986
20
-672.041
30
0.0
0
VERTEX
8
right_upper
10
747.019
20
-672.711
30
0.0
0
VERTEX
8
right_upper
10
746.008
20
-673.368
30
0.0
0
VERTEX
8
right_upper
10
744.954
20
-674.010
30
0.0
0
VERTEX
8
right_upper
10
743.855
20
-674.638
30
0.0
0
VERTEX
8
right_upper
10
742.711
20
-675.251
30
0.0
0
VERTEX
8
right_upper
10
741.521
20
-675.849
30
0.0
0
VERTEX
8
right_upper
10
740.284
20
-676.432
30
0.0
0
VERTEX
8
right_upper
10
739.000
20
-677.000
30
0.0
0
SEQEND
8
right_upper
0
POLYLINE
8
center_top
66
1
70
0
10
0.0
20
0.0
30
0.0
0
VERTEX
8
center_top
10
843.000
20
-220.000
30
0.0
0
VERTEX
8
center_top
10
842.982
20
-220.059
30
0.0
0
VERTEX
8
center_top
10
842.947
20
-220.128
30
0.0
0
VERTEX
8
center_top
10
842.897
20
-220.206
30
0.0
0
VERTEX
8
center_top
10
842.831
20
-220.295
30
0.0
0
VERTEX
8
center_top
10
842.749
20
-220.393
30
0.0
0
VERTEX
8
center_top
10
842.652
20
-220.501
30
0.0
0
VERTEX
8
center_top
10
842.541
20
-220.619
30
0.0
0
VERTEX
8
center_top
10
842.414
20
-220.746
30
0.0
0
VERTEX
8
center_top
10
842.273
20
-220.882
30
0.0
0
VERTEX
8
center_top
10
842.117
20
-221.028
30
0.0
0
VERTEX
8
center_top
10
841.947
20
-221.183
30
0.0
0
VERTEX
8
center_top
10
841.764
20
-221.347
30
0.0
0
VERTEX
8
center_top
10
841.566
20
-221.521
30
0.0
0
VERTEX
8
center_top
10
841.356
20
-221.703
30
0.0
0
VERTEX
8
center_top
10
841.131
20
-221.894
30
0.0
0
VERTEX
8
center_top
10
840.894
20
-222.094
30
0.0
0
VERTEX
8
center_top
10
840.644
20
-222.303
30
0.0
0
VERTEX
8
center_top
10
840.382
20
-222.520
30
0.0
0
VERTEX
8
center_top
10
840.107
20
-222.746
30
0.0
0
VERTEX
8
center_top
10
839.820
20
-222.980
30
0.0
0
VERTEX
8
center_top
10
839.521
20
-223.223
30
0.0
0
VERTEX
8
center_top
10
839.211
20
-223.474
30
0.0
0
VERTEX
8
center_top
10
838.888
20
-223.733
30
0.0
0
VERTEX
8
center_top
10
838.555
20
-224.000
30
0.0
0
VERTEX
8
center_top
10
838.211
20
-224.275
30
0.0
0
VERTEX
8
center_top
10
837.855
20
-224.559
30
0.0
0
VERTEX
8
center_top
10
837.490
20
-224.850
30
0.0
0
VERTEX
8
center_top
10
837.113
20
-225.149
30
0.0
0
VERTEX
8
center_top
10
836.727
20
-225.455
30
0.0
0
VERTEX
8
center_top
10
836.331
20
-225.769
30
0.0
0
VERTEX
8
center_top
10
835.925
20
-226.091
30
0.0
0
VERTEX
8
center_top
10
835.510
20
-226.420
30
0.0
0
VERTEX
8
center_top
10
835.085
20
-226.756
30
0.0
0
VERTEX
8
center_top
10
834.651
20
-227.100
30
0.0
0
VERTEX
8
center_top
10
834.209
20
-227.451
30
0.0
0
VERTEX
8
center_top
10
833.758
20
-227.808
30
0.0
0
VERTEX
8
center_top
10
833.298
20
-228.173
30
0.0
0
VERTEX
8
center_top
10
832.830
20
-228.545
30
0.0
0
VERTEX
8
center_top
10
832.355
20
-228.923
30
0.0
0
VERTEX
8
center_top
10
831.872
20
-229.309
30
0.0
0
VERTEX
8
center_top
10
831.381
20
-229.701
30
0.0
0
VERTEX
8
center_top
10
830.883
20
-230.099
30
0.0
0
VERTEX
8
center_top
10
830.378
20
-230.504
30
0.0
0
VERTEX
8
center_top
10
829.866
20
-230.915
30
0.0
0
VERTEX
8
center_top
10
829.347
20
-231.333
30
0.0
0
VERTEX
8
center_top
10
828.823
20
-231.756
30
0.0
0
VERTEX
8
center_top
10
828.292
20
-232.186
30
0.0
0
VERTEX
8
center_top
10
827.755
20
-232.622
30
0.0
0
VERTEX
8
center_top
10
827.212
20
-233.064
30
0.0
0
VERTEX
8
center_top
10
826.664
20
-233.512
30
0.0
0
VERTEX
8
center_top
10
826.111
20
-233.965
30
0.0
0
VERTEX
8
center_top
10
825.552
20
-234.425
30
0.0
0
VERTEX
8
center_top
10
824.989
20
-234.889
30
0.0
0
VERTEX
8
center_top
10
824.421
20
-235.360
30
0.0
0
VERTEX
8
center_top
10
823.849
20
-235.835
30
0.0
0
VERTEX
8
center_top
10
823.273
20
-236.316
30
0.0
0
VERTEX
8
center_top
10
822.692
20
-236.803
30
0.0
0
VERTEX
8
center_top
10
822.108
20
-237.294
30
0.0
0
VERTEX
8
center_top
10
821.521
20
-237.791
30
0.0
0
VERTEX
8
center_top
10
820.930
20
-238.292
30
0.0
0
VERTEX
8
center_top
10
820.336
20
-238.799
30
0.0
0
VERTEX
8
center_top
10
819.740
20
-239.310
30
0.0
0
VERTEX
8
center_top
10
819.141
20
-239.826
30
0.0
0
VERTEX
8
center_top
10
818.539
20
-240.346
30
0.0
0
VERTEX
8
center_top
10
817.935
20
-240.872
30
0.0
0
VERTEX
8
center_top
10
817.330
20
-241.401
30
0.0
0
VERTEX
8
center_top
10
816.722
20
-241.935
30
0.0
0
VERTEX
8
center_top
10
816.113
20
-242.473
30
0.0
0
VERTEX
8
center_top
10
815.503
20
-243.016
30
0.0
0
VERTEX
8
center_top
10
814.892
20
-243.563
30
0.0
0
VERTEX
8
center_top
10
814.280
20
-244.113
30
0.0
0
VERTEX
8
center_top
10
813.667
20
-244.668
30
0.0
0
VERTEX
8
center_top
10
813.054
20
-245.226
30
0.0
0
VERTEX
8
center_top
10
812.441
20
-245.789
30
0.0
0
VERTEX
8
center_top
10
811.828
20
-246.355
30
0.0
0
VERTEX
8
center_top
10
811.215
20
-246.924
30
0.0
0
VERTEX
8
center_top
10
810.603
20
-247.497
30
0.0
0
VERTEX
8
center_top
10
809.991
20
-248.074
30
0.0
0
VERTEX
8
center_top
10
809.381
20
-248.654
30
0.0
0
VERTEX
8
center_top
10
808.771
20
-249.237
30
0.0
0
VERTEX
8
center_top
10
808.163
20
-249.823
30
0.0
0
VERTEX
8
center_top
10
807.557
20
-250.413
30
0.0
0
VERTEX
8
center_top
10
806.952
20
-251.005
30
0.0
0
VERTEX
8
center_top
10
806.350
20
-251.600
30
0.0
0
VERTEX
8
center_top
10
805.750
20
-252.198
30
0.0
0
VERTEX
8
center_top
10
805.152
20
-252.799
30
0.0
0
VERTEX
8
center_top
10
804.557
20
-253.403
30
0.0
0
VERTEX
8
center_top
10
803.965
20
-254.009
30
0.0
0
VERTEX
8
center_top
10
803.376
20
-254.617
30
0.0
0
VERTEX
8
center_top
10
802.790
20
-255.228
30
0.0
0
VERTEX
8
center_top
10
802.209
20
-255.841
30
0.0
0
VERTEX
8
center_top
10
801.631
20
-256.457
30
0.0
0
VERTEX
8
center_top
10
801.057
20
-257.074
30
0.0
0
VERTEX
8
center_top
10
800.487
20
-257.694
30
0.0
0
VERTEX
8
center_top
10
799.922
20
-258.315
30
0.0
0
VERTEX
8
center_top
10
799.361
20
-258.939
30
0.0
0
VERTEX
8
center_top
10
798.806
20
-259.564
30
0.0
0
VERTEX
8
center_top
10
798.255
20
-260.191
30
0.0
0
VERTEX
8
center_top
10
797.710
20
-260.819
30
0.0
0
VERTEX
8
center_top
10
797.171
20
-261.449
30
0.0
0
VERTEX
8
center_top
10
796.638
20
-262.081
30
0.0
0
VERTEX
8
center_top
10
796.110
20
-262.714
30
0.0
0
VERTEX
8
center_top
10
795.589
20
-263.348
30
0.0
0
VERTEX
8
center_top
10
795.074
20
-263.983
30
0.0
0
VERTEX
8
center_top
10
794.566
20
-264.619
30
0.0
0
VERTEX
8
center_top
10
794.065
20
-265.257
30
0.0
0
VERTEX
8
center_top
10
793.571
20
-265.895
30
0.0
0
VERTEX
8
center_top
10
793.085
20
-266.534
30
0.0
0
VERTEX
8
center_top
10
792.606
20
-267.174
30
0.0
0
VERTEX
8
center_top
10
792.135
20
-267.814
30
0.0
0
VERTEX
8
center_top
10
791.672
20
-268.455
30
0.0
0
VERTEX
8
center_top
10
791.217
20
-269.097
30
0.0
0
VERTEX
8
center_top
10
790.771
20
-269.739
30
0.0
0
VERTEX
8
center_top
10
790.334
20
-270.381
30
0.0
0
VERTEX
8
center_top
10
789.905
20
-271.023
30
0.0
0
VERTEX
8
center_top
10
789.486
20
-271.666
30
0.0
0
VERTEX
8
center_top
10
789.076
20
-272.309
30
0.0
0
VERTEX
8
center_top
10
788.676
20
-272.951
30
0.0
0
VERTEX
8
center_top
10
788.285
20
-273.594
30
0.0
0
VERTEX
8
center_top
10
787.905
20
-274.236
30
0.0
0
VERTEX
8
center_top
10
787.534
20
-274.878
30
0.0
0
VERTEX
8
center_top
10
787.175
20
-275.519
30
0.0
0
VERTEX
8
center_top
10
786.826
20
-276.161
30
0.0
0
VERTEX
8
center_top
10
786.488
20
-276.801
30
0.0
0
VERTEX
8
center_top
10
786.161
20
-277.441
30
0.0
0
VERTEX
8
center_top
10
785.845
20
-278.080
30
0.0
0
VERTEX
8
center_top
10
785.541
20
-278.718
30
0.0
0
VERTEX
8
center_top
10
785.249
20
-279.356
30
0.0
0
VERTEX
8
center_top
10
784.969
20
-279.992
30
0.0
0
VERTEX
8
center_top
10
784.701
20
-280.628
30
0.0
0
VERTEX
8
center_top
10
784.446
20
-281.262
30
0.0
0
VERTEX
8
center_top
10
784.204
20
-281.895
30
0.0
0
VERTEX
8
center_top
10
783.974
20
-282.527
30
0.0
0
VERTEX
8
center_top
10
783.758
20
-283.157
30
0.0
0
VERTEX
8
center_top
10
783.554
20
-283.785
30
0.0
0
VERTEX
8
center_top
10
783.365
20
-284.412
30
0.0
0
VERTEX
8
center_top
10
783.189
20
-285.038
30
0.0
0
VERTEX
8
center_top
10
783.028
20
-285.661
30
0.0
0
VERTEX
8
center_top
10
782.880
20
-286.283
30
0.0
0
VERTEX
8
center_top
10
782.748
20
-286.903
30
0.0
0
VERTEX
8
center_top
10
782.629
20
-287.521
30
0.0
0
VERTEX
8
center_top
10
782.526
20
-288.136
30
0.0
0
VERTEX
8
center_top
10
782.438
20
-288.750
30
0.0
0
VERTEX
8
center_top
10
782.366
20
-289.361
30
0.0
0
VERTEX
8
center_top
10
782.309
20
-289.970
30
0.0
0
VERTEX
8
center_top
10
782.267
20
-290.576
30
0.0
0
VERTEX
8
center_top
10
782.242
20
-291.180
30
0.0
0
VERTEX
8
center_top
10
782.233
20
-291.781
30
0.0
0
VERTEX
8
center_top
10
782.241
20
-292.379
30
0.0
0
VERTEX
8
center_top
10
782.265
20
-292.975
30
0.0
0
VERTEX
8
center_top
10
782.306
20
-293.568
30
0.0
0
VERTEX
8
center_top
10
782.365
20
-294.157
30
0.0
0
VERTEX
8
center_top
10
782.440
20
-294.744
30
0.0
0
VERTEX
8
center_top
10
782.534
20
-295.327
30
0.0
0
VERTEX
8
center_top
10
782.645
20
-295.908
30
0.0
0
VERTEX
8
center_top
10
782.774
20
-296.485
30
0.0
0
VERTEX
8
center_top
10
782.922
20
-297.058
30
0.0
0
VERTEX
8
center_top
10
783.088
20
-297.628
30
0.0
0
VERTEX
8
center_top
10
783.272
20
-298.194
30
0.0
0
VERTEX
8
center_top
10
783.476
20
-298.757
30
0.0
0
VERTEX
8
center_top
10
783.699
20
-299.316
30
0.0
0
VERTEX
8
center_top
10
783.941
20
-299.871
30
0.0
0
VERTEX
8
center_top
10
784.202
20
-300.422
30
0.0
0
VERTEX
8
center_top
10
784.482
20
-300.970
30
0.0
0
VERTEX
8
center_top
10
784.780
20
-301.513
30
0.0
0
VERTEX
8
center_top
10
785.093
20
-302.053
30
0.0
0
VERTEX
8
center_top
10
785.421
20
-302.590
30
0.0
0
VERTEX
8
center_top
10
785.762
20
-303.124
30
0.0
0
VERTEX
8
center_top
10
786.115
20
-303.655
30
0.0
0
VERTEX
8
center_top
10
786.479
20
-304.184
30
0.0
0
VERTEX
8
center_top
10
786.852
20
-304.710
30
0.0
0
VERTEX
8
center_top
10
787.232
20
-305.233
30
0.0
0
VERTEX
8
center_top
10
787.619
20
-305.754
30
0.0
0
VERTEX
8
center_top
10
788.011
20
-306.274
30
0.0
0
VERTEX
8
center_top
10
788.407
20
-306.791
30
0.0
0
VERTEX
8
center_top
10
788.805
20
-307.307
30
0.0
0
VERTEX
8
center_top
10
789.204
20
-307.822
30
0.0
0
VERTEX
8
center_top
10
789.603
20
-308.335
30
0.0
0
VERTEX
8
center_top
10
790.000
20
-308.848
30
0.0
0
VERTEX
8
center_top
10
790.395
20
-309.359
30
0.0
0
VERTEX
8
center_top
10
790.784
20
-309.870
30
0.0
0
VERTEX
8
center_top
10
791.169
20
-310.381
30
0.0
0
VERTEX
8
center_top
10
791.546
20
-310.891
30
0.0
0
VERTEX
8
center_top
10
791.914
20
-311.401
30
0.0
0
VERTEX
8
center_top
10
792.273
20
-311.911
30
0.0
0
VERTEX
8
center_top
10
792.621
20
-312.421
30
0.0
0
VERTEX
8
center_top
10
792.957
20
-312.932
30
0.0
0
VERTEX
8
center_top
10
793.278
20
-313.444
30
0.0
0
VERTEX
8
center_top
10
793.586
20
-313.956
30
0.0
0
VERTEX
8
center_top
10
793.880
20
-314.469
30
0.0
0
VERTEX
8
center_top
10
794.161
20
-314.982
30
0.0
0
VERTEX
8
center_top
10
794.427
20
-315.496
30
0.0
0
VERTEX
8
center_top
10
794.681
20
-316.011
30
0.0
0
VERTEX
8
center_top
10
794.921
20
-316.527
30
0.0
0
VERTEX
8
center_top
10
795.148
20
-317.043
30
0.0
0
VERTEX
8
center_top
10
795.362
20
-317.560
30
0.0
0
VERTEX
8
center_top
10
795.564
20
-318.078
30
0.0
0
VERTEX
8
center_top
10
795.752
20
-318.596
30
0.0
0
VERTEX
8
center_top
10
795.928
20
-319.115
30
0.0
0
VERTEX
8
center_top
10
796.091
20
-319.635
30
0.0
0
VERTEX
8
center_top
10
796.242
20
-320.155
30
0.0
0
VERTEX
8
center_top
10
796.380
20
-320.676
30
0.0
0
VERTEX
8
center_top
10
796.507
20
-321.198
30
0.0
0
VERTEX
8
center_top
10
796.621
20
-321.721
30
0.0
0
VERTEX
8
center_top
10
796.723
20
-322.244
30
0.0
0
VERTEX
8
center_top
10
796.814
20
-322.768
30
0.0
0
VERTEX
8
center_top
10
796.893
20
-323.292
30
0.0
0
VERTEX
8
center_top
10
796.961
20
-323.818
30
0.0
0
VERTEX
8
center_top
10
797.017
20
-324.344
30
0.0
0
VERTEX
8
center_top
10
797.061
20
-324.871
30
0.0
0
VERTEX
8
center_top
10
797.095
20
-325.398
30
0.0
0
VERTEX
8
center_top
10
797.117
20
-325.926
30
0.0
0
VERTEX
8
center_top
10
797.129
20
-326.455
30
0.0
0
VERTEX
8
center_top
10
797.130
20
-326.985
30
0.0
0
VERTEX
8
center_top
10
797.120
20
-327.515
30
0.0
0
VERTEX
8
center_top
10
797.100
20
-328.047
30
0.0
0
VERTEX
8
center_top
10
797.069
20
-328.578
30
0.0
0
VERTEX
8
center_top
10
797.028
20
-329.111
30
0.0
0
VERTEX
8
center_top
10
796.976
20
-329.644
30
0.0
0
VERTEX
8
center_top
10
796.915
20
-330.178
30
0.0
0
VERTEX
8
center_top
10
796.844
20
-330.713
30
0.0
0
VERTEX
8
center_top
10
796.762
20
-331.249
30
0.0
0
VERTEX
8
center_top
10
796.672
20
-331.785
30
0.0
0
VERTEX
8
center_top
10
796.571
20
-332.322
30
0.0
0
VERTEX
8
center_top
10
796.461
20
-332.860
30
0.0
0
VERTEX
8
center_top
10
796.342
20
-333.399
30
0.0
0
VERTEX
8
center_top
10
796.214
20
-333.938
30
0.0
0
VERTEX
8
center_top
10
796.077
20
-334.478
30
0.0
0
VERTEX
8
center_top
10
795.930
20
-335.019
30
0.0
0
VERTEX
8
center_top
10
795.775
20
-335.561
30
0.0
0
VERTEX
8
center_top
10
795.611
20
-336.103
30
0.0
0
VERTEX
8
center_top
10
795.439
20
-336.646
30
0.0
0
VERTEX
8
center_top
10
795.258
20
-337.190
30
0.0
0
VERTEX
8
center_top
10
795.069
20
-337.735
30
0.0
0
VERTEX
8
center_top
10
794.871
20
-338.280
30
0.0
0
VERTEX
8
center_top
10
794.666
20
-338.826
30
0.0
0
VERTEX
8
center_top
10
794.453
20
-339.373
30
0.0
0
VERTEX
8
center_top
10
794.231
20
-339.921
30
0.0
0
VERTEX
8
center_top
10
794.002
20
-340.469
30
0.0
0
VERTEX
8
center_top
10
793.766
20
-341.019
30
0.0
0
VERTEX
8
center_top
10
793.522
20
-341.569
30
0.0
0
VERTEX
8
center_top
10
793.270
20
-342.120
30
0.0
0
VERTEX
8
center_top
10
793.012
20
-342.671
30
0.0
0
VERTEX
8
center_top
10
792.746
20
-343.224
30
0.0
0
VERTEX
8
center_top
10
792.474
20
-343.777
30
0.0
0
VERTEX
8
center_top
10
792.194
20
-344.331
30
0.0
0
VERTEX
8
center_top
10
791.908
20
-344.886
30
0.0
0
VERTEX
8
center_top
10
791.615
20
-345.442
30
0.0
0
VERTEX
8
center_top
10
791.316
20
-345.998
30
0.0
0
VERTEX
8
center_top
10
791.010
20
-346.555
30
0.0
0
VERTEX
8
center_top
10
790.699
20
-347.113
30
0.0
0
VERTEX
8
center_top
10
790.381
20
-347.672
30
0.0
0
VERTEX
8
center_top
10
790.057
20
-348.232
30
0.0
0
VERTEX
8
center_top
10
789.727
20
-348.792
30
0.0
0
VERTEX
8
center_top
10
789.392
20
-349.354
30
0.0
0
VERTEX
8
center_top
10
789.051
20
-349.916
30
0.0
0
VERTEX
8
center_top
10
788.704
20
-350.479
30
0.0
0
VERTEX
8
center_top
10
788.352
20
-351.043
30
0.0
0
VERTEX
8
center_top
10
787.995
20
-351.607
30
0.0
0
VERTEX
8
center_top
10
787.633
20
-352.173
30
0.0
0
VERTEX
8
center_top
10
787.265
20
-352.739
30
0.0
0
VERTEX
8
center_top
10
786.893
20
-353.306
30
0.0
0
VERTEX
8
center_top
10
786.516
20
-353.874
30
0.0
0
VERTEX
8
center_top
10
786.135
20
-354.442
30
0.0
0
VERTEX
8
center_top
10
785.749
20
-355.012
30
0.0
0
VERTEX
8
center_top
10
785.359
20
-355.582
30
0.0
0
VERTEX
8
center_top
10
784.964
20
-356.154
30
0.0
0
VERTEX
8
center_top
10
784.565
20
-356.726
30
0.0
0
VERTEX
8
center_top
10
784.162
20
-357.299
30
0.0
0
VERTEX
8
center_top
10
783.756
20
-357.872
30
0.0
0
VERTEX
8
center_top
10
783.346
20
-358.447
30
0.0
0
VERTEX
8
center_top
10
782.932
20
-359.022
30
0.0
0
VERTEX
8
center_top
10
782.514
20
-359.599
30
0.0
0
VERTEX
8
center_top
10
782.093
20
-360.176
30
0.0
0
VERTEX
8
center_top
10
781.669
20
-360.754
30
0.0
0
VERTEX
8
center_top
10
781.242
20
-361.333
30
0.0
0
VERTEX
8
center_top
10
780.812
20
-361.912
30
0.0
0
VERTEX
8
center_top
10
780.378
20
-362.493
30
0.0
0
VERTEX
8
center_top
10
779.942
20
-363.074
30
0.0
0
VERTEX
8
center_top
10
779.504
20
-363.657
30
0.0
0
VERTEX
8
center_top
10
779.063
20
-364.240
30
0.0
0
VERTEX
8
center_top
10
778.619
20
-364.824
30
0.0
0
VERTEX
8
center_top
10
778.174
20
-365.409
30
0.0
0
VERTEX
8
center_top
10
777.726
20
-365.995
30
0.0
0
VERTEX
8
center_top
10
777.276
20
-366.581
30
0.0
0
VERTEX
8
center_top
10
776.824
20
-367.169
30
0.0
0
VERTEX
8
center_top
10
776.370
20
-367.757
30
0.0
0
VERTEX
8
center_top
10
775.915
20
-368.347
30
0.0
0
VERTEX
8
center_top
10
775.458
20
-368.937
30
0.0
0
VERTEX
8
center_top
10
775.000
20
-369.528
30
0.0
0
VERTEX
8
center_top
10
774.541
20
-370.120
30
0.0
0
VERTEX
8
center_top
10
774.080
20
-370.713
30
0.0
0
VERTEX
8
center_top
10
773.619
20
-371.307
30
0.0
0
VERTEX
8
center_top
10
773.156
20
-371.901
30
0.0
0
VERTEX
8
center_top
10
772.693
20
-372.497
30
0.0
0
VERTEX
8
center_top
10
772.229
20
-373.093
30
0.0
0
VERTEX
8
center_top
10
771.764
20
-373.691
30
0.0
0
VERTEX
8
center_top
10
771.299
20
-374.289
30
0.0
0
VERTEX
8
center_top
10
770.834
20
-374.888
30
0.0
0
VERTEX
8
center_top
10
770.369
20
-375.488
30
0.0
0
VERTEX
8
center_top
10
769.903
20
-376.089
30
0.0
0
VERTEX
8
center_top
10
769.438
20
-376.691
30
0.0
0
VERTEX
8
center_top
10
768.973
20
-377.294
30
0.0
0
VERTEX
8
center_top
10
768.508
20
-377.898
30
0.0
0
VERTEX
8
center_top
10
768.043
20
-378.503
30
0.0
0
VERTEX
8
center_top
10
767.580
20
-379.108
30
0.0
0
VERTEX
8
center_top
10
767.116
20
-379.715
30
0.0
0
VERTEX
8
center_top
10
766.654
20
-380.322
30
0.0
0
VERTEX
8
center_top
10
766.193
20
-380.931
30
0.0
0
VERTEX
8
center_top
10
765.732
20
-381.540
30
0.0
0
VERTEX
8
center_top
10
765.273
20
-382.150
30
0.0
0
VERTEX
8
center_top
10
764.816
20
-382.761
30
0.0
0
VERTEX
8
center_top
10
764.359
20
-383.373
30
0.0
0
VERTEX
8
center_top
10
763.904
20
-383.986
30
0.0
0
VERTEX
8
center_top
10
763.451
20
-384.600
30
0.0
0
VERTEX
8
center_top
10
763.000
20
-385.215
30
0.0
0
VERTEX
8
center_top
10
762.551
20
-385.831
30
0.0
0
VERTEX
8
center_top
10
762.103
20
-386.448
30
0.0
0
VERTEX
8
center_top
10
761.658
20
-387.066
30
0.0
0
VERTEX
8
center_top
10
761.215
20
-387.684
30
0.0
0
VERTEX
8
center_top
10
760.775
20
-388.304
30
0.0
0
VERTEX
8
center_top
10
760.337
20
-388.925
30
0.0
0
VERTEX
8
center_top
10
759.902
20
-389.546
30
0.0
0
VERTEX
8
center_top
10
759.470
20
-390.169
30
0.0
0
VERTEX
8
center_top
10
759.040
20
-390.792
30
0.0
0
VERTEX
8
center_top
10
758.614
20
-391.417
30
0.0
0
VERTEX
8
center_top
10
758.190
20
-392.042
30
0.0
0
VERTEX
8
center_top
10
757.770
20
-392.669
30
0.0
0
VERTEX
8
center_top
10
757.354
20
-393.296
30
0.0
0
VERTEX
8
center_top
10
756.941
20
-393.924
30
0.0
0
VERTEX
8
center_top
10
756.532
20
-394.554
30
0.0
0
VERTEX
8
center_top
10
756.126
20
-395.184
30
0.0
0
VERTEX
8
center_top
10
755.724
20
-395.815
30
0.0
0
VERTEX
8
center_top
10
755.327
20
-396.448
30
0.0
0
VERTEX
8
center_top
10
754.933
20
-397.081
30
0.0
0
VERTEX
8
center_top
10
754.544
20
-397.715
30
0.0
0
VERTEX
8
center_top
10
754.160
20
-398.350
30
0.0
0
VERTEX
8
center_top
10
753.779
20
-398.986
30
0.0
0
VERTEX
8
center_top
10
753.404
20
-399.624
30
0.0
0
VERTEX
8
center_top
10
753.033
20
-400.262
30
0.0
0
VERTEX
8
center_top
10
752.667
20
-400.901
30
0.0
0
VERTEX
8
center_top
10
752.306
20
-401.541
30
0.0
0
VERTEX
8
center_top
10
751.950
20
-402.182
30
0.0
0
VERTEX
8
center_top
10
751.600
20
-402.825
30
0.0
0
VERTEX
8
center_top
10
751.255
20
-403.468
30
0.0
0
VERTEX
8
center_top
10
750.915
20
-404.112
30
0.0
0
VERTEX
8
center_top
10
750.581
20
-404.757
30
0.0
0
VERTEX
8
center_top
10
750.253
20
-405.403
30
0.0
0
VERTEX
8
center_top
10
749.931
20
-406.051
30
0.0
0
VERTEX
8
center_top
10
749.615
20
-406.699
30
0.0
0
VERTEX
8
center_top
10
749.305
20
-407.348
30
0.0
0
VERTEX
8
center_top
10
749.001
20
-407.998
30
0.0
0
VERTEX
8
center_top
10
748.703
20
-408.650
30
0.0
0
VERTEX
8
center_top
10
748.412
20
-409.302
30
0.0
0
VERTEX
8
center_top
10
748.127
20
-409.955
30
0.0
0
VERTEX
8
center_top
10
747.849
20
-410.609
30
0.0
0
VERTEX
8
center_top
10
747.577
20
-411.265
30
0.0
0
VERTEX
8
center_top
10
747.311
20
-411.920
30
0.0
0
VERTEX
8
center_top
10
747.051
20
-412.577
30
0.0
0
VERTEX
8
center_top
10
746.798
20
-413.235
30
0.0
0
VERTEX
8
center_top
10
746.550
20
-413.894
30
0.0
0
VERTEX
8
center_top
10
746.309
20
-414.553
30
0.0
0
VERTEX
8
center_top
10
746.074
20
-415.213
30
0.0
0
VERTEX
8
center_top
10
745.846
20
-415.874
30
0.0
0
VERTEX
8
center_top
10
745.623
20
-416.535
30
0.0
0
VERTEX
8
center_top
10
745.406
20
-417.197
30
0.0
0
VERTEX
8
center_top
10
745.196
20
-417.860
30
0.0
0
VERTEX
8
center_top
10
744.992
20
-418.523
30
0.0
0
VERTEX
8
center_top
10
744.793
20
-419.187
30
0.0
0
VERTEX
8
center_top
10
744.601
20
-419.851
30
0.0
0
VERTEX
8
center_top
10
744.414
20
-420.517
30
0.0
0
VERTEX
8
center_top
10
744.234
20
-421.182
30
0.0
0
VERTEX
8
center_top
10
744.059
20
-421.848
30
0.0
0
VERTEX
8
center_top
10
743.891
20
-422.514
30
0.0
0
VERTEX
8
center_top
10
743.728
20
-423.181
30
0.0
0
VERTEX
8
center_top
10
743.571
20
-423.849
30
0.0
0
VERTEX
8
center_top
10
743.420
20
-424.516
30
0.0
0
VERTEX
8
center_top
10
743.275
20
-425.184
30
0.0
0
VERTEX
8
center_top
10
743.136
20
-425.852
30
0.0
0
VERTEX
8
center_top
10
743.002
20
-426.521
30
0.0
0
VERTEX
8
center_top
10
742.874
20
-427.190
30
0.0
0
VERTEX
8
center_top
10
742.752
20
-427.859
30
0.0
0
VERTEX
8
center_top
10
742.636
20
-428.528
30
0.0
0
VERTEX
8
center_top
10
742.525
20
-429.197
30
0.0
0
VERTEX
8
center_top
10
742.420
20
-429.867
30
0.0
0
VERTEX
8
center_top
10
742.321
20
-430.537
30
0.0
0
VERTEX
8
center_top
10
742.227
20
-431.207
30
0.0
0
VERTEX
8
center_top
10
742.139
20
-431.876
30
0.0
0
VERTEX
8
center_top
10
742.056
20
-432.546
30
0.0
0
VERTEX
8
center_top
10
741.979
20
-433.216
30
0.0
0
VERTEX
8
center_top
10
741.908
20
-433.886
30
0.0
0
VERTEX
8
center_top
10
741.842
20
-434.556
30
0.0
0
VERTEX
8
center_top
10
741.781
20
-435.226
30
0.0
0
VERTEX
8
center_top
10
741.726
20
-435.895
30
0.0
0
VERTEX
8
center_top
10
741.677
20
-436.565
30
0.0
0
VERTEX
8
center_top
10
741.633
20
-437.234
30
0.0
0
VERTEX
8
center_top
10
741.594
20
-437.903
30
0.0
0
VERTEX
8
center_top
10
741.560
20
-438.573
30
0.0
0
VERTEX
8
center_top
10
741.532
20
-439.241
30
0.0
0
VERTEX
8
center_top
10
741.510
20
-439.910
30
0.0
0
VERTEX
8
center_top
10
741.492
20
-440.578
30
0.0
0
VERTEX
8
center_top
10
741.480
20
-441.246
30
0.0
0
VERTEX
8
center_top
10
741.474
20
-441.913
30
0.0
0
VERTEX
8
center_top
10
741.472
20
-442.581
30
0.0
0
VERTEX
8
center_top
10
741.476
20
-443.247
30
0.0
0
VERTEX
8
center_top
10
741.485
20
-443.914
30
0.0
0
VERTEX
8
center_top
10
741.499
20
-444.580
30
0.0
0
VERTEX
8
center_top
10
741.518
20
-445.245
30
0.0
0
VERTEX
8
center_top
10
741.542
20
-445.910
30
0.0
0
VERTEX
8
center_top
10
741.572
20
-446.575
30
0.0
0
VERTEX
8
center_top
10
741.606
20
-447.238
30
0.0
0
VERTEX
8
center_top
10
741.646
20
-447.902
30
0.0
0
VERTEX
8
center_top
10
741.691
20
-448.564
30
0.0
0
VERTEX
8
center_top
10
741.740
20
-449.226
30
0.0
0
VERTEX
8
center_top
10
741.795
20
-449.888
30
0.0
0
VERTEX
8
center_top
10
741.855
20
-450.548
30
0.0
0
VERTEX
8
center_top
10
741.919
20
-451.208
30
0.0
0
VERTEX
8
center_top
10
741.989
20
-451.867
30
0.0
0
VERTEX
8
center_top
10
742.063
20
-452.526
30
0.0
0
VERTEX
8
center_top
10
742.143
20
-453.183
30
0.0
0
VERTEX
8
center_top
10
742.227
20
-453.840
30
0.0
0
VERTEX
8
center_top
10
742.316
20
-454.496
30
0.0
0
VERTEX
8
center_top
10
742.410
20
-455.151
30
0.0
0
VERTEX
8
center_top
10
742.509
20
-455.805
30
0.0
0
VERTEX
8
center_top
10
742.612
20
-456.458
30
0.0
0
VERTEX
8
center_top
10
742.721
20
-457.110
30
0.0
0
VERTEX
8
center_top
10
742.833
20
-457.761
30
0.0
0
VERTEX
8
center_top
10
742.951
20
-458.411
30
0.0
0
VERTEX
8
center_top
10
743.074
20
-459.060
30
0.0
0
VERTEX
8
center_top
10
743.201
20
-459.708
30
0.0
0
VERTEX
8
center_top
10
743.332
20
-460.355
30
0.0
0
VERTEX
8
center_top
10
743.469
20
-461.001
30
0.0
0
VERTEX
8
center_top
10
743.610
20
-461.645
30
0.0
0
VERTEX
8
center_top
10
743.755
20
-462.289
30
0.0
0
VERTEX
8
center_top
10
743.905
20
-462.931
30
0.0
0
VERTEX
8
center_top
10
744.060
20
-463.572
30
0.0
0
VERTEX
8
center_top
10
744.219
20
-464.212
30
0.0
0
VERTEX
8
center_top
10
744.382
20
-464.850
30
0.0
0
VERTEX
8
center_top
10
744.550
20
-465.487
30
0.0
0
VERTEX
8
center_top
10
744.723
20
-466.123
30
0.0
0
VERTEX
8
center_top
10
744.900
20
-466.757
30
0.0
0
VERTEX
8
center_top
10
745.081
20
-467.390
30
0.0
0
VERTEX
8
center_top
10
745.267
20
-468.021
30
0.0
0
VERTEX
8
center_top
10
745.457
20
-468.651
30
0.0
0
VERTEX
8
center_top
10
745.651
20
-469.280
30
0.0
0
VERTEX
8
center_top
10
745.850
20
-469.907
30
0.0
0
VERTEX
8
center_top
10
746.053
20
-470.532
30
0.0
0
VERTEX
8
center_top
10
746.260
20
-471.156
30
0.0
0
VERTEX
8
center_top
10
746.472
20
-471.778
30
0.0
0
VERTEX
8
center_top
10
746.687
20
-472.399
30
0.0
0
VERTEX
8
center_top
10
746.907
20
-473.018
30
0.0
0
VERTEX
8
center_top
10
747.131
20
-473.635
30
0.0
0
VERTEX
8
center_top
10
747.359
20
-474.251
30
0.0
0
VERTEX
8
center_top
10
747.592
20
-474.865
30
0.0
0
VERTEX
8
center_top
10
747.828
20
-475.477
30
0.0
0
VERTEX
8
center_top
10
748.069
20
-476.087
30
0.0
0
VERTEX
8
center_top
10
748.314
20
-476.696
30
0.0
0
VERTEX
8
center_top
10
748.562
20
-477.302
30
0.0
0
VERTEX
8
center_top
10
748.815
20
-477.907
30
0.0
0
VERTEX
8
center_top
10
749.072
20
-478.510
30
0.0
0
VERTEX
8
center_top
10
749.332
20
-479.111
30
0.0
0
VERTEX
8
center_top
10
749.597
20
-479.710
30
0.0
0
VERTEX
8
center_top
10
749.865
20
-480.307
30
0.0
0
VERTEX
8
center_top
10
750.138
20
-480.902
30
0.0
0
VERTEX
8
center_top
10
750.414
20
-481.495
30
0.0
0
VERTEX
8
center_top
10
750.694
20
-482.086
30
0.0
0
VERTEX
8
center_top
10
750.979
20
-482.675
30
0.0
0
VERTEX
8
center_top
10
751.266
20
-483.261
30
0.0
0
VERTEX
8
center_top
10
751.558
20
-483.846
30
0.0
0
VERTEX
8
center_top
10
751.854
20
-484.428
30
0.0
0
VERTEX
8
center_top
10
752.153
20
-485.009
30
0.0
0
VERTEX
8
center_top
10
752.456
20
-485.587
30
0.0
0
VERTEX
8
center_top
10
752.762
20
-486.162
30
0.0
0
VERTEX
8
center_top
10
753.073
20
-486.736
30
0.0
0
VERTEX
8
center_top
10
753.387
20
-487.307
30
0.0
0
VERTEX
8
center_top
10
753.704
20
-487.876
30
0.0
0
VERTEX
8
center_top
10
754.026
20
-488.442
30
0.0
0
VERTEX
8
center_top
10
754.350
20
-489.006
30
0.0
0
VERTEX
8
center_top
10
754.679
20
-489.568
30
0.0
0
VERTEX
8
center_top
10
755.011
20
-490.127
30
0.0
0
VERTEX
8
center_top
10
755.346
20
-490.684
30
0.0
0
VERTEX
8
center_top
10
755.685
20
-491.238
30
0.0
0
VERTEX
8
center_top
10
756.028
20
-491.789
30
0.0
0
VERTEX
8
center_top
10
756.374
20
-492.339
30
0.0
0
VERTEX
8
center_top
10
756.723
20
-492.885
30
0.0
0
VERTEX
8
center_top
10
757.076
20
-493.429
30
0.0
0
VERTEX
8
center_top
10
757.432
20
-493.970
30
0.0
0
VERTEX
8
center_top
10
757.792
20
-494.509
30
0.0
0
VERTEX
8
center_top
10
758.155
20
-495.045
30
0.0
0
VERTEX
8
center_top
10
758.521
20
-495.578
30
0.0
0
VERTEX
8
center_top
10
758.891
20
-496.109
30
0.0
0
VERTEX
8
center_top
10
759.264
20
-496.636
30
0.0
0
VERTEX
8
center_top
10
759.640
20
-497.161
30
0.0
0
VERTEX
8
center_top
10
760.019
20
-497.683
30
0.0
0
VERTEX
8
center_top
10
760.402
20
-498.202
30
0.0
0
VERTEX
8
center_top
10
760.788
20
-498.719
30
0.0
0
VERTEX
8
center_top
10
761.177
20
-499.232
30
0.0
0
VERTEX
8
center_top
10
761.569
20
-499.743
30
0.0
0
VERTEX
8
center_top
10
761.963
20
-500.251
30
0.0
0
VERTEX
8
center_top
10
762.360
20
-500.757
30
0.0
0
VERTEX
8
center_top
10
762.758
20
-501.261
30
0.0
0
VERTEX
8
center_top
10
763.158
20
-501.764
30
0.0
0
VERTEX
8
center_top
10
763.558
20
-502.265
30
0.0
0
VERTEX
8
center_top
10
763.959
20
-502.765
30
0.0
0
VERTEX
8
center_top
10
764.360
20
-503.265
30
0.0
0
VERTEX
8
center_top
10
764.761
20
-503.764
30
0.0
0
VERTEX
8
center_top
10
765.161
20
-504.263
30
0.0
0
VERTEX
8
center_top
10
765.560
20
-504.762
30
0.0
0
VERTEX
8
center_top
10
765.957
20
-505.261
30
0.0
0
VERTEX
8
center_top
10
766.352
20
-505.762
30
0.0
0
VERTEX
8
center_top
10
766.744
20
-506.263
30
0.0
0
VERTEX
8
center_top
10
767.134
20
-506.766
30
0.0
0
VERTEX
8
center_top
10
767.520
20
-507.271
30
0.0
0
VERTEX
8
center_top
10
767.903
20
-507.778
30
0.0
0
VERTEX
8
center_top
10
768.282
20
-508.287
30
0.0
0
VERTEX
8
center_top
10
768.656
20
-508.798
30
0.0
0
VERTEX
8
center_top
10
769.025
20
-509.312
30
0.0
0
VERTEX
8
center_top
10
769.388
20
-509.830
30
0.0
0
VERTEX
8
center_top
10
769.746
20
-510.351
30
0.0
0
VERTEX
8
center_top
10
770.098
20
-510.876
30
0.0
0
VERTEX
8
center_top
10
770.443
20
-511.405
30
0.0
0
VERTEX
8
center_top
10
770.781
20
-511.938
30
0.0
0
VERTEX
8
center_top
10
771.112
20
-512.476
30
0.0
0
VERTEX
8
center_top
10
771.434
20
-513.019
30
0.0
0
VERTEX
8
center_top
10
771.749
20
-513.567
30
0.0
0
VERTEX
8
center_top
10
772.054
20
-514.120
30
0.0
0
VERTEX
8
center_top
10
772.351
20
-514.680
30
0.0
0
VERTEX
8
center_top
10
772.638
20
-515.246
30
0.0
0
VERTEX
8
center_top
10
772.915
20
-515.818
30
0.0
0
VERTEX
8
center_top
10
773.181
20
-516.397
30
0.0
0
VERTEX
8
center_top
10
773.437
20
-516.983
30
0.0
0
VERTEX
8
center_top
10
773.683
20
-517.575
30
0.0
0
VERTEX
8
center_top
10
773.918
20
-518.173
30
0.0
0
VERTEX
8
center_top
10
774.143
20
-518.777
30
0.0
0
VERTEX
8
center_top
10
774.357
20
-519.387
30
0.0
0
VERTEX
8
center_top
10
774.560
20
-520.003
30
0.0
0
VERTEX
8
center_top
10
774.753
20
-520.624
30
0.0
0
VERTEX
8
center_top
10
774.936
20
-521.249
30
0.0
0
VERTEX
8
center_top
10
775.108
20
-521.880
30
0.0
0
VERTEX
8
center_top
10
775.270
20
-522.515
30
0.0
0
VERTEX
8
center_top
10
775.421
20
-523.155
30
0.0
0
VERTEX
8
center_top
10
775.561
20
-523.799
30
0.0
0
VERTEX
8
center_top
10
775.692
20
-524.446
30
0.0
0
VERTEX
8
center_top
10
775.811
20
-525.097
30
0.0
0
VERTEX
8
center_top
10
775.921
20
-525.752
30
0.0
0
VERTEX
8
center_top
10
776.019
20
-526.410
30
0.0
0
VERTEX
8
center_top
10
776.108
20
-527.071
30
0.0
0
VERTEX
8
center_top
10
776.186
20
-527.734
30
0.0
0
VERTEX
8
center_top
10
776.253
20
-528.400
30
0.0
0
VERTEX
8
center_top
10
776.310
20
-529.068
30
0.0
0
VERTEX
8
center_top
10
776.357
20
-529.738
30
0.0
0
VERTEX
8
center_top
10
776.393
20
-530.410
30
0.0
0
VERTEX
8
center_top
10
776.419
20
-531.083
30
0.0
0
VERTEX
8
center_top
10
776.434
20
-531.758
30
0.0
0
VERTEX
8
center_top
10
776.439
20
-532.434
30
0.0
0
VERTEX
8
center_top
10
776.434
20
-533.110
30
0.0
0
VERTEX
8
center_top
10
776.418
20
-533.788
30
0.0
0
VERTEX
8
center_top
10
776.392
20
-534.465
30
0.0
0
VERTEX
8
center_top
10
776.355
20
-535.143
30
0.0
0
VERTEX
8
center_top
10
776.308
20
-535.820
30
0.0
0
VERTEX
8
center_top
10
776.250
20
-536.497
30
0.0
0
VERTEX
8
center_top
10
776.183
20
-537.174
30
0.0
0
VERTEX
8
center_top
10
776.104
20
-537.850
30
0.0
0
VERTEX
8
center_top
10
776.016
20
-538.524
30
0.0
0
VERTEX
8
center_top
10
775.917
20
-539.198
30
0.0
0
VERTEX
8
center_top
10
775.807
20
-539.869
30
0.0
0
VERTEX
8
center_top
10
775.688
20
-540.540
30
0.0
0
VERTEX
8
center_top
10
775.558
20
-541.208
30
0.0
0
VERTEX
8
center_top
10
775.417
20
-541.873
30
0.0
0
VERTEX
8
center_top
10
775.267
20
-542.537
30
0.0
0
VERTEX
8
center_top
10
775.105
20
-543.197
30
0.0
0
VERTEX
8
center_top
10
774.934
20
-543.855
30
0.0
0
VERTEX
8
center_top
10
774.752
20
-544.510
30
0.0
0
VERTEX
8
center_top
10
774.560
20
-545.161
30
0.0
0
VERTEX
8
center_top
10
774.358
20
-545.808
30
0.0
0
VERTEX
8
center_top
10
774.145
20
-546.452
30
0.0
0
VERTEX
8
center_top
10
773.922
20
-547.092
30
0.0
0
VERTEX
8
center_top
10
773.689
20
-547.727
30
0.0
0
VERTEX
8
center_top
10
773.445
20
-548.357
30
0.0
0
VERTEX
8
center_top
10
773.191
20
-548.983
30
0.0
0
VERTEX
8
center_top
10
772.927
20
-549.604
30
0.0
0
VERTEX
8
center_top
10
772.652
20
-550.219
30
0.0
0
VERTEX
8
center_top
10
772.367
20
-550.829
30
0.0
0
VERTEX
8
center_top
10
772.072
20
-551.433
30
0.0
0
VERTEX
8
center_top
10
771.766
20
-552.031
30
0.0
0
VERTEX
8
center_top
10
771.451
20
-552.623
30
0.0
0
VERTEX
8
center_top
10
771.125
20
-553.209
30
0.0
0
VERTEX
8
center_top
10
770.788
20
-553.788
30
0.0
0
VERTEX
8
center_top
10
770.442
20
-554.359
30
0.0
0
VERTEX
8
center_top
10
770.085
20
-554.924
30
0.0
0
VERTEX
8
center_top
10
769.718
20
-555.481
30
0.0
0
VERTEX
8
center_top
10
769.341
20
-556.031
30
0.0
0
VERTEX
8
center_top
10
768.953
20
-556.573
30
0.0
0
VERTEX
8
center_top
10
768.555
20
-557.106
30
0.0
0
VERTEX
8
center_top
10
768.147
20
-557.632
30
0.0
0
VERTEX
8
center_top
10
767.729
20
-558.148
30
0.0
0
VERTEX
8
center_top
10
767.300
20
-558.656
30
0.0
0
VERTEX
8
center_top
10
766.861
20
-559.155
30
0.0
0
VERTEX
8
center_top
10
766.413
20
-559.645
30
0.0
0
VERTEX
8
center_top
10
765.955
20
-560.126
30
0.0
0
VERTEX
8
center_top
10
765.489
20
-560.600
30
0.0
0
VERTEX
8
center_top
10
765.015
20
-561.065
30
0.0
0
VERTEX
8
center_top
10
764.535
20
-561.524
30
0.0
0
VERTEX
8
center_top
10
764.048
20
-561.976
30
0.0
0
VERTEX
8
center_top
10
763.557
20
-562.422
30
0.0
0
VERTEX
8
center_top
10
763.061
20
-562.862
30
0.0
0
VERTEX
8
center_top
10
762.562
20
-563.297
30
0.0
0
VERTEX
8
center_top
10
762.060
20
-563.727
30
0.0
0
VERTEX
8
center_top
10
761.557
20
-564.153
30
0.0
0
VERTEX
8
center_top
10
761.052
20
-564.576
30
0.0
0
VERTEX
8
center_top
10
760.547
20
-564.995
30
0.0
0
VERTEX
8
center_top
10
760.043
20
-565.411
30
0.0
0
VERTEX
8
center_top
10
759.540
20
-565.826
30
0.0
0
VERTEX
8
center_top
10
759.040
20
-566.238
30
0.0
0
VERTEX
8
center_top
10
758.542
20
-566.650
30
0.0
0
VERTEX
8
center_top
10
758.048
20
-567.060
30
0.0
0
VERTEX
8
center_top
10
757.560
20
-567.471
30
0.0
0
VERTEX
8
center_top
10
757.076
20
-567.881
30
0.0
0
VERTEX
8
center_top
10
756.599
20
-568.292
30
0.0
0
VERTEX
8
center_top
10
756.129
20
-568.705
30
0.0
0
VERTEX
8
center_top
10
755.667
20
-569.119
30
0.0
0
VERTEX
8
center_top
10
755.213
20
-569.535
30
0.0
0
VERTEX
8
center_top
10
754.770
20
-569.954
30
0.0
0
VERTEX
8
center_top
10
754.336
20
-570.376
30
0.0
0
VERTEX
8
center_top
10
753.914
20
-570.801
30
0.0
0
VERTEX
8
center_top
10
753.504
20
-571.231
30
0.0
0
VERTEX
8
center_top
10
753.106
20
-571.665
30
0.0
0
VERTEX
8
center_top
10
752.723
20
-572.105
30
0.0
0
VERTEX
8
center_top
10
752.353
20
-572.550
30
0.0
0
VERTEX
8
center_top
10
751.999
20
-573.001
30
0.0
0
VERTEX
8
center_top
10
751.661
20
-573.458
30
0.0
0
VERTEX
8
center_top
10
751.339
20
-573.922
30
0.0
0
VERTEX
8
center_top
10
751.032
20
-574.393
30
0.0
0
VERTEX
8
center_top
10
750.741
20
-574.869
30
0.0
0
VERTEX
8
center_top
10
750.465
20
-575.352
30
0.0
0
VERTEX
8
center_top
10
750.204
20
-575.841
30
0.0
0
VERTEX
8
center_top
10
749.957
20
-576.336
30
0.0
0
VERTEX
8
center_top
10
749.725
20
-576.837
30
0.0
0
VERTEX
8
center_top
10
749.507
20
-577.344
30
0.0
0
VERTEX
8
center_top
10
749.304
20
-577.857
30
0.0
0
VERTEX
8
center_top
10
749.114
20
-578.375
30
0.0
0
VERTEX
8
center_top
10
748.937
20
-578.899
30
0.0
0
VERTEX
8
center_top
10
748.774
20
-579.429
30
0.0
0
VERTEX
8
center_top
10
748.624
20
-579.964
30
0.0
0
VERTEX
8
center_top
10
748.487
20
-580.505
30
0.0
0
VERTEX
8
center_top
10
748.363
20
-581.051
30
0.0
0
VERTEX
8
center_top
10
748.250
20
-581.602
30
0.0
0
VERTEX
8
center_top
10
748.151
20
-582.158
30
0.0
0
VERTEX
8
center_top
10
748.063
20
-582.719
30
0.0
0
VERTEX
8
center_top
10
747.986
20
-583.285
30
0.0
0
VERTEX
8
center_top
10
747.922
20
-583.857
30
0.0
0
VERTEX
8
center_top
10
747.868
20
-584.433
30
0.0
0
VERTEX
8
center_top
10
747.826
20
-585.013
30
0.0
0
VERTEX
8
center_top
10
747.794
20
-585.599
30
0.0
0
VERTEX
8
center_top
10
747.773
20
-586.189
30
0.0
0
VERTEX
8
center_top
10
747.763
20
-586.783
30
0.0
0
VERTEX
8
center_top
10
747.762
20
-587.382
30
0.0
0
VERTEX
8
center_top
10
747.772
20
-587.985
30
0.0
0
VERTEX
8
center_top
10
747.791
20
-588.592
30
0.0
0
VERTEX
8
center_top
10
747.819
20
-589.204
30
0.0
0
VERTEX
8
center_top
10
747.857
20
-589.820
30
0.0
0
VERTEX
8
center_top
10
747.904
20
-590.439
30
0.0
0
VERTEX
8
center_top
10
747.959
20
-591.063
30
0.0
0
VERTEX
8
center_top
10
748.023
20
-591.690
30
0.0
0
VERTEX
8
center_top
10
748.095
20
-592.321
30
0.0
0
VERTEX
8
center_top
10
748.176
20
-592.956
30
0.0
0
VERTEX
8
center_top
10
748.264
20
-593.594
30
0.0
0
VERTEX
8
center_top
10
748.359
20
-594.236
30
0.0
0
VERTEX
8
center_top
10
748.463
20
-594.882
30
0.0
0
VERTEX
8
center_top
10
748.573
20
-595.530
30
0.0
0
VERTEX
8
center_top
10
748.690
20
-596.182
30
0.0
0
VERTEX
8
center_top
10
748.814
20
-596.837
30
0.0
0
VERTEX
8
center_top
10
748.944
20
-597.495
30
0.0
0
VERTEX
8
center_top
10
749.081
20
-598.156
30
0.0
0
VERTEX
8
center_top
10
749.224
20
-598.820
30
0.0
0
VERTEX
8
center_top
10
749.372
20
-599.487
30
0.0
0
VERTEX
8
center_top
10
749.526
20
-600.157
30
0.0
0
VERTEX
8
center_top
10
749.685
20
-600.829
30
0.0
0
VERTEX
8
center_top
10
749.850
20
-601.504
30
0.0
0
VERTEX
8
center_top
10
750.019
20
-602.182
30
0.0
0
VERTEX
8
center_top
10
750.193
20
-602.861
30
0.0
0
VERTEX
8
center_top
10
750.371
20
-603.544
30
0.0
0
VERTEX
8
center_top
10
750.553
20
-604.228
30
0.0
0
VERTEX
8
center_top
10
750.740
20
-604.915
30
0.0
0
VERTEX
8
center_top
10
750.930
20
-605.604
30
0.0
0
VERTEX
8
center_top
10
751.124
20
-606.294
30
0.0
0
VERTEX
8
center_top
10
751.320
20
-606.987
30
0.0
0
VERTEX
8
center_top
10
751.520
20
-607.682
30
0.0
0
VERTEX
8
center_top
10
751.723
20
-608.378
30
0.0
0
VERTEX
8
center_top
10
751.928
20
-609.076
30
0.0
0
VERTEX
8
center_top
10
752.136
20
-609.776
30
0.0
0
VERTEX
8
center_top
10
752.346
20
-610.477
30
0.0
0
VERTEX
8
center_top
10
752.557
20
-611.179
30
0.0
0
VERTEX
8
center_top
10
752.771
20
-611.883
30
0.0
0
VERTEX
8
center_top
10
752.985
20
-612.588
30
0.0
0
VERTEX
8
center_top
10
753.201
20
-613.295
30
0.0
0
VERTEX
8
center_top
10
753.418
20
-614.002
30
0.0
0
VERTEX
8
center_top
10
753.636
20
-614.711
30
0.0
0
VERTEX
8
center_top
10
753.854
20
-615.420
30
0.0
0
VERTEX
8
center_top
10
754.073
20
-616.131
30
0.0
0
VERTEX
8
center_top
10
754.291
20
-616.842
30
0.0
0
VERTEX
8
center_top
10
754.509
20
-617.554
30
0.0
0
VERTEX
8
center_top
10
754.727
20
-618.266
30
0.0
0
VERTEX
8
center_top
10
754.945
20
-618.979
30
0.0
0
VERTEX
8
center_top
10
755.161
20
-619.693
30
0.0
0
VERTEX
8
center_top
10
755.377
20
-620.406
30
0.0
0
VERTEX
8
center_top
10
755.591
20
-621.121
30
0.0
0
VERTEX
8
center_top
10
755.803
20
-621.835
30
0.0
0
VERTEX
8
center_top
10
756.014
20
-622.549
30
0.0
0
VERTEX
8
center_top
10
756.223
20
-623.264
30
0.0
0
VERTEX
8
center_top
10
756.429
20
-623.978
30
0.0
0
VERTEX
8
center_top
10
756.633
20
-624.692
30
0.0
0
VERTEX
8
center_top
10
756.835
20
-625.406
30
0.0
0
VERTEX
8
center_top
10
757.033
20
-626.120
30
0.0
0
VERTEX
8
center_top
10
757.229
20
-626.834
30
0.0
0
VERTEX
8
center_top
10
757.421
20
-627.547
30
0.0
0
VERTEX
8
center_top
10
757.609
20
-628.259
30
0.0
0
VERTEX
8
center_top
10
757.793
20
-628.971
30
0.0
0
VERTEX
8
center_top
10
757.974
20
-629.682
30
0.0
0
VERTEX
8
center_top
10
758.150
20
-630.392
30
0.0
0
VERTEX
8
center_top
10
758.322
20
-631.102
30
0.0
0
VERTEX
8
center_top
10
758.489
20
-631.810
30
0.0
0
VERTEX
8
center_top
10
758.651
20
-632.518
30
0.0
0
VERTEX
8
center_top
10
758.807
20
-633.224
30
0.0
0
VERTEX
8
center_top
10
758.959
20
-633.929
30
0.0
0
VERTEX
8
center_top
10
759.104
20
-634.633
30
0.0
0
VERTEX
8
center_top
10
759.244
20
-635.336
30
0.0
0
VERTEX
8
center_top
10
759.378
20
-636.037
30
0.0
0
VERTEX
8
center_top
10
759.505
20
-636.736
30
0.0
0
VERTEX
8
center_top
10
759.626
20
-637.434
30
0.0
0
VERTEX
8
center_top
10
759.740
20
-638.131
30
0.0
0
VERTEX
8
center_top
10
759.847
20
-638.825
30
0.0
0
VERTEX
8
center_top
10
759.946
20
-639.518
30
0.0
0
VERTEX
8
center_top
10
760.038
20
-640.208
30
0.0
0
VERTEX
8
center_top
10
760.123
20
-640.897
30
0.0
0
VERTEX
8
center_top
10
760.199
20
-641.584
30
0.0
0
VERTEX
8
center_top
10
760.267
20
-642.268
30
0.0
0
VERTEX
8
center_top
10
760.327
20
-642.950
30
0.0
0
VERTEX
8
center_top
10
760.379
20
-643.630
30
0.0
0
VERTEX
8
center_top
10
760.421
20
-644.307
30
0.0
0
VERTEX
8
center_top
10
760.454
20
-644.982
30
0.0
0
VERTEX
8
center_top
10
760.478
20
-645.654
30
0.0
0
VERTEX
8
center_top
10
760.493
20
-646.324
30
0.0
0
VERTEX
8
center_top
10
760.497
20
-646.991
30
0.0
0
VERTEX
8
center_top
10
760.492
20
-647.655
30
0.0
0
VERTEX
8
center_top
10
760.476
20
-648.316
30
0.0
0
VERTEX
8
center_top
10
760.450
20
-648.974
30
0.0
0
VERTEX
8
center_top
10
760.414
20
-649.628
30
0.0
0
VERTEX
8
center_top
10
760.366
20
-650.280
30
0.0
0
VERTEX
8
center_top
10
760.307
20
-650.929
30
0.0
0
VERTEX
8
center_top
10
760.237
20
-651.574
30
0.0
0
VERTEX
8
center_top
10
760.155
20
-652.216
30
0.0
0
VERTEX
8
center_top
10
760.061
20
-652.854
30
0.0
0
VERTEX
8
center_top
10
759.956
20
-653.488
30
0.0
0
VERTEX
8
center_top
10
759.838
20
-654.119
30
0.0
0
VERTEX
8
center_top
10
759.707
20
-654.747
30
0.0
0
VERTEX
8
center_top
10
759.564
20
-655.370
30
0.0
0
VERTEX
8
center_top
10
759.407
20
-655.989
30
0.0
0
VERTEX
8
center_top
10
759.238
20
-656.605
30
0.0
0
VERTEX
8
center_top
10
759.055
20
-657.216
30
0.0
0
VERTEX
8
center_top
10
758.858
20
-657.824
30
0.0
0
VERTEX
8
center_top
10
758.648
20
-658.426
30
0.0
0
VERTEX
8
center_top
10
758.423
20
-659.025
30
0.0
0
VERTEX
8
center_top
10
758.184
20
-659.619
30
0.0
0
VERTEX
8
center_top
10
757.931
20
-660.209
30
0.0
0
VERTEX
8
center_top
10
757.663
20
-660.794
30
0.0
0
VERTEX
8
center_top
10
757.379
20
-661.375
30
0.0
0
VERTEX
8
center_top
10
757.080
20
-661.951
30
0.0
0
VERTEX
8
center_top
10
756.766
20
-662.522
30
0.0
0
VERTEX
8
center_top
10
756.436
20
-663.088
30
0.0
0
VERTEX
8
center_top
10
756.091
20
-663.649
30
0.0
0
VERTEX
8
center_top
10
755.729
20
-664.205
30
0.0
0
VERTEX
8
center_top
10
755.350
20
-664.756
30
0.0
0
VERTEX
8
center_top
10
754.955
20
-665.301
30
0.0
0
VERTEX
8
center_top
10
754.543
20
-665.842
30
0.0
0
VERTEX
8
center_top
10
754.114
20
-666.376
30
0.0
0
VERTEX
8
center_top
10
753.668
20
-666.906
30
0.0
0
VERTEX
8
center_top
10
753.204
20
-667.430
30
0.0
0
VERTEX
8
center_top
10
752.722
20
-667.948
30
0.0
0
VERTEX
8
center_top
10
752.222
20
-668.460
30
0.0
0
VERTEX
8
center_top
10
751.704
20
-668.967
30
0.0
0
VERTEX
8
center_top
10
751.168
20
-669.468
30
0.0
0
VERTEX
8
center_top
10
750.613
20
-669.963
30
0.0
0
VERTEX
8
center_top
10
750.038
20
-670.452
30
0.0
0
VERTEX
8
center_top
10
749.445
20
-670.934
30
0.0
0
VERTEX
8
center_top
10
748.833
20
-671.411
30
0.0
0
VERTEX
8
center_top
10
748.200
20
-671.881
30
0.0
0
VERTEX
8
center_top
10
747.548
20
-672.344
30
0.0
0
VERTEX
8
center_top
10
746.876
20
-672.802
30
0.0
0
VERTEX
8
center_top
10
746.184
20
-673.252
30
0.0
0
VERTEX
8
center_top
10
745.471
20
-673.696
30
0.0
0
VERTEX
8
center_top
10
744.737
20
-674.134
30
0.0
0
VERTEX
8
center_top
10
743.982
20
-674.564
30
0.0
0
VERTEX
8
center_top
10
743.206
20
-674.988
30
0.0
0
VERTEX
8
center_top
10
742.409
20
-675.405
30
0.0
0
VERTEX
8
center_top
10
741.590
20
-675.814
30
0.0
0
VERTEX
8
center_top
10
740.749
20
-676.217
30
0.0
0
VERTEX
8
center_top
10
739.885
20
-676.612
30
0.0
0
VERTEX
8
center_top
10
739.000
20
-677.000
30
0.0
0
SEQEND
8
center_top
0
POLYLINE
8
left_upper
66
1
70
0
10
0.0
20
0.0
30
0.0
0
VERTEX
8
left_upper
10
333.000
20
-310.000
30
0.0
0
VERTEX
8
left_upper
10
333.704
20
-310.049
30
0.0
0
VERTEX
8
left_upper
10
334.413
20
-310.095
30
0.0
0
VERTEX
8
left_upper
10
335.129
20
-310.138
30
0.0
0
VERTEX
8
left_upper
10
335.850
20
-310.178
30
0.0
0
VERTEX
8
left_upper
10
336.577
20
-310.215
30
0.0
0
VERTEX
8
left_upper
10
337.310
20
-310.249
30
0.0
0
VERTEX
8
left_upper
10
338.048
20
-310.280
30
0.0
0
VERTEX
8
left_upper
10
338.791
20
-310.308
30
0.0
0
VERTEX
8
left_upper
10
339.541
20
-310.334
30
0.0
0
VERTEX
8
left_upper
10
340.295
20
-310.357
30
0.0
0
VERTEX
8
left_upper
10
341.055
20
-310.377
30
0.0
0
VERTEX
8
left_upper
10
341.820
20
-310.395
30
0.0
0
VERTEX
8
left_upper
10
342.591
20
-310.410
30
0.0
0
VERTEX
8
left_upper
10
343.366
20
-310.423
30
0.0
0
VERTEX
8
left_upper
10
344.147
20
-310.434
30
0.0
0
VERTEX
8
left_upper
10
344.932
20
-310.442
30
0.0
0
VERTEX
8
left_upper
10
345.723
20
-310.449
30
0.0
0
VERTEX
8
left_upper
10
346.518
20
-310.453
30
0.0
0
VERTEX
8
left_upper
10
347.318
20
-310.455
30
0.0
0
VERTEX
8
left_upper
10
348.123
20
-310.455
30
0.0
0
VERTEX
8
left_upper
10
348.933
20
-310.453
30
0.0
0
VERTEX
8
left_upper
10
349.747
20
-310.450
30
0.0
0
VERTEX
8
left_upper
10
350.566
20
-310.444
30
0.0
0
VERTEX
8
left_upper
10
351.389
20
-310.437
30
0.0
0
VERTEX
8
left_upper
10
352.216
20
-310.429
30
0.0
0
VERTEX
8
left_upper
10
353.048
20
-310.419
30
0.0
0
VERTEX
8
left_upper
10
353.884
20
-310.407
30
0.0
0
VERTEX
8
left_upper
10
354.725
20
-310.394
30
0.0
0
VERTEX
8
left_upper
10
355.569
20
-310.379
30
0.0
0
VERTEX
8
left_upper
10
356.418
20
-310.363
30
0.0
0
VERTEX
8
left_upper
10
357.270
20
-310.346
30
0.0
0
VERTEX
8
left_upper
10
358.126
20
-310.328
30
0.0
0
VERTEX
8
left_upper
10
358.987
20
-310.309
30
0.0
0
VERTEX
8
left_upper
10
359.851
20
-310.289
30
0.0
0
VERTEX
8
left_upper
10
360.719
20
-310.268
30
0.0
0
VERTEX
8
left_upper
10
361.590
20
-310.246
30
0.0
0
VERTEX
8
left_upper
10
362.465
20
-310.223
30
0.0
0
VERTEX
8
left_upper
10
363.344
20
-310.199
30
0.0
0
VERTEX
8
left_upper
10
364.226
20
-310.175
30
0.0
0
VERTEX
8
left_upper
10
365.111
20
-310.150
30
0.0
0
VERTEX
8
left_upper
10
366.000
20
-310.124
30
0.0
0
VERTEX
8
left_upper
10
366.892
20
-310.099
30
0.0
0
VERTEX
8
left_upper
10
367.788
20
-310.072
30
0.0
0
VERTEX
8
left_upper
10
368.686
20
-310.046
30
0.0
0
VERTEX
8
left_upper
10
369.587
20
-310.019
30
0.0
0
VERTEX
8
left_upper
10
370.492
20
-309.992
30
0.0
0
VERTEX
8
left_upper
10
371.399
20
-309.964
30
0.0
0
VERTEX
8
left_upper
10
372.310
20
-309.937
30
0.0
0
VERTEX
8
left_upper
10
373.223
20
-309.910
30
0.0
0
VERTEX
8
left_upper
10
374.138
20
-309.882
30
0.0
0
VERTEX
8
left_upper
10
375.057
20
-309.855
30
0.0
0
VERTEX
8
left_upper
10
375.978
20
-309.828
30
0.0
0
VERTEX
8
left_upper
10
376.901
20
-309.802
30
0.0
0
VERTEX
8
left_upper
10
377.828
20
-309.775
30
0.0
0
VERTEX
8
left_upper
10
378.756
20
-309.750
30
0.0
0
VERTEX
8
left_upper
10
379.687
20
-309.724
30
0.0
0
VERTEX
8
left_upper
10
380.620
20
-309.699
30
0.0
0
VERTEX
8
left_upper
10
381.555
20
-309.675
30
0.0
0
VERTEX
8
left_upper
10
382.492
20
-309.652
30
0.0
0
VERTEX
8
left_upper
10
383.432
20
-309.629
30
0.0
0
VERTEX
8
left_upper
10
384.373
20
-309.607
30
0.0
0
VERTEX
8
left_upper
10
385.317
20
-309.586
30
0.0
0
VERTEX
8
left_upper
10
386.262
20
-309.566
30
0.0
0
VERTEX
8
left_upper
10
387.209
20
-309.547
30
0.0
0
VERTEX
8
left_upper
10
388.158
20
-309.529
30
0.0
0
VERTEX
8
left_upper
10
389.108
20
-309.512
30
0.0
0
VERTEX
8
left_upper
10
390.060
20
-309.496
30
0.0
0
VERTEX
8
left_upper
10
391.014
20
-309.482
30
0.0
0
VERTEX
8
left_upper
10
391.969
20
-309.469
30
0.0
0
VERTEX
8
left_upper
10
392.925
20
-309.457
30
0.0
0
VERTEX
8
left_upper
10
393.883
20
-309.447
30
0.0
0
VERTEX
8
left_upper
10
394.842
20
-309.439
30
0.0
0
VERTEX
8
left_upper
10
395.803
20
-309.432
30
0.0
0
VERTEX
8
left_upper
10
396.764
20
-309.427
30
0.0
0
VERTEX
8
left_upper
10
397.726
20
-309.424
30
0.0
0
VERTEX
8
left_upper
10
398.690
20
-309.422
30
0.0
0
VERTEX
8
left_upper
10
399.654
20
-309.423
30
0.0
0
VERTEX
8
left_upper
10
400.620
20
-309.425
30
0.0
0
VERTEX
8
left_upper
10
401.586
20
-309.430
30
0.0
0
VERTEX
8
left_upper
10
402.553
20
-309.436
30
0.0
0
VERTEX
8
left_upper
10
403.520
20
-309.445
30
0.0
0
VERTEX
8
left_upper
10
404.488
20
-309.456
30
0.0
0
VERTEX
8
left_upper
10
405.457
20
-309.469
30
0.0
0
VERTEX
8
left_upper
10
406.426
20
-309.485
30
0.0
0
VERTEX
8
left_upper
10
407.395
20
-309.503
30
0.0
0
VERTEX
8
left_upper
10
408.365
20
-309.524
30
0.0
0
VERTEX
8
left_upper
10
409.335
20
-309.547
30
0.0
0
VERTEX
8
left_upper
10
410.306
20
-309.573
30
0.0
0
VERTEX
8
left_upper
10
411.276
20
-309.601
30
0.0
0
VERTEX
8
left_upper
10
412.247
20
-309.633
30
0.0
0
VERTEX
8
left_upper
10
413.217
20
-309.667
30
0.0
0
VERTEX
8
left_upper
10
414.188
20
-309.704
30
0.0
0
VERTEX
8
left_upper
10
415.158
20
-309.745
30
0.0
0
VERTEX
8
left_upper
10
416.128
20
-309.788
30
0.0
0
VERTEX
8
left_upper
10
417.098
20
-309.834
30
0.0
0
VERTEX
8
left_upper
10
418.067
20
-309.884
30
0.0
0
VERTEX
8
left_upper
10
419.037
20
-309.937
30
0.0
0
VERTEX
8
left_upper
10
420.005
20
-309.993
30
0.0
0
VERTEX
8
left_upper
10
420.973
20
-310.053
30
0.0
0
VERTEX
8
left_upper
10
421.941
20
-310.116
30
0.0
0
VERTEX
8
left_upper
10
422.908
20
-310.182
30
0.0
0
VERTEX
8
left_upper
10
423.874
20
-310.253
30
0.0
0
VERTEX
8
left_upper
10
424.840
20
-310.327
30
0.0
0
VERTEX
8
left_upper
10
425.804
20
-310.404
30
0.0
0
VERTEX
8
left_upper
10
426.768
20
-310.486
30
0.0
0
VERTEX
8
left_upper
10
427.730
20
-310.571
30
0.0
0
VERTEX
8
left_upper
10
428.692
20
-310.661
30
0.0
0
VERTEX
8
left_upper
10
429.652
20
-310.754
30
0.0
0
VERTEX
8
left_upper
10
430.611
20
-310.851
30
0.0
0
VERTEX
8
left_upper
10
431.569
20
-310.953
30
0.0
0
VERTEX
8
left_upper
10
432.526
20
-311.059
30
0.0
0
VERTEX
8
left_upper
10
433.481
20
-311.169
30
0.0
0
VERTEX
8
left_upper
10
434.435
20
-311.283
30
0.0
0
VERTEX
8
left_upper
10
435.387
20
-311.402
30
0.0
0
VERTEX
8
left_upper
10
436.338
20
-311.526
30
0.0
0
VERTEX
8
left_upper
10
437.287
20
-311.653
30
0.0
0
VERTEX
8
left_upper
10
438.234
20
-311.786
30
0.0
0
VERTEX
8
left_upper
10
439.180
20
-311.923
30
0.0
0
VERTEX
8
left_upper
10
440.123
20
-312.065
30
0.0
0
VERTEX
8
left_upper
10
441.065
20
-312.212
30
0.0
0
VERTEX
8
left_upper
10
442.005
20
-312.364
30
0.0
0
VERTEX
8
left_upper
10
442.942
20
-312.521
30
0.0
0
VERTEX
8
left_upper
10
443.878
20
-312.683
30
0.0
0
VERTEX
8
left_upper
10
444.811
20
-312.849
30
0.0
0
VERTEX
8
left_upper
10
445.742
20
-313.021
30
0.0
0
VERTEX
8
left_upper
10
446.671
20
-313.199
30
0.0
0
VERTEX
8
left_upper
10
447.598
20
-313.381
30
0.0
0
VERTEX
8
left_upper
10
448.521
20
-313.569
30
0.0
0
VERTEX
8
left_upper
10
449.443
20
-313.763
30
0.0
0
VERTEX
8
left_upper
10
450.362
20
-313.962
30
0.0
0
VERTEX
8
left_upper
10
451.278
20
-314.166
30
0.0
0
VERTEX
8
left_upper
10
452.191
20
-314.376
30
0.0
0
VERTEX
8
left_upper
10
453.102
20
-314.592
30
0.0
0
VERTEX
8
left_upper
10
454.010
20
-314.814
30
0.0
0
VERTEX
8
left_upper
10
454.914
20
-315.042
30
0.0
0
VERTEX
8
left_upper
10
455.816
20
-315.275
30
0.0
0
VERTEX
8
left_upper
10
456.715
20
-315.515
30
0.0
0
VERTEX
8
left_upper
10
457.611
20
-315.760
30
0.0
0
VERTEX
8
left_upper
10
458.503
20
-316.012
30
0.0
0
VERTEX
8
left_upper
10
459.392
20
-316.270
30
0.0
0
VERTEX
8
left_upper
10
460.278
20
-316.534
30
0.0
0
VERTEX
8
left_upper
10
461.161
20
-316.804
30
0.0
0
VERTEX
8
left_upper
10
462.040
20
-317.081
30
0.0
0
VERTEX
8
left_upper
10
462.915
20
-317.364
30
0.0
0
VERTEX
8
left_upper
10
463.787
20
-317.654
30
0.0
0
VERTEX
8
left_upper
10
464.656
20
-317.950
30
0.0
0
VERTEX
8
left_upper
10
465.520
20
-318.254
30
0.0
0
VERTEX
8
left_upper
10
466.381
20
-318.563
30
0.0
0
VERTEX
8
left_upper
10
467.238
20
-318.880
30
0.0
0
VERTEX
8
left_upper
10
468.091
20
-319.204
30
0.0
0
VERTEX
8
left_upper
10
468.940
20
-319.534
30
0.0
0
VERTEX
8
left_upper
10
469.785
20
-319.872
30
0.0
0
VERTEX
8
left_upper
10
470.626
20
-320.216
30
0.0
0
VERTEX
8
left_upper
10
471.462
20
-320.568
30
0.0
0
VERTEX
8
left_upper
10
472.295
20
-320.927
30
0.0
0
VERTEX
8
left_upper
10
473.123
20
-321.293
30
0.0
0
VERTEX
8
left_upper
10
473.947
20
-321.666
30
0.0
0
VERTEX
8
left_upper
10
474.766
20
-322.047
30
0.0
0
VERTEX
8
left_upper
10
475.581
20
-322.436
30
0.0
0
VERTEX
8
left_upper
10
476.391
20
-322.832
30
0.0
0
VERTEX
8
left_upper
10
477.196
20
-323.236
30
0.0
0
VERTEX
8
left_upper
10
477.997
20
-323.647
30
0.0
0
VERTEX
8
left_upper
10
478.793
20
-324.066
30
0.0
0
VERTEX
8
left_upper
10
479.584
20
-324.493
30
0.0
0
VERTEX
8
left_upper
10
480.370
20
-324.928
30
0.0
0
VERTEX
8
left_upper
10
481.151
20
-325.371
30
0.0
0
VERTEX
8
left_upper
10
481.928
20
-325.821
30
0.0
0
VERTEX
8
left_upper
10
482.699
20
-326.280
30
0.0
0
VERTEX
8
left_upper
10
483.465
20
-326.747
30
0.0
0
VERTEX
8
left_upper
10
484.225
20
-327.223
30
0.0
0
VERTEX
8
left_upper
10
484.980
20
-327.706
30
0.0
0
VERTEX
8
left_upper
10
485.730
20
-328.198
30
0.0
0
VERTEX
8
left_upper
10
486.475
20
-328.699
30
0.0
0
VERTEX
8
left_upper
10
487.214
20
-329.208
30
0.0
0
VERTEX
8
left_upper
10
487.947
20
-329.725
30
0.0
0
VERTEX
8
left_upper
10
488.675
20
-330.251
30
0.0
0
VERTEX
8
left_upper
10
489.397
20
-330.786
30
0.0
0
VERTEX
8
left_upper
10
490.113
20
-331.330
30
0.0
0
VERTEX
8
left_upper
10
490.823
20
-331.882
30
0.0
0
VERTEX
8
left_upper
10
491.528
20
-332.444
30
0.0
0
VERTEX
8
left_upper
10
492.226
20
-333.014
30
0.0
0
VERTEX
8
left_upper
10
492.919
20
-333.594
30
0.0
0
VERTEX
8
left_upper
10
493.605
20
-334.182
30
0.0
0
VERTEX
8
left_upper
10
494.285
20
-334.780
30
0.0
0
VERTEX
8
left_upper
10
494.959
20
-335.387
30
0.0
0
VERTEX
8
left_upper
10
495.626
20
-336.003
30
0.0
0
VERTEX
8
left_upper
10
496.287
20
-336.629
30
0.0
0
VERTEX
8
left_upper
10
496.942
20
-337.264
30
0.0
0
VERTEX
8
left_upper
10
497.590
20
-337.909
30
0.0
0
VERTEX
8
left_upper
10
498.232
20
-338.563
30
0.0
0
VERTEX
8
left_upper
10
498.867
20
-339.227
30
0.0
0
VERTEX
8
left_upper
10
499.495
20
-339.901
30
0.0
0
VERTEX
8
left_upper
10
500.116
20
-340.584
30
0.0
0
VERTEX
8
left_upper
10
500.731
20
-341.278
30
0.0
0
VERTEX
8
left_upper
10
501.339
20
-341.981
30
0.0
0
VERTEX
8
left_upper
10
501.939
20
-342.694
30
0.0
0
VERTEX
8
left_upper
10
502.533
20
-343.418
30
0.0
0
VERTEX
8
left_upper
10
503.120
20
-344.151
30
0.0
0
VERTEX
8
left_upper
10
503.699
20
-344.894
30
0.0
0
VERTEX
8
left_upper
10
504.273
20
-345.646
30
0.0
0
VERTEX
8
left_upper
10
504.841
20
-346.405
30
0.0
0
VERTEX
8
left_upper
10
505.404
20
-347.170
30
0.0
0
VERTEX
8
left_upper
10
505.963
20
-347.939
30
0.0
0
VERTEX
8
left_upper
10
506.520
20
-348.711
30
0.0
0
VERTEX
8
left_upper
10
507.073
20
-349.484
30
0.0
0
VERTEX
8
left_upper
10
507.626
20
-350.257
30
0.0
0
VERTEX
8
left_upper
10
508.178
20
-351.030
30
0.0
0
VERTEX
8
left_upper
10
508.729
20
-351.799
30
0.0
0
VERTEX
8
left_upper
10
509.282
20
-352.565
30
0.0
0
VERTEX
8
left_upper
10
509.836
20
-353.324
30
0.0
0
VERTEX
8
left_upper
10
510.393
20
-354.077
30
0.0
0
VERTEX
8
left_upper
10
510.952
20
-354.822
30
0.0
0
VERTEX
8
left_upper
10
511.516
20
-355.557
30
0.0
0
VERTEX
8
left_upper
10
512.085
20
-356.281
30
0.0
0
VERTEX
8
left_upper
10
512.658
20
-356.993
30
0.0
0
VERTEX
8
left_upper
10
513.239
20
-357.690
30
0.0
0
VERTEX
8
left_upper
10
513.826
20
-358.372
30
0.0
0
VERTEX
8
left_upper
10
514.421
20
-359.038
30
0.0
0
VERTEX
8
left_upper
10
515.025
20
-359.686
30
0.0
0
VERTEX
8
left_upper
10
515.638
20
-360.314
30
0.0
0
VERTEX
8
left_upper
10
516.262
20
-360.921
30
0.0
0
VERTEX
8
left_upper
10
516.896
20
-361.505
30
0.0
0
VERTEX
8
left_upper
10
517.542
20
-362.067
30
0.0
0
VERTEX
8
left_upper
10
518.201
20
-362.603
30
0.0
0
VERTEX
8
left_upper
10
518.873
20
-363.112
30
0.0
0
VERTEX
8
left_upper
10
519.559
20
-363.594
30
0.0
0
VERTEX
8
left_upper
10
520.260
20
-364.046
30
0.0
0
VERTEX
8
left_upper
10
520.977
20
-364.468
30
0.0
0
VERTEX
8
left_upper
10
521.711
20
-364.858
30
0.0
0
VERTEX
8
left_upper
10
522.461
20
-365.214
30
0.0
0
VERTEX
8
left_upper
10
523.229
20
-365.537
30
0.0
0
VERTEX
8
left_upper
10
524.012
20
-365.830
30
0.0
0
VERTEX
8
left_upper
10
524.812
20
-366.093
30
0.0
0
VERTEX
8
left_upper
10
525.625
20
-366.329
30
0.0
0
VERTEX
8
left_upper
10
526.453
20
-366.540
30
0.0
0
VERTEX
8
left_upper
10
527.293
20
-366.728
30
0.0
0
VERTEX
8
left_upper
10
528.145
20
-366.894
30
0.0
0
VERTEX
8
left_upper
10
529.009
20
-367.040
30
0.0
0
VERTEX
8
left_upper
10
529.883
20
-367.169
30
0.0
0
VERTEX
8
left_upper
10
530.766
20
-367.282
30
0.0
0
VERTEX
8
left_upper
10
531.659
20
-367.380
30
0.0
0
VERTEX
8
left_upper
10
532.559
20
-367.467
30
0.0
0
VERTEX
8
left_upper
10
533.466
20
-367.544
30
0.0
0
VERTEX
8
left_upper
10
534.379
20
-367.613
30
0.0
0
VERTEX
8
left_upper
10
535.298
20
-367.675
30
0.0
0
VERTEX
8
left_upper
10
536.222
20
-367.732
30
0.0
0
VERTEX
8
left_upper
10
537.149
20
-367.788
30
0.0
0
VERTEX
8
left_upper
10
538.079
20
-367.842
30
0.0
0
VERTEX
8
left_upper
10
539.011
20
-367.898
30
0.0
0
VERTEX
8
left_upper
10
539.945
20
-367.957
30
0.0
0
VERTEX
8
left_upper
10
540.878
20
-368.020
30
0.0
0
VERTEX
8
left_upper
10
541.812
20
-368.091
30
0.0
0
VERTEX
8
left_upper
10
542.744
20
-368.171
30
0.0
0
VERTEX
8
left_upper
10
543.674
20
-368.261
30
0.0
0
VERTEX
8
left_upper
10
544.601
20
-368.364
30
0.0
0
VERTEX
8
left_upper
10
545.524
20
-368.481
30
0.0
0
VERTEX
8
left_upper
10
546.443
20
-368.615
30
0.0
0
VERTEX
8
left_upper
10
547.357
20
-368.767
30
0.0
0
VERTEX
8
left_upper
10
548.264
20
-368.939
30
0.0
0
VERTEX
8
left_upper
10
549.164
20
-369.134
30
0.0
0
VERTEX
8
left_upper
10
550.056
20
-369.352
30
0.0
0
VERTEX
8
left_upper
10
550.939
20
-369.596
30
0.0
0
VERTEX
8
left_upper
10
551.813
20
-369.868
30
0.0
0
VERTEX
8
left_upper
10
552.676
20
-370.170
30
0.0
0
VERTEX
8
left_upper
10
553.529
20
-370.503
30
0.0
0
VERTEX
8
left_upper
10
554.369
20
-370.869
30
0.0
0
VERTEX
8
left_upper
10
555.196
20
-371.271
30
0.0
0
VERTEX
8
left_upper
10
556.009
20
-371.710
30
0.0
0
VERTEX
8
left_upper
10
556.808
20
-372.188
30
0.0
0
VERTEX
8
left_upper
10
557.592
20
-372.708
30
0.0
0
VERTEX
8
left_upper
10
558.359
20
-373.270
30
0.0
0
VERTEX
8
left_upper
10
559.108
20
-373.874
30
0.0
0
VERTEX
8
left_upper
10
559.838
20
-374.517
30
0.0
0
VERTEX
8
left_upper
10
560.545
20
-375.195
30
0.0
0
VERTEX
8
left_upper
10
561.228
20
-375.905
30
0.0
0
VERTEX
8
left_upper
10
561.884
20
-376.643
30
0.0
0
VERTEX
8
left_upper
10
562.511
20
-377.406
30
0.0
0
VERTEX
8
left_upper
10
563.107
20
-378.190
30
0.0
0
VERTEX
8
left_upper
10
563.669
20
-378.991
30
0.0
0
VERTEX
8
left_upper
10
564.195
20
-379.807
30
0.0
0
VERTEX
8
left_upper
10
564.684
20
-380.633
30
0.0
0
VERTEX
8
left_upper
10
565.132
20
-381.467
30
0.0
0
VERTEX
8
left_upper
10
565.538
20
-382.303
30
0.0
0
VERTEX
8
left_upper
10
565.899
20
-383.140
30
0.0
0
VERTEX
8
left_upper
10
566.213
20
-383.974
30
0.0
0
VERTEX
8
left_upper
10
566.478
20
-384.800
30
0.0
0
VERTEX
8
left_upper
10
566.691
20
-385.617
30
0.0
0
VERTEX
8
left_upper
10
566.851
20
-386.419
30
0.0
0
VERTEX
8
left_upper
10
566.954
20
-387.203
30
0.0
0
VERTEX
8
left_upper
10
566.999
20
-387.966
30
0.0
0
VERTEX
8
left_upper
10
566.985
20
-388.706
30
0.0
0
VERTEX
8
left_upper
10
566.911
20
-389.422
30
0.0
0
VERTEX
8
left_upper
10
566.780
20
-390.114
30
0.0
0
VERTEX
8
left_upper
10
566.594
20
-390.785
30
0.0
0
VERTEX
8
left_upper
10
566.355
20
-391.434
30
0.0
0
VERTEX
8
left_upper
10
566.063
20
-392.064
30
0.0
0
VERTEX
8
left_upper
10
565.722
20
-392.673
30
0.0
0
VERTEX
8
left_upper
10
565.332
20
-393.265
30
0.0
0
VERTEX
8
left_upper
10
564.897
20
-393.838
30
0.0
0
VERTEX
8
left_upper
10
564.416
20
-394.396
30
0.0
0
VERTEX
8
left_upper
10
563.893
20
-394.937
30
0.0
0
VERTEX
8
left_upper
10
563.328
20
-395.463
30
0.0
0
VERTEX
8
left_upper
10
562.724
20
-395.976
30
0.0
0
VERTEX
8
left_upper
10
562.083
20
-396.475
30
0.0
0
VERTEX
8
left_upper
10
561.406
20
-396.963
30
0.0
0
VERTEX
8
left_upper
10
560.695
20
-397.439
30
0.0
0
VERTEX
8
left_upper
10
559.952
20
-397.904
30
0.0
0
VERTEX
8
left_upper
10
559.179
20
-398.360
30
0.0
0
VERTEX
8
left_upper
10
558.377
20
-398.808
30
0.0
0
VERTEX
8
left_upper
10
557.548
20
-399.248
30
0.0
0
VERTEX
8
left_upper
10
556.695
20
-399.681
30
0.0
0
VERTEX
8
left_upper
10
555.818
20
-400.108
30
0.0
0
VERTEX
8
left_upper
10
554.919
20
-400.531
30
0.0
0
VERTEX
8
left_upper
10
554.002
20
-400.949
30
0.0
0
VERTEX
8
left_upper
10
553.066
20
-401.364
30
0.0
0
VERTEX
8
left_upper
10
552.114
20
-401.777
30
0.0
0
VERTEX
8
left_upper
10
551.148
20
-402.188
30
0.0
0
VERTEX
8
left_upper
10
550.169
20
-402.599
30
0.0
0
VERTEX
8
left_upper
10
549.180
20
-403.011
30
0.0
0
VERTEX
8
left_upper
10
548.182
20
-403.423
30
0.0
0
VERTEX
8
left_upper
10
547.176
20
-403.838
30
0.0
0
VERTEX
8
left_upper
10
546.165
20
-404.256
30
0.0
0
VERTEX
8
left_upper
10
545.151
20
-404.678
30
0.0
0
VERTEX
8
left_upper
10
544.135
20
-405.105
30
0.0
0
VERTEX
8
left_upper
10
543.119
20
-405.538
30
0.0
0
VERTEX
8
left_upper
10
542.105
20
-405.978
30
0.0
0
VERTEX
8
left_upper
10
541.094
20
-406.425
30
0.0
0
VERTEX
8
left_upper
10
540.088
20
-406.881
30
0.0
0
VERTEX
8
left_upper
10
539.090
20
-407.346
30
0.0
0
VERTEX
8
left_upper
10
538.101
20
-407.821
30
0.0
0
VERTEX
8
left_upper
10
537.122
20
-408.308
30
0.0
0
VERTEX
8
left_upper
10
536.156
20
-408.807
30
0.0
0
VERTEX
8
left_upper
10
535.204
20
-409.319
30
0.0
0
VERTEX
8
left_upper
10
534.269
20
-409.845
30
0.0
0
VERTEX
8
left_upper
10
533.351
20
-410.385
30
0.0
0
VERTEX
8
left_upper
10
532.451
20
-410.940
30
0.0
0
VERTEX
8
left_upper
10
531.569
20
-411.510
30
0.0
0
VERTEX
8
left_upper
10
530.706
20
-412.094
30
0.0
0
VERTEX
8
left_upper
10
529.861
20
-412.692
30
0.0
0
VERTEX
8
left_upper
10
529.034
20
-413.303
30
0.0
0
VERTEX
8
left_upper
10
528.224
20
-413.928
30
0.0
0
VERTEX
8
left_upper
10
527.433
20
-414.565
30
0.0
0
VERTEX
8
left_upper
10
526.659
20
-415.214
30
0.0
0
VERTEX
8
left_upper
10
525.904
20
-415.876
30
0.0
0
VERTEX
8
left_upper
10
525.165
20
-416.549
30
0.0
0
VERTEX
8
left_upper
10
524.445
20
-417.234
30
0.0
0
VERTEX
8
left_upper
10
523.742
20
-417.930
30
0.0
0
VERTEX
8
left_upper
10
523.056
20
-418.636
30
0.0
0
VERTEX
8
left_upper
10
522.388
20
-419.353
30
0.0
0
VERTEX
8
left_upper
10
521.737
20
-420.080
30
0.0
0
VERTEX
8
left_upper
10
521.103
20
-420.816
30
0.0
0
VERTEX
8
left_upper
10
520.486
20
-421.562
30
0.0
0
VERTEX
8
left_upper
10
519.886
20
-422.317
30
0.0
0
VERTEX
8
left_upper
10
519.304
20
-423.080
30
0.0
0
VERTEX
8
left_upper
10
518.738
20
-423.851
30
0.0
0
VERTEX
8
left_upper
10
518.189
20
-424.631
30
0.0
0
VERTEX
8
left_upper
10
517.657
20
-425.418
30
0.0
0
VERTEX
8
left_upper
10
517.141
20
-426.212
30
0.0
0
VERTEX
8
left_upper
10
516.642
20
-427.013
30
0.0
0
VERTEX
8
left_upper
10
516.160
20
-427.821
30
0.0
0
VERTEX
8
left_upper
10
515.694
20
-428.635
30
0.0
0
VERTEX
8
left_upper
10
515.244
20
-429.455
30
0.0
0
VERTEX
8
left_upper
10
514.811
20
-430.280
30
0.0
0
VERTEX
8
left_upper
10
514.394
20
-431.110
30
0.0
0
VERTEX
8
left_upper
10
513.993
20
-431.945
30
0.0
0
VERTEX
8
left_upper
10
513.608
20
-432.785
30
0.0
0
VERTEX
8
left_upper
10
513.240
20
-433.629
30
0.0
0
VERTEX
8
left_upper
10
512.887
20
-434.476
30
0.0
0
VERTEX
8
left_upper
10
512.550
20
-435.327
30
0.0
0
VERTEX
8
left_upper
10
512.229
20
-436.181
30
0.0
0
VERTEX
8
left_upper
10
511.923
20
-437.038
30
0.0
0
VERTEX
8
left_upper
10
511.633
20
-437.897
30
0.0
0
VERTEX
8
left_upper
10
511.359
20
-438.758
30
0.0
0
VERTEX
8
left_upper
10
511.100
20
-439.621
30
0.0
0
VERTEX
8
left_upper
10
510.857
20
-440.485
30
0.0
0
VERTEX
8
left_upper
10
510.629
20
-441.350
30
0.0
0
VERTEX
8
left_upper
10
510.416
20
-442.216
30
0.0
0
VERTEX
8
left_upper
10
510.219
20
-443.082
30
0.0
0
VERTEX
8
left_upper
10
510.036
20
-443.948
30
0.0
0
VERTEX
8
left_upper
10
509.869
20
-444.814
30
0.0
0
VERTEX
8
left_upper
10
509.717
20
-445.679
30
0.0
0
VERTEX
8
left_upper
10
509.579
20
-446.543
30
0.0
0
VERTEX
8
left_upper
10
509.456
20
-447.405
30
0.0
0
VERTEX
8
left_upper
10
509.348
20
-448.266
30
0.0
0
VERTEX
8
left_upper
10
509.255
20
-449.124
30
0.0
0
VERTEX
8
left_upper
10
509.177
20
-449.981
30
0.0
0
VERTEX
8
left_upper
10
509.112
20
-450.834
30
0.0
0
VERTEX
8
left_upper
10
509.063
20
-451.684
30
0.0
0
VERTEX
8
left_upper
10
509.027
20
-452.531
30
0.0
0
VERTEX
8
left_upper
10
509.006
20
-453.373
30
0.0
0
VERTEX
8
left_upper
10
509.000
20
-454.212
30
0.0
0
VERTEX
8
left_upper
10
509.007
20
-455.046
30
0.0
0
VERTEX
8
left_upper
10
509.028
20
-455.876
30
0.0
0
VERTEX
8
left_upper
10
509.064
20
-456.701
30
0.0
0
VERTEX
8
left_upper
10
509.113
20
-457.522
30
0.0
0
VERTEX
8
left_upper
10
509.176
20
-458.338
30
0.0
0
VERTEX
8
left_upper
10
509.253
20
-459.150
30
0.0
0
VERTEX
8
left_upper
10
509.343
20
-459.958
30
0.0
0
VERTEX
8
left_upper
10
509.446
20
-460.761
30
0.0
0
VERTEX
8
left_upper
10
509.563
20
-461.560
30
0.0
0
VERTEX
8
left_upper
10
509.694
20
-462.355
30
0.0
0
VERTEX
8
left_upper
10
509.837
20
-463.145
30
0.0
0
VERTEX
8
left_upper
10
509.993
20
-463.931
30
0.0
0
VERTEX
8
left_upper
10
510.163
20
-464.713
30
0.0
0
VERTEX
8
left_upper
10
510.345
20
-465.491
30
0.0
0
VERTEX
8
left_upper
10
510.540
20
-466.264
30
0.0
0
VERTEX
8
left_upper
10
510.748
20
-467.033
30
0.0
0
VERTEX
8
left_upper
10
510.968
20
-467.797
30
0.0
0
VERTEX
8
left_upper
10
511.201
20
-468.558
30
0.0
0
VERTEX
8
left_upper
10
511.446
20
-469.314
30
0.0
0
VERTEX
8
left_upper
10
511.704
20
-470.066
30
0.0
0
VERTEX
8
left_upper
10
511.973
20
-470.813
30
0.0
0
VERTEX
8
left_upper
10
512.255
20
-471.557
30
0.0
0
VERTEX
8
left_upper
10
512.549
20
-472.296
30
0.0
0
VERTEX
8
left_upper
10
512.854
20
-473.031
30
0.0
0
VERTEX
8
left_upper
10
513.172
20
-473.763
30
0.0
0
VERTEX
8
left_upper
10
513.501
20
-474.489
30
0.0
0
VERTEX
8
left_upper
10
513.841
20
-475.212
30
0.0
0
VERTEX
8
left_upper
10
514.194
20
-475.931
30
0.0
0
VERTEX
8
left_upper
10
514.557
20
-476.645
30
0.0
0
VERTEX
8
left_upper
10
514.932
20
-477.356
30
0.0
0
VERTEX
8
left_upper
10
515.318
20
-478.062
30
0.0
0
VERTEX
8
left_upper
10
515.715
20
-478.765
30
0.0
0
VERTEX
8
left_upper
10
516.123
20
-479.463
30
0.0
0
VERTEX
8
left_upper
10
516.542
20
-480.157
30
0.0
0
VERTEX
8
left_upper
10
516.972
20
-480.847
30
0.0
0
VERTEX
8
left_upper
10
517.412
20
-481.533
30
0.0
0
VERTEX
8
left_upper
10
517.864
20
-482.216
30
0.0
0
VERTEX
8
left_upper
10
518.325
20
-482.894
30
0.0
0
VERTEX
8
left_upper
10
518.797
20
-483.568
30
0.0
0
VERTEX
8
left_upper
10
519.280
20
-484.238
30
0.0
0
VERTEX
8
left_upper
10
519.772
20
-484.904
30
0.0
0
VERTEX
8
left_upper
10
520.275
20
-485.567
30
0.0
0
VERTEX
8
left_upper
10
520.787
20
-486.225
30
0.0
0
VERTEX
8
left_upper
10
521.310
20
-486.880
30
0.0
0
VERTEX
8
left_upper
10
521.842
20
-487.530
30
0.0
0
VERTEX
8
left_upper
10
522.385
20
-488.177
30
0.0
0
VERTEX
8
left_upper
10
522.936
20
-488.820
30
0.0
0
VERTEX
8
left_upper
10
523.498
20
-489.459
30
0.0
0
VERTEX
8
left_upper
10
524.068
20
-490.094
30
0.0
0
VERTEX
8
left_upper
10
524.648
20
-490.725
30
0.0
0
VERTEX
8
left_upper
10
525.238
20
-491.352
30
0.0
0
VERTEX
8
left_upper
10
525.836
20
-491.976
30
0.0
0
VERTEX
8
left_upper
10
526.444
20
-492.596
30
0.0
0
VERTEX
8
left_upper
10
527.060
20
-493.212
30
0.0
0
VERTEX
8
left_upper
10
527.685
20
-493.824
30
0.0
0
VERTEX
8
left_upper
10
528.319
20
-494.432
30
0.0
0
VERTEX
8
left_upper
10
528.962
20
-495.037
30
0.0
0
VERTEX
8
left_upper
10
529.613
20
-495.638
30
0.0
0
VERTEX
8
left_upper
10
530.272
20
-496.235
30
0.0
0
VERTEX
8
left_upper
10
530.940
20
-496.829
30
0.0
0
VERTEX
8
left_upper
10
531.616
20
-497.418
30
0.0
0
VERTEX
8
left_upper
10
532.301
20
-498.004
30
0.0
0
VERTEX
8
left_upper
10
532.993
20
-498.587
30
0.0
0
VERTEX
8
left_upper
10
533.693
20
-499.166
30
0.0
0
VERTEX
8
left_upper
10
534.401
20
-499.741
30
0.0
0
VERTEX
8
left_upper
10
535.117
20
-500.312
30
0.0
0
VERTEX
8
left_upper
10
535.841
20
-500.880
30
0.0
0
VERTEX
8
left_upper
10
536.572
20
-501.444
30
0.0
0
VERTEX
8
left_upper
10
537.310
20
-502.004
30
0.0
0
VERTEX
8
left_upper
10
538.056
20
-502.561
30
0.0
0
VERTEX
8
left_upper
10
538.810
20
-503.115
30
0.0
0
VERTEX
8
left_upper
10
539.570
20
-503.665
30
0.0
0
VERTEX
8
left_upper
10
540.337
20
-504.211
30
0.0
0
VERTEX
8
left_upper
10
541.112
20
-504.754
30
0.0
0
VERTEX
8
left_upper
10
541.893
20
-505.293
30
0.0
0
VERTEX
8
left_upper
10
542.681
20
-505.828
30
0.0
0
VERTEX
8
left_upper
10
543.476
20
-506.360
30
0.0
0
VERTEX
8
left_upper
10
544.277
20
-506.889
30
0.0
0
VERTEX
8
left_upper
10
545.085
20
-507.414
30
0.0
0
VERTEX
8
left_upper
10
545.899
20
-507.936
30
0.0
0
VERTEX
8
left_upper
10
546.719
20
-508.454
30
0.0
0
VERTEX
8
left_upper
10
547.546
20
-508.969
30
0.0
0
VERTEX
8
left_upper
10
548.378
20
-509.480
30
0.0
0
VERTEX
8
left_upper
10
549.217
20
-509.988
30
0.0
0
VERTEX
8
left_upper
10
550.062
20
-510.493
30
0.0
0
VERTEX
8
left_upper
10
550.912
20
-510.994
30
0.0
0
VERTEX
8
left_upper
10
551.768
20
-511.491
30
0.0
0
VERTEX
8
left_upper
10
552.629
20
-511.986
30
0.0
0
VERTEX
8
left_upper
10
553.496
20
-512.477
30
0.0
0
VERTEX
8
left_upper
10
554.369
20
-512.964
30
0.0
0
VERTEX
8
left_upper
10
555.247
20
-513.449
30
0.0
0
VERTEX
8
left_upper
10
556.130
20
-513.930
30
0.0
0
VERTEX
8
left_upper
10
557.018
20
-514.407
30
0.0
0
VERTEX
8
left_upper
10
557.911
20
-514.882
30
0.0
0
VERTEX
8
left_upper
10
558.809
20
-515.353
30
0.0
0
VERTEX
8
left_upper
10
559.711
20
-515.820
30
0.0
0
VERTEX
8
left_upper
10
560.619
20
-516.285
30
0.0
0
VERTEX
8
left_upper
10
561.531
20
-516.746
30
0.0
0
VERTEX
8
left_upper
10
562.448
20
-517.204
30
0.0
0
VERTEX
8
left_upper
10
563.369
20
-517.659
30
0.0
0
VERTEX
8
left_upper
10
564.294
20
-518.111
30
0.0
0
VERTEX
8
left_upper
10
565.223
20
-518.559
30
0.0
0
VERTEX
8
left_upper
10
566.157
20
-519.004
30
0.0
0
VERTEX
8
left_upper
10
567.095
20
-519.446
30
0.0
0
VERTEX
8
left_upper
10
568.036
20
-519.885
30
0.0
0
VERTEX
8
left_upper
10
568.982
20
-520.321
30
0.0
0
VERTEX
8
left_upper
10
569.931
20
-520.753
30
0.0
0
VERTEX
8
left_upper
10
570.883
20
-521.183
30
0.0
0
VERTEX
8
left_upper
10
571.840
20
-521.609
30
0.0
0
VERTEX
8
left_upper
10
572.799
20
-522.032
30
0.0
0
VERTEX
8
left_upper
10
573.762
20
-522.453
30
0.0
0
VERTEX
8
left_upper
10
574.728
20
-522.870
30
0.0
0
VERTEX
8
left_upper
10
575.698
20
-523.284
30
0.0
0
VERTEX
8
left_upper
10
576.670
20
-523.695
30
0.0
0
VERTEX
8
left_upper
10
577.645
20
-524.103
30
0.0
0
VERTEX
8
left_upper
10
578.624
20
-524.507
30
0.0
0
VERTEX
8
left_upper
10
579.605
20
-524.909
30
0.0
0
VERTEX
8
left_upper
10
580.588
20
-525.308
30
0.0
0
VERTEX
8
left_upper
10
581.574
20
-525.704
30
0.0
0
VERTEX
8
left_upper
10
582.563
20
-526.097
30
0.0
0
VERTEX
8
left_upper
10
583.554
20
-526.487
30
0.0
0
VERTEX
8
left_upper
10
584.547
20
-526.874
30
0.0
0
VERTEX
8
left_upper
10
585.542
20
-527.258
30
0.0
0
VERTEX
8
left_upper
10
586.539
20
-527.639
30
0.0
0
VERTEX
8
left_upper
10
587.538
20
-528.017
30
0.0
0
VERTEX
8
left_upper
10
588.540
20
-528.393
30
0.0
0
VERTEX
8
left_upper
10
589.542
20
-528.765
30
0.0
0
VERTEX
8
left_upper
10
590.547
20
-529.135
30
0.0
0
VERTEX
8
left_upper
10
591.553
20
-529.501
30
0.0
0
VERTEX
8
left_upper
10
592.560
20
-529.865
30
0.0
0
VERTEX
8
left_upper
10
593.569
20
-530.226
30
0.0
0
VERTEX
8
left_upper
10
594.580
20
-530.584
30
0.0
0
VERTEX
8
left_upper
10
595.591
20
-530.940
30
0.0
0
VERTEX
8
left_upper
10
596.603
20
-531.292
30
0.0
0
VERTEX
8
left_upper
10
597.617
20
-531.642
30
0.0
0
VERTEX
8
left_upper
10
598.631
20
-531.989
30
0.0
0
VERTEX
8
left_upper
10
599.646
20
-532.333
30
0.0
0
VERTEX
8
left_upper
10
600.661
20
-532.674
30
0.0
0
VERTEX
8
left_upper
10
601.678
20
-533.013
30
0.0
0
VERTEX
8
left_upper
10
602.694
20
-533.349
30
0.0
0
VERTEX
8
left_upper
10
603.711
20
-533.682
30
0.0
0
VERTEX
8
left_upper
10
604.729
20
-534.013
30
0.0
0
VERTEX
8
left_upper
10
605.746
20
-534.341
30
0.0
0
VERTEX
8
left_upper
10
606.764
20
-534.666
30
0.0
0
VERTEX
8
left_upper
10
607.782
20
-534.988
30
0.0
0
VERTEX
8
left_upper
10
608.799
20
-535.308
30
0.0
0
VERTEX
8
left_upper
10
609.816
20
-535.625
30
0.0
0
VERTEX
8
left_upper
10
610.833
20
-535.940
30
0.0
0
VERTEX
8
left_upper
10
611.850
20
-536.252
30
0.0
0
VERTEX
8
left_upper
10
612.866
20
-536.561
30
0.0
0
VERTEX
8
left_upper
10
613.881
20
-536.868
30
0.0
0
VERTEX
8
left_upper
10
614.896
20
-537.172
30
0.0
0
VERTEX
8
left_upper
10
615.910
20
-537.474
30
0.0
0
VERTEX
8
left_upper
10
616.923
20
-537.773
30
0.0
0
VERTEX
8
left_upper
10
617.935
20
-538.069
30
0.0
0
VERTEX
8
left_upper
10
618.946
20
-538.363
30
0.0
0
VERTEX
8
left_upper
10
619.956
20
-538.655
30
0.0
0
VERTEX
8
left_upper
10
620.964
20
-538.944
30
0.0
0
VERTEX
8
left_upper
10
621.971
20
-539.230
30
0.0
0
VERTEX
8
left_upper
10
622.977
20
-539.514
30
0.0
0
VERTEX
8
left_upper
10
623.981
20
-539.795
30
0.0
0
VERTEX
8
left_upper
10
624.983
20
-540.074
30
0.0
0
VERTEX
8
left_upper
10
625.983
20
-540.351
30
0.0
0
VERTEX
8
left_upper
10
626.982
20
-540.625
30
0.0
0
VERTEX
8
left_upper
10
627.979
20
-540.897
30
0.0
0
VERTEX
8
left_upper
10
628.973
20
-541.166
30
0.0
0
VERTEX
8
left_upper
10
629.966
20
-541.433
30
0.0
0
VERTEX
8
left_upper
10
630.956
20
-541.698
30
0.0
0
VERTEX
8
left_upper
10
631.943
20
-541.960
30
0.0
0
VERTEX
8
left_upper
10
632.929
20
-542.220
30
0.0
0
VERTEX
8
left_upper
10
633.911
20
-542.477
30
0.0
0
VERTEX
8
left_upper
10
634.891
20
-542.732
30
0.0
0
VERTEX
8
left_upper
10
635.868
20
-542.985
30
0.0
0
VERTEX
8
left_upper
10
636.843
20
-543.236
30
0.0
0
VERTEX
8
left_upper
10
637.814
20
-543.484
30
0.0
0
VERTEX
8
left_upper
10
638.782
20
-543.730
30
0.0
0
VERTEX
8
left_upper
10
639.748
20
-543.973
30
0.0
0
VERTEX
8
left_upper
10
640.709
20
-544.215
30
0.0
0
VERTEX
8
left_upper
10
641.668
20
-544.454
30
0.0
0
VERTEX
8
left_upper
10
642.623
20
-544.691
30
0.0
0
VERTEX
8
left_upper
10
643.575
20
-544.925
30
0.0
0
VERTEX
8
left_upper
10
644.522
20
-545.158
30
0.0
0
VERTEX
8
left_upper
10
645.467
20
-545.388
30
0.0
0
VERTEX
8
left_upper
10
646.407
20
-545.616
30
0.0
0
VERTEX
8
left_upper
10
647.343
20
-545.842
30
0.0
0
VERTEX
8
left_upper
10
648.275
20
-546.066
30
0.0
0
VERTEX
8
left_upper
10
649.203
20
-546.288
30
0.0
0
VERTEX
8
left_upper
10
650.128
20
-546.507
30
0.0
0
VERTEX
8
left_upper
10
651.048
20
-546.725
30
0.0
0
VERTEX
8
left_upper
10
651.964
20
-546.941
30
0.0
0
VERTEX
8
left_upper
10
652.877
20
-547.156
30
0.0
0
VERTEX
8
left_upper
10
653.786
20
-547.369
30
0.0
0
VERTEX
8
left_upper
10
654.692
20
-547.580
30
0.0
0
VERTEX
8
left_upper
10
655.594
20
-547.791
30
0.0
0
VERTEX
8
left_upper
10
656.493
20
-548.000
30
0.0
0
VERTEX
8
left_upper
10
657.389
20
-548.208
30
0.0
0
VERTEX
8
left_upper
10
658.281
20
-548.416
30
0.0
0
VERTEX
8
left_upper
10
659.171
20
-548.623
30
0.0
0
VERTEX
8
left_upper
10
660.058
20
-548.829
30
0.0
0
VERTEX
8
left_upper
10
660.941
20
-549.035
30
0.0
0
VERTEX
8
left_upper
10
661.822
20
-549.240
30
0.0
0
VERTEX
8
left_upper
10
662.701
20
-549.446
30
0.0
0
VERTEX
8
left_upper
10
663.577
20
-549.651
30
0.0
0
VERTEX
8
left_upper
10
664.450
20
-549.856
30
0.0
0
VERTEX
8
left_upper
10
665.321
20
-550.062
30
0.0
0
VERTEX
8
left_upper
10
666.190
20
-550.268
30
0.0
0
VERTEX
8
left_upper
10
667.056
20
-550.474
30
0.0
0
VERTEX
8
left_upper
10
667.921
20
-550.681
30
0.0
0
VERTEX
8
left_upper
10
668.783
20
-550.888
30
0.0
0
VERTEX
8
left_upper
10
669.644
20
-551.097
30
0.0
0
VERTEX
8
left_upper
10
670.503
20
-551.306
30
0.0
0
VERTEX
8
left_upper
10
671.360
20
-551.516
30
0.0
0
VERTEX
8
left_upper
10
672.216
20
-551.728
30
0.0
0
VERTEX
8
left_upper
10
673.070
20
-551.941
30
0.0
0
VERTEX
8
left_upper
10
673.923
20
-552.155
30
0.0
0
VERTEX
8
left_upper
10
674.774
20
-552.371
30
0.0
0
VERTEX
8
left_upper
10
675.624
20
-552.589
30
0.0
0
VERTEX
8
left_upper
10
676.474
20
-552.809
30
0.0
0
VERTEX
8
left_upper
10
677.322
20
-553.030
30
0.0
0
VERTEX
8
left_upper
10
678.169
20
-553.254
30
0.0
0
VERTEX
8
left_upper
10
679.015
20
-553.480
30
0.0
0
VERTEX
8
left_upper
10
679.861
20
-553.708
30
0.0
0
VERTEX
8
left_upper
10
680.706
20
-553.939
30
0.0
0
VERTEX
8
left_upper
10
681.551
20
-554.172
30
0.0
0
VERTEX
8
left_upper
10
682.395
20
-554.409
30
0.0
0
VERTEX
8
left_upper
10
683.239
20
-554.648
30
0.0
0
VERTEX
8
left_upper
10
684.082
20
-554.890
30
0.0
0
VERTEX
8
left_upper
10
684.926
20
-555.135
30
0.0
0
VERTEX
8
left_upper
10
685.769
20
-555.383
30
0.0
0
VERTEX
8
left_upper
10
686.612
20
-555.635
30
0.0
0
VERTEX
8
left_upper
10
687.456
20
-555.891
30
0.0
0
VERTEX
8
left_upper
10
688.300
20
-556.150
30
0.0
0
VERTEX
8
left_upper
10
689.144
20
-556.412
30
0.0
0
VERTEX
8
left_upper
10
689.988
20
-556.679
30
0.0
0
VERTEX
8
left_upper
10
690.834
20
-556.950
30
0.0
0
VERTEX
8
left_upper
10
691.679
20
-557.225
30
0.0
0
VERTEX
8
left_upper
10
692.526
20
-557.504
30
0.0
0
VERTEX
8
left_upper
10
693.373
20
-557.787
30
0.0
0
VERTEX
8
left_upper
10
694.221
20
-558.076
30
0.0
0
VERTEX
8
left_upper
10
695.070
20
-558.368
30
0.0
0
VERTEX
8
left_upper
10
695.920
20
-558.666
30
0.0
0
VERTEX
8
left_upper
10
696.771
20
-558.968
30
0.0
0
VERTEX
8
left_upper
10
697.622
20
-559.275
30
0.0
0
VERTEX
8
left_upper
10
698.473
20
-559.587
30
0.0
0
VERTEX
8
left_upper
10
699.324
20
-559.904
30
0.0
0
VERTEX
8
left_upper
10
700.175
20
-560.226
30
0.0
0
VERTEX
8
left_upper
10
701.026
20
-560.553
30
0.0
0
VERTEX
8
left_upper
10
701.877
20
-560.885
30
0.0
0
VERTEX
8
left_upper
10
702.727
20
-561.222
30
0.0
0
VERTEX
8
left_upper
10
703.576
20
-561.564
30
0.0
0
VERTEX
8
left_upper
10
704.424
20
-561.912
30
0.0
0
VERTEX
8
left_upper
10
705.271
20
-562.265
30
0.0
0
VERTEX
8
left_upper
10
706.117
20
-562.623
30
0.0
0
VERTEX
8
left_upper
10
706.961
20
-562.987
30
0.0
0
VERTEX
8
left_upper
10
707.804
20
-563.356
30
0.0
0
VERTEX
8
left_upper
10
708.644
20
-563.731
30
0.0
0
VERTEX
8
left_upper
10
709.483
20
-564.111
30
0.0
0
VERTEX
8
left_upper
10
710.320
20
-564.497
30
0.0
0
VERTEX
8
left_upper
10
711.154
20
-564.888
30
0.0
0
VERTEX
8
left_upper
10
711.986
20
-565.286
30
0.0
0
VERTEX
8
left_upper
10
712.815
20
-565.689
30
0.0
0
VERTEX
8
left_upper
10
713.641
20
-566.098
30
0.0
0
VERTEX
8
left_upper
10
714.464
20
-566.513
30
0.0
0
VERTEX
8
left_upper
10
715.284
20
-566.934
30
0.0
0
VERTEX
8
left_upper
10
716.101
20
-567.361
30
0.0
0
VERTEX
8
left_upper
10
716.914
20
-567.794
30
0.0
0
VERTEX
8
left_upper
10
717.723
20
-568.234
30
0.0
0
VERTEX
8
left_upper
10
718.529
20
-568.679
30
0.0
0
VERTEX
8
left_upper
10
719.330
20
-569.131
30
0.0
0
VERTEX
8
left_upper
10
720.127
20
-569.589
30
0.0
0
VERTEX
8
left_upper
10
720.920
20
-570.053
30
0.0
0
VERTEX
8
left_upper
10
721.708
20
-570.524
30
0.0
0
VERTEX
8
left_upper
10
722.492
20
-571.001
30
0.0
0
VERTEX
8
left_upper
10
723.270
20
-571.485
30
0.0
0
VERTEX
8
left_upper
10
724.044
20
-571.976
30
0.0
0
VERTEX
8
left_upper
10
724.812
20
-572.473
30
0.0
0
VERTEX
8
left_upper
10
725.575
20
-572.977
30
0.0
0
VERTEX
8
left_upper
10
726.332
20
-573.487
30
0.0
0
VERTEX
8
left_upper
10
727.083
20
-574.004
30
0.0
0
VERTEX
8
left_upper
10
727.828
20
-574.529
30
0.0
0
VERTEX
8
left_upper
10
728.568
20
-575.060
30
0.0
0
VERTEX
8
left_upper
10
729.300
20
-575.598
30
0.0
0
VERTEX
8
left_upper
10
730.027
20
-576.143
30
0.0
0
VERTEX
8
left_upper
10
730.747
20
-576.695
30
0.0
0
VERTEX
8
left_upper
10
731.460
20
-577.254
30
0.0
0
VERTEX
8
left_upper
10
732.166
20
-577.821
30
0.0
0
VERTEX
8
left_upper
10
732.864
20
-578.395
30
0.0
0
VERTEX
8
left_upper
10
733.556
20
-578.976
30
0.0
0
VERTEX
8
left_upper
10
734.240
20
-579.564
30
0.0
0
VERTEX
8
left_upper
10
734.916
20
-580.160
30
0.0
0
VERTEX
8
left_upper
10
735.584
20
-580.763
30
0.0
0
VERTEX
8
left_upper
10
736.244
20
-581.374
30
0.0
0
VERTEX
8
left_upper
10
736.897
20
-581.993
30
0.0
0
VERTEX
8
left_upper
10
737.540
20
-582.619
30
0.0
0
VERTEX
8
left_upper
10
738.175
20
-583.252
30
0.0
0
VERTEX
8
left_upper
10
738.802
20
-583.894
30
0.0
0
VERTEX
8
left_upper
10
739.419
20
-584.543
30
0.0
0
VERTEX
8
left_upper
10
740.028
20
-585.200
30
0.0
0
VERTEX
8
left_upper
10
740.627
20
-585.865
30
0.0
0
VERTEX
8
left_upper
10
741.217
20
-586.539
30
0.0
0
VERTEX
8
left_upper
10
741.797
20
-587.220
30
0.0
0
VERTEX
8
left_upper
10
742.368
20
-587.909
30
0.0
0
VERTEX
8
left_upper
10
742.928
20
-588.606
30
0.0
0
VERTEX
8
left_upper
10
743.479
20
-589.312
30
0.0
0
VERTEX
8
left_upper
10
744.019
20
-590.025
30
0.0
0
VERTEX
8
left_upper
10
744.549
20
-590.747
30
0.0
0
VERTEX
8
left_upper
10
745.068
20
-591.477
30
0.0
0
VERTEX
8
left_upper
10
745.577
20
-592.215
30
0.0
0
VERTEX
8
left_upper
10
746.075
20
-592.961
30
0.0
0
VERTEX
8
left_upper
10
746.562
20
-593.715
30
0.0
0
VERTEX
8
left_upper
10
747.040
20
-594.476
30
0.0
0
VERTEX
8
left_upper
10
747.506
20
-595.244
30
0.0
0
VERTEX
8
left_upper
10
747.962
20
-596.019
30
0.0
0
VERTEX
8
left_upper
10
748.407
20
-596.801
30
0.0
0
VERTEX
8
left_upper
10
748.842
20
-597.590
30
0.0
0
VERTEX
8
left_upper
10
749.266
20
-598.386
30
0.0
0
VERTEX
8
left_upper
10
749.679
20
-599.188
30
0.0
0
VERTEX
8
left_upper
10
750.081
20
-599.996
30
0.0
0
VERTEX
8
left_upper
10
750.473
20
-600.810
30
0.0
0
VERTEX
8
left_upper
10
750.853
20
-601.630
30
0.0
0
VERTEX
8
left_upper
10
751.223
20
-602.456
30
0.0
0
VERTEX
8
left_upper
10
751.582
20
-603.288
30
0.0
0
VERTEX
8
left_upper
10
751.930
20
-604.125
30
0.0
0
VERTEX
8
left_upper
10
752.268
20
-604.967
30
0.0
0
VERTEX
8
left_upper
10
752.594
20
-605.814
30
0.0
0
VERTEX
8
left_upper
10
752.909
20
-606.666
30
0.0
0
VERTEX
8
left_upper
10
753.214
20
-607.523
30
0.0
0
VERTEX
8
left_upper
10
753.507
20
-608.385
30
0.0
0
VERTEX
8
left_upper
10
753.789
20
-609.251
30
0.0
0
VERTEX
8
left_upper
10
754.061
20
-610.121
30
0.0
0
VERTEX
8
left_upper
10
754.321
20
-610.995
30
0.0
0
VERTEX
8
left_upper
10
754.570
20
-611.873
30
0.0
0
VERTEX
8
left_upper
10
754.808
20
-612.754
30
0.0
0
VERTEX
8
left_upper
10
755.035
20
-613.639
30
0.0
0
VERTEX
8
left_upper
10
755.250
20
-614.528
30
0.0
0
VERTEX
8
left_upper
10
755.454
20
-615.420
30
0.0
0
VERTEX
8
left_upper
10
755.647
20
-616.314
30
0.0
0
VERTEX
8
left_upper
10
755.829
20
-617.212
30
0.0
0
VERTEX
8
left_upper
10
756.000
20
-618.112
30
0.0
0
VERTEX
8
left_upper
10
756.159
20
-619.015
30
0.0
0
VERTEX
8
left_upper
10
756.307
20
-619.920
30
0.0
0
VERTEX
8
left_upper
10
756.443
20
-620.827
30
0.0
0
VERTEX
8
left_upper
10
756.568
20
-621.737
30
0.0
0
VERTEX
8
left_upper
10
756.682
20
-622.648
30
0.0
0
VERTEX
8
left_upper
10
756.784
20
-623.561
30
0.0
0
VERTEX
8
left_upper
10
756.875
20
-624.475
30
0.0
0
VERTEX
8
left_upper
10
756.954
20
-625.391
30
0.0
0
VERTEX
8
left_upper
10
757.021
20
-626.307
30
0.0
0
VERTEX
8
left_upper
10
757.077
20
-627.225
30
0.0
0
VERTEX
8
left_upper
10
757.122
20
-628.144
30
0.0
0
VERTEX
8
left_upper
10
757.155
20
-629.063
30
0.0
0
VERTEX
8
left_upper
10
757.176
20
-629.983
30
0.0
0
VERTEX
8
left_upper
10
757.186
20
-630.903
30
0.0
0
VERTEX
8
left_upper
10
757.184
20
-631.823
30
0.0
0
VERTEX
8
left_upper
10
757.170
20
-632.743
30
0.0
0
VERTEX
8
left_upper
10
757.144
20
-633.663
30
0.0
0
VERTEX
8
left_upper
10
757.107
20
-634.582
30
0.0
0
VERTEX
8
left_upper
10
757.058
20
-635.501
30
0.0
0
VERTEX
8
left_upper
10
756.997
20
-636.420
30
0.0
0
VERTEX
8
left_upper
10
756.924
20
-637.337
30
0.0
0
VERTEX
8
left_upper
10
756.840
20
-638.253
30
0.0
0
VERTEX
8
left_upper
10
756.743
20
-639.169
30
0.0
0
VERTEX
8
left_upper
10
756.635
20
-640.082
30
0.0
0
VERTEX
8
left_upper
10
756.514
20
-640.994
30
0.0
0
VERTEX
8
left_upper
10
756.382
20
-641.905
30
0.0
0
VERTEX
8
left_upper
10
756.237
20
-642.813
30
0.0
0
VERTEX
8
left_upper
10
756.081
20
-643.720
30
0.0
0
VERTEX
8
left_upper
10
755.913
20
-644.624
30
0.0
0
VERTEX
8
left_upper
10
755.732
20
-645.526
30
0.0
0
VERTEX
8
left_upper
10
755.540
20
-646.425
30
0.0
0
VERTEX
8
left_upper
10
755.335
20
-647.321
30
0.0
0
VERTEX
8
left_upper
10
755.118
20
-648.215
30
0.0
0
VERTEX
8
left_upper
10
754.889
20
-649.105
30
0.0
0
VERTEX
8
left_upper
10
754.648
20
-649.992
30
0.0
0
VERTEX
8
left_upper
10
754.394
20
-650.876
30
0.0
0
VERTEX
8
left_upper
10
754.128
20
-651.756
30
0.0
0
VERTEX
8
left_upper
10
753.850
20
-652.633
30
0.0
0
VERTEX
8
left_upper
10
753.560
20
-653.505
30
0.0
0
VERTEX
8
left_upper
10
753.257
20
-654.373
30
0.0
0
VERTEX
8
left_upper
10
752.942
20
-655.237
30
0.0
0
VERTEX
8
left_upper
10
752.615
20
-656.097
30
0.0
0
VERTEX
8
left_upper
10
752.275
20
-656.952
30
0.0
0
VERTEX
8
left_upper
10
751.923
20
-657.802
30
0.0
0
VERTEX
8
left_upper
10
751.558
20
-658.647
30
0.0
0
VERTEX
8
left_upper
10
751.181
20
-659.487
30
0.0
0
VERTEX
8
left_upper
10
750.791
20
-660.322
30
0.0
0
VERTEX
8
left_upper
10
750.389
20
-661.151
30
0.0
0
VERTEX
8
left_upper
10
749.974
20
-661.975
30
0.0
0
VERTEX
8
left_upper
10
749.547
20
-662.792
30
0.0
0
VERTEX
8
left_upper
10
749.107
20
-663.604
30
0.0
0
VERTEX
8
left_upper
10
748.654
20
-664.410
30
0.0
0
VERTEX
8
left_upper
10
748.189
20
-665.209
30
0.0
0
VERTEX
8
left_upper
10
747.711
20
-666.002
30
0.0
0
VERTEX
8
left_upper
10
747.220
20
-666.788
30
0.0
0
VERTEX
8
left_upper
10
746.717
20
-667.568
30
0.0
0
VERTEX
8
left_upper
10
746.201
20
-668.340
30
0.0
0
VERTEX
8
left_upper
10
745.672
20
-669.105
30
0.0
0
VERTEX
8
left_upper
10
745.130
20
-669.863
30
0.0
0
VERTEX
8
left_upper
10
744.575
20
-670.613
30
0.0
0
VERTEX
8
left_upper
10
744.007
20
-671.356
30
0.0
0
VERTEX
8
left_upper
10
743.427
20
-672.091
30
0.0
0
VERTEX
8
left_upper
10
742.833
20
-672.817
30
0.0
0
VERTEX
8
left_upper
10
742.227
20
-673.536
30
0.0
0
VERTEX
8
left_upper
10
741.608
20
-674.246
30
0.0
0
VERTEX
8
left_upper
10
740.975
20
-674.948
30
0.0
0
VERTEX
8
left_upper
10
740.330
20
-675.641
30
0.0
0
VERTEX
8
left_upper
10
739.672
20
-676.325
30
0.0
0
VERTEX
8
left_upper
10
739.000
20
-677.000
30
0.0
0
SEQEND
8
left_upper
0
POLYLINE
8
left_lower
66
1
70
0
10
0.0
20
0.0
30
0.0
0
VERTEX
8
left_lower
10
63.000
20
-507.000
30
0.0
0
VERTEX
8
left_lower
10
63.747
20
-507.708
30
0.0
0
VERTEX
8
left_lower
10
64.499
20
-508.415
30
0.0
0
VERTEX
8
left_lower
10
65.256
20
-509.121
30
0.0
0
VERTEX
8
left_lower
10
66.018
20
-509.826
30
0.0
0
VERTEX
8
left_lower
10
66.784
20
-510.530
30
0.0
0
VERTEX
8
left_lower
10
67.554
20
-511.233
30
0.0
0
VERTEX
8
left_lower
10
68.330
20
-511.935
30
0.0
0
VERTEX
8
left_lower
10
69.109
20
-512.635
30
0.0
0
VERTEX
8
left_lower
10
69.894
20
-513.335
30
0.0
0
VERTEX
8
left_lower
10
70.683
20
-514.033
30
0.0
0
VERTEX
8
left_lower
10
71.476
20
-514.730
30
0.0
0
VERTEX
8
left_lower
10
72.274
20
-515.426
30
0.0
0
VERTEX
8
left_lower
10
73.076
20
-516.120
30
0.0
0
VERTEX
8
left_lower
10
73.882
20
-516.813
30
0.0
0
VERTEX
8
left_lower
10
74.693
20
-517.505
30
0.0
0
VERTEX
8
left_lower
10
75.508
20
-518.194
30
0.0
0
VERTEX
8
left_lower
10
76.327
20
-518.883
30
0.0
0
VERTEX
8
left_lower
10
77.151
20
-519.569
30
0.0
0
VERTEX
8
left_lower
10
77.978
20
-520.254
30
0.0
0
VERTEX
8
left_lower
10
78.810
20
-520.937
30
0.0
0
VERTEX
8
left_lower
10
79.646
20
-521.618
30
0.0
0
VERTEX
8
left_lower
10
80.486
20
-522.298
30
0.0
0
VERTEX
8
left_lower
10
81.331
20
-522.975
30
0.0
0
VERTEX
8
left_lower
10
82.179
20
-523.651
30
0.0
0
VERTEX
8
left_lower
10
83.031
20
-524.324
30
0.0
0
VERTEX
8
left_lower
10
83.887
20
-524.996
30
0.0
0
VERTEX
8
left_lower
10
84.747
20
-525.665
30
0.0
0
VERTEX
8
left_lower
10
85.611
20
-526.332
30
0.0
0
VERTEX
8
left_lower
10
86.479
20
-526.997
30
0.0
0
VERTEX
8
left_lower
10
87.351
20
-527.659
30
0.0
0
VERTEX
8
left_lower
10
88.226
20
-528.320
30
0.0
0
VERTEX
8
left_lower
10
89.106
20
-528.978
30
0.0
0
VERTEX
8
left_lower
10
89.989
20
-529.633
30
0.0
0
VERTEX
8
left_lower
10
90.876
20
-530.286
30
0.0
0
VERTEX
8
left_lower
10
91.766
20
-530.937
30
0.0
0
VERTEX
8
left_lower
10
92.660
20
-531.585
30
0.0
0
VERTEX
8
left_lower
10
93.558
20
-532.230
30
0.0
0
VERTEX
8
left_lower
10
94.459
20
-532.872
30
0.0
0
VERTEX
8
left_lower
10
95.364
20
-533.512
30
0.0
0
VERTEX
8
left_lower
10
96.272
20
-534.149
30
0.0
0
VERTEX
8
left_lower
10
97.184
20
-534.784
30
0.0
0
VERTEX
8
left_lower
10
98.100
20
-535.415
30
0.0
0
VERTEX
8
left_lower
10
99.018
20
-536.043
30
0.0
0
VERTEX
8
left_lower
10
99.940
20
-536.669
30
0.0
0
VERTEX
8
left_lower
10
100.866
20
-537.291
30
0.0
0
VERTEX
8
left_lower
10
101.795
20
-537.910
30
0.0
0
VERTEX
8
left_lower
10
102.727
20
-538.526
30
0.0
0
VERTEX
8
left_lower
10
103.662
20
-539.139
30
0.0
0
VERTEX
8
left_lower
10
104.601
20
-539.749
30
0.0
0
VERTEX
8
left_lower
10
105.543
20
-540.355
30
0.0
0
VERTEX
8
left_lower
10
106.488
20
-540.958
30
0.0
0
VERTEX
8
left_lower
10
107.436
20
-541.558
30
0.0
0
VERTEX
8
left_lower
10
108.387
20
-542.154
30
0.0
0
VERTEX
8
left_lower
10
109.341
20
-542.746
30
0.0
0
VERTEX
8
left_lower
10
110.299
20
-543.335
30
0.0
0
VERTEX
8
left_lower
10
111.259
20
-543.921
30
0.0
0
VERTEX
8
left_lower
10
112.222
20
-544.502
30
0.0
0
VERTEX
8
left_lower
10
113.189
20
-545.080
30
0.0
0
VERTEX
8
left_lower
10
114.158
20
-545.655
30
0.0
0
VERTEX
8
left_lower
10
115.130
20
-546.225
30
0.0
0
VERTEX
8
left_lower
10
116.105
20
-546.791
30
0.0
0
VERTEX
8
left_lower
10
117.082
20
-547.354
30
0.0
0
VERTEX
8
left_lower
10
118.063
20
-547.913
30
0.0
0
VERTEX
8
left_lower
10
119.046
20
-548.467
30
0.0
0
VERTEX
8
left_lower
10
120.032
20
-549.018
30
0.0
0
VERTEX
8
left_lower
10
121.021
20
-549.564
30
0.0
0
VERTEX
8
left_lower
10
122.012
20
-550.106
30
0.0
0
VERTEX
8
left_lower
10
123.006
20
-550.644
30
0.0
0
VERTEX
8
left_lower
10
124.003
20
-551.178
30
0.0
0
VERTEX
8
left_lower
10
125.002
20
-551.707
30
0.0
0
VERTEX
8
left_lower
10
126.003
20
-552.232
30
0.0
0
VERTEX
8
left_lower
10
127.007
20
-552.753
30
0.0
0
VERTEX
8
left_lower
10
128.014
20
-553.269
30
0.0
0
VERTEX
8
left_lower
10
129.023
20
-553.781
30
0.0
0
VERTEX
8
left_lower
10
130.034
20
-554.287
30
0.0
0
VERTEX
8
left_lower
10
131.048
20
-554.790
30
0.0
0
VERTEX
8
left_lower
10
132.064
20
-555.287
30
0.0
0
VERTEX
8
left_lower
10
133.082
20
-555.780
30
0.0
0
VERTEX
8
left_lower
10
134.103
20
-556.268
30
0.0
0
VERTEX
8
left_lower
10
135.126
20
-556.751
30
0.0
0
VERTEX
8
left_lower
10
136.151
20
-557.229
30
0.0
0
VERTEX
8
left_lower
10
137.178
20
-557.703
30
0.0
0
VERTEX
8
left_lower
10
138.208
20
-558.171
30
0.0
0
VERTEX
8
left_lower
10
139.239
20
-558.634
30
0.0
0
VERTEX
8
left_lower
10
140.273
20
-559.092
30
0.0
0
VERTEX
8
left_lower
10
141.309
20
-559.545
30
0.0
0
VERTEX
8
left_lower
10
142.346
20
-559.993
30
0.0
0
VERTEX
8
left_lower
10
143.386
20
-560.435
30
0.0
0
VERTEX
8
left_lower
10
144.427
20
-560.873
30
0.0
0
VERTEX
8
left_lower
10
145.471
20
-561.304
30
0.0
0
VERTEX
8
left_lower
10
146.516
20
-561.731
30
0.0
0
VERTEX
8
left_lower
10
147.564
20
-562.152
30
0.0
0
VERTEX
8
left_lower
10
148.613
20
-562.567
30
0.0
0
VERTEX
8
left_lower
10
149.664
20
-562.977
30
0.0
0
VERTEX
8
left_lower
10
150.716
20
-563.381
30
0.0
0
VERTEX
8
left_lower
10
151.770
20
-563.779
30
0.0
0
VERTEX
8
left_lower
10
152.826
20
-564.172
30
0.0
0
VERTEX
8
left_lower
10
153.884
20
-564.559
30
0.0
0
VERTEX
8
left_lower
10
154.944
20
-564.940
30
0.0
0
VERTEX
8
left_lower
10
156.004
20
-565.316
30
0.0
0
VERTEX
8
left_lower
10
157.067
20
-565.685
30
0.0
0
VERTEX
8
left_lower
10
158.131
20
-566.048
30
0.0
0
VERTEX
8
left_lower
10
159.196
20
-566.406
30
0.0
0
VERTEX
8
left_lower
10
160.263
20
-566.757
30
0.0
0
VERTEX
8
left_lower
10
161.332
20
-567.102
30
0.0
0
VERTEX
8
left_lower
10
162.402
20
-567.441
30
0.0
0
VERTEX
8
left_lower
10
163.473
20
-567.773
30
0.0
0
VERTEX
8
left_lower
10
164.545
20
-568.100
30
0.0
0
VERTEX
8
left_lower
10
165.619
20
-568.420
30
0.0
0
VERTEX
8
left_lower
10
166.694
20
-568.733
30
0.0
0
VERTEX
8
left_lower
10
167.771
20
-569.041
30
0.0
0
VERTEX
8
left_lower
10
168.848
20
-569.341
30
0.0
0
VERTEX
8
left_lower
10
169.927
20
-569.635
30
0.0
0
VERTEX
8
left_lower
10
171.007
20
-569.923
30
0.0
0
VERTEX
8
left_lower
10
172.088
20
-570.204
30
0.0
0
VERTEX
8
left_lower
10
173.170
20
-570.478
30
0.0
0
VERTEX
8
left_lower
10
174.253
20
-570.745
30
0.0
0
VERTEX
8
left_lower
10
175.337
20
-571.006
30
0.0
0
VERTEX
8
left_lower
10
176.422
20
-571.259
30
0.0
0
VERTEX
8
left_lower
10
177.509
20
-571.506
30
0.0
0
VERTEX
8
left_lower
10
178.596
20
-571.746
30
0.0
0
VERTEX
8
left_lower
10
179.683
20
-571.979
30
0.0
0
VERTEX
8
left_lower
10
180.772
20
-572.204
30
0.0
0
VERTEX
8
left_lower
10
181.862
20
-572.423
30
0.0
0
VERTEX
8
left_lower
10
182.952
20
-572.634
30
0.0
0
VERTEX
8
left_lower
10
184.043
20
-572.838
30
0.0
0
VERTEX
8
left_lower
10
185.135
20
-573.035
30
0.0
0
VERTEX
8
left_lower
10
186.228
20
-573.225
30
0.0
0
VERTEX
8
left_lower
10
187.321
20
-573.407
30
0.0
0
VERTEX
8
left_lower
10
188.415
20
-573.582
30
0.0
0
VERTEX
8
left_lower
10
189.510
20
-573.749
30
0.0
0
VERTEX
8
left_lower
10
190.605
20
-573.909
30
0.0
0
VERTEX
8
left_lower
10
191.700
20
-574.061
30
0.0
0
VERTEX
8
left_lower
10
192.796
20
-574.206
30
0.0
0
VERTEX
8
left_lower
10
193.893
20
-574.343
30
0.0
0
VERTEX
8
left_lower
10
194.990
20
-574.472
30
0.0
0
VERTEX
8
left_lower
10
196.087
20
-574.593
30
0.0
0
VERTEX
8
left_lower
10
197.185
20
-574.707
30
0.0
0
VERTEX
8
left_lower
10
198.283
20
-574.812
30
0.0
0
VERTEX
8
left_lower
10
199.382
20
-574.910
30
0.0
0
VERTEX
8
left_lower
10
200.481
20
-574.999
30
0.0
0
VERTEX
8
left_lower
10
201.580
20
-575.081
30
0.0
0
VERTEX
8
left_lower
10
202.679
20
-575.155
30
0.0
0
VERTEX
8
left_lower
10
203.778
20
-575.220
30
0.0
0
VERTEX
8
left_lower
10
204.878
20
-575.277
30
0.0
0
VERTEX
8
left_lower
10
205.977
20
-575.326
30
0.0
0
VERTEX
8
left_lower
10
207.077
20
-575.366
30
0.0
0
VERTEX
8
left_lower
10
208.177
20
-575.399
30
0.0
0
VERTEX
8
left_lower
10
209.277
20
-575.422
30
0.0
0
VERTEX
8
left_lower
10
210.377
20
-575.438
30
0.0
0
VERTEX
8
left_lower
10
211.476
20
-575.445
30
0.0
0
VERTEX
8
left_lower
10
212.576
20
-575.443
30
0.0
0
VERTEX
8
left_lower
10
213.676
20
-575.433
30
0.0
0
VERTEX
8
left_lower
10
214.775
20
-575.414
30
0.0
0
VERTEX
8
left_lower
10
215.875
20
-575.386
30
0.0
0
VERTEX
8
left_lower
10
216.974
20
-575.349
30
0.0
0
VERTEX
8
left_lower
10
218.073
20
-575.304
30
0.0
0
VERTEX
8
left_lower
10
219.171
20
-575.250
30
0.0
0
VERTEX
8
left_lower
10
220.270
20
-575.187
30
0.0
0
VERTEX
8
left_lower
10
221.368
20
-575.115
30
0.0
0
VERTEX
8
left_lower
10
222.465
20
-575.033
30
0.0
0
VERTEX
8
left_lower
10
223.562
20
-574.943
30
0.0
0
VERTEX
8
left_lower
10
224.659
20
-574.844
30
0.0
0
VERTEX
8
left_lower
10
225.756
20
-574.735
30
0.0
0
VERTEX
8
left_lower
10
226.852
20
-574.618
30
0.0
0
VERTEX
8
left_lower
10
227.947
20
-574.491
30
0.0
0
VERTEX
8
left_lower
10
229.042
20
-574.354
30
0.0
0
VERTEX
8
left_lower
10
230.136
20
-574.208
30
0.0
0
VERTEX
8
left_lower
10
231.230
20
-574.053
30
0.0
0
VERTEX
8
left_lower
10
232.323
20
-573.888
30
0.0
0
VERTEX
8
left_lower
10
233.415
20
-573.714
30
0.0
0
VERTEX
8
left_lower
10
234.506
20
-573.530
30
0.0
0
VERTEX
8
left_lower
10
235.597
20
-573.337
30
0.0
0
VERTEX
8
left_lower
10
236.687
20
-573.134
30
0.0
0
VERTEX
8
left_lower
10
237.777
20
-572.921
30
0.0
0
VERTEX
8
left_lower
10
238.865
20
-572.698
30
0.0
0
VERTEX
8
left_lower
10
239.952
20
-572.465
30
0.0
0
VERTEX
8
left_lower
10
241.039
20
-572.223
30
0.0
0
VERTEX
8
left_lower
10
242.125
20
-571.970
30
0.0
0
VERTEX
8
left_lower
10
243.209
20
-571.708
30
0.0
0
VERTEX
8
left_lower
10
244.293
20
-571.435
30
0.0
0
VERTEX
8
left_lower
10
245.374
20
-571.153
30
0.0
0
VERTEX
8
left_lower
10
246.454
20
-570.859
30
0.0
0
VERTEX
8
left_lower
10
247.532
20
-570.556
30
0.0
0
VERTEX
8
left_lower
10
248.606
20
-570.242
30
0.0
0
VERTEX
8
left_lower
10
249.678
20
-569.917
30
0.0
0
VERTEX
8
left_lower
10
250.747
20
-569.582
30
0.0
0
VERTEX
8
left_lower
10
251.812
20
-569.236
30
0.0
0
VERTEX
8
left_lower
10
252.874
20
-568.879
30
0.0
0
VERTEX
8
left_lower
10
253.931
20
-568.511
30
0.0
0
VERTEX
8
left_lower
10
254.983
20
-568.132
30
0.0
0
VERTEX
8
left_lower
10
256.031
20
-567.742
30
0.0
0
VERTEX
8
left_lower
10
257.074
20
-567.340
30
0.0
0
VERTEX
8
left_lower
10
258.111
20
-566.927
30
0.0
0
VERTEX
8
left_lower
10
259.142
20
-566.503
30
0.0
0
VERTEX
8
left_lower
10
260.167
20
-566.067
30
0.0
0
VERTEX
8
left_lower
10
261.186
20
-565.619
30
0.0
0
VERTEX
8
left_lower
10
262.198
20
-565.160
30
0.0
0
VERTEX
8
left_lower
10
263.203
20
-564.688
30
0.0
0
VERTEX
8
left_lower
10
264.201
20
-564.205
30
0.0
0
VERTEX
8
left_lower
10
265.191
20
-563.710
30
0.0
0
VERTEX
8
left_lower
10
266.173
20
-563.202
30
0.0
0
VERTEX
8
left_lower
10
267.147
20
-562.682
30
0.0
0
VERTEX
8
left_lower
10
268.112
20
-562.150
30
0.0
0
VERTEX
8
left_lower
10
269.067
20
-561.606
30
0.0
0
VERTEX
8
left_lower
10
270.014
20
-561.048
30
0.0
0
VERTEX
8
left_lower
10
270.951
20
-560.479
30
0.0
0
VERTEX
8
left_lower
10
271.878
20
-559.896
30
0.0
0
VERTEX
8
left_lower
10
272.795
20
-559.301
30
0.0
0
VERTEX
8
left_lower
10
273.702
20
-558.692
30
0.0
0
VERTEX
8
left_lower
10
274.597
20
-558.071
30
0.0
0
VERTEX
8
left_lower
10
275.481
20
-557.436
30
0.0
0
VERTEX
8
left_lower
10
276.354
20
-556.789
30
0.0
0
VERTEX
8
left_lower
10
277.215
20
-556.127
30
0.0
0
VERTEX
8
left_lower
10
278.064
20
-555.453
30
0.0
0
VERTEX
8
left_lower
10
278.900
20
-554.765
30
0.0
0
VERTEX
8
left_lower
10
279.723
20
-554.063
30
0.0
0
VERTEX
8
left_lower
10
280.534
20
-553.347
30
0.0
0
VERTEX
8
left_lower
10
281.331
20
-552.618
30
0.0
0
VERTEX
8
left_lower
10
282.114
20
-551.875
30
0.0
0
VERTEX
8
left_lower
10
282.883
20
-551.118
30
0.0
0
VERTEX
8
left_lower
10
283.638
20
-550.346
30
0.0
0
VERTEX
8
left_lower
10
284.379
20
-549.561
30
0.0
0
VERTEX
8
left_lower
10
285.106
20
-548.763
30
0.0
0
VERTEX
8
left_lower
10
285.820
20
-547.953
30
0.0
0
VERTEX
8
left_lower
10
286.522
20
-547.130
30
0.0
0
VERTEX
8
left_lower
10
287.213
20
-546.296
30
0.0
0
VERTEX
8
left_lower
10
287.892
20
-545.451
30
0.0
0
VERTEX
8
left_lower
10
288.560
20
-544.595
30
0.0
0
VERTEX
8
left_lower
10
289.218
20
-543.730
30
0.0
0
VERTEX
8
left_lower
10
289.866
20
-542.855
30
0.0
0
VERTEX
8
left_lower
10
290.506
20
-541.972
30
0.0
0
VERTEX
8
left_lower
10
291.136
20
-541.080
30
0.0
0
VERTEX
8
left_lower
10
291.759
20
-540.181
30
0.0
0
VERTEX
8
left_lower
10
292.374
20
-539.275
30
0.0
0
VERTEX
8
left_lower
10
292.982
20
-538.362
30
0.0
0
VERTEX
8
left_lower
10
293.584
20
-537.444
30
0.0
0
VERTEX
8
left_lower
10
294.180
20
-536.519
30
0.0
0
VERTEX
8
left_lower
10
294.771
20
-535.590
30
0.0
0
VERTEX
8
left_lower
10
295.357
20
-534.657
30
0.0
0
VERTEX
8
left_lower
10
295.938
20
-533.720
30
0.0
0
VERTEX
8
left_lower
10
296.516
20
-532.779
30
0.0
0
VERTEX
8
left_lower
10
297.091
20
-531.836
30
0.0
0
VERTEX
8
left_lower
10
297.663
20
-530.891
30
0.0
0
VERTEX
8
left_lower
10
298.233
20
-529.944
30
0.0
0
VERTEX
8
left_lower
10
298.801
20
-528.996
30
0.0
0
VERTEX
8
left_lower
10
299.368
20
-528.048
30
0.0
0
VERTEX
8
left_lower
10
299.935
20
-527.099
30
0.0
0
VERTEX
8
left_lower
10
300.502
20
-526.152
30
0.0
0
VERTEX
8
left_lower
10
301.070
20
-525.205
30
0.0
0
VERTEX
8
left_lower
10
301.639
20
-524.260
30
0.0
0
VERTEX
8
left_lower
10
302.209
20
-523.318
30
0.0
0
VERTEX
8
left_lower
10
302.782
20
-522.378
30
0.0
0
VERTEX
8
left_lower
10
303.358
20
-521.441
30
0.0
0
VERTEX
8
left_lower
10
303.936
20
-520.509
30
0.0
0
VERTEX
8
left_lower
10
304.519
20
-519.580
30
0.0
0
VERTEX
8
left_lower
10
305.106
20
-518.657
30
0.0
0
VERTEX
8
left_lower
10
305.698
20
-517.740
30
0.0
0
VERTEX
8
left_lower
10
306.296
20
-516.828
30
0.0
0
VERTEX
8
left_lower
10
306.899
20
-515.923
30
0.0
0
VERTEX
8
left_lower
10
307.509
20
-515.025
30
0.0
0
VERTEX
8
left_lower
10
308.126
20
-514.136
30
0.0
0
VERTEX
8
left_lower
10
308.751
20
-513.254
30
0.0
0
VERTEX
8
left_lower
10
309.384
20
-512.381
30
0.0
0
VERTEX
8
left_lower
10
310.026
20
-511.518
30
0.0
0
VERTEX
8
left_lower
10
310.677
20
-510.664
30
0.0
0
VERTEX
8
left_lower
10
311.338
20
-509.821
30
0.0
0
VERTEX
8
left_lower
10
312.009
20
-508.989
30
0.0
0
VERTEX
8
left_lower
10
312.691
20
-508.168
30
0.0
0
VERTEX
8
left_lower
10
313.384
20
-507.359
30
0.0
0
VERTEX
8
left_lower
10
314.087
20
-506.562
30
0.0
0
VERTEX
8
left_lower
10
314.801
20
-505.775
30
0.0
0
VERTEX
8
left_lower
10
315.525
20
-504.999
30
0.0
0
VERTEX
8
left_lower
10
316.259
20
-504.234
30
0.0
0
VERTEX
8
left_lower
10
317.003
20
-503.480
30
0.0
0
VERTEX
8
left_lower
10
317.757
20
-502.736
30
0.0
0
VERTEX
8
left_lower
10
318.520
20
-502.003
30
0.0
0
VERTEX
8
left_lower
10
319.294
20
-501.280
30
0.0
0
VERTEX
8
left_lower
10
320.076
20
-500.567
30
0.0
0
VERTEX
8
left_lower
10
320.868
20
-499.864
30
0.0
0
VERTEX
8
left_lower
10
321.669
20
-499.171
30
0.0
0
VERTEX
8
left_lower
10
322.479
20
-498.488
30
0.0
0
VERTEX
8
left_lower
10
323.298
20
-497.814
30
0.0
0
VERTEX
8
left_lower
10
324.125
20
-497.149
30
0.0
0
VERTEX
8
left_lower
10
324.961
20
-496.494
30
0.0
0
VERTEX
8
left_lower
10
325.805
20
-495.848
30
0.0
0
VERTEX
8
left_lower
10
326.658
20
-495.210
30
0.0
0
VERTEX
8
left_lower
10
327.518
20
-494.582
30
0.0
0
VERTEX
8
left_lower
10
328.387
20
-493.962
30
0.0
0
VERTEX
8
left_lower
10
329.263
20
-493.351
30
0.0
0
VERTEX
8
left_lower
10
330.147
20
-492.747
30
0.0
0
VERTEX
8
left_lower
10
331.038
20
-492.153
30
0.0
0
VERTEX
8
left_lower
10
331.937
20
-491.566
30
0.0
0
VERTEX
8
left_lower
10
332.843
20
-490.987
30
0.0
0
VERTEX
8
left_lower
10
333.756
20
-490.415
30
0.0
0
VERTEX
8
left_lower
10
334.676
20
-489.852
30
0.0
0
VERTEX
8
left_lower
10
335.602
20
-489.296
30
0.0
0
VERTEX
8
left_lower
10
336.535
20
-488.747
30
0.0
0
VERTEX
8
left_lower
10
337.475
20
-488.205
30
0.0
0
VERTEX
8
left_lower
10
338.421
20
-487.671
30
0.0
0
VERTEX
8
left_lower
10
339.373
20
-487.143
30
0.0
0
VERTEX
8
left_lower
10
340.331
20
-486.622
30
0.0
0
VERTEX
8
left_lower
10
341.295
20
-486.107
30
0.0
0
VERTEX
8
left_lower
10
342.265
20
-485.599
30
0.0
0
VERTEX
8
left_lower
10
343.240
20
-485.097
30
0.0
0
VERTEX
8
left_lower
10
344.221
20
-484.602
30
0.0
0
VERTEX
8
left_lower
10
345.206
20
-484.112
30
0.0
0
VERTEX
8
left_lower
10
346.197
20
-483.628
30
0.0
0
VERTEX
8
left_lower
10
347.193
20
-483.150
30
0.0
0
VERTEX
8
left_lower
10
348.194
20
-482.678
30
0.0
0
VERTEX
8
left_lower
10
349.200
20
-482.211
30
0.0
0
VERTEX
8
left_lower
10
350.210
20
-481.749
30
0.0
0
VERTEX
8
left_lower
10
351.224
20
-481.292
30
0.0
0
VERTEX
8
left_lower
10
352.243
20
-480.840
30
0.0
0
VERTEX
8
left_lower
10
353.265
20
-480.393
30
0.0
0
VERTEX
8
left_lower
10
354.292
20
-479.951
30
0.0
0
VERTEX
8
left_lower
10
355.322
20
-479.513
30
0.0
0
VERTEX
8
left_lower
10
356.356
20
-479.079
30
0.0
0
VERTEX
8
left_lower
10
357.394
20
-478.650
30
0.0
0
VERTEX
8
left_lower
10
358.435
20
-478.225
30
0.0
0
VERTEX
8
left_lower
10
359.479
20
-477.804
30
0.0
0
VERTEX
8
left_lower
10
360.526
20
-477.386
30
0.0
0
VERTEX
8
left_lower
10
361.576
20
-476.973
30
0.0
0
VERTEX
8
left_lower
10
362.629
20
-476.562
30
0.0
0
VERTEX
8
left_lower
10
363.684
20
-476.155
30
0.0
0
VERTEX
8
left_lower
10
364.742
20
-475.752
30
0.0
0
VERTEX
8
left_lower
10
365.802
20
-475.351
30
0.0
0
VERTEX
8
left_lower
10
366.864
20
-474.953
30
0.0
0
VERTEX
8
left_lower
10
367.929
20
-474.558
30
0.0
0
VERTEX
8
left_lower
10
368.995
20
-474.166
30
0.0
0
VERTEX
8
left_lower
10
370.063
20
-473.776
30
0.0
0
VERTEX
8
left_lower
10
371.132
20
-473.388
30
0.0
0
VERTEX
8
left_lower
10
372.203
20
-473.002
30
0.0
0
VERTEX
8
left_lower
10
373.275
20
-472.619
30
0.0
0
VERTEX
8
left_lower
10
374.349
20
-472.237
30
0.0
0
VERTEX
8
left_lower
10
375.423
20
-471.857
30
0.0
0
VERTEX
8
left_lower
10
376.498
20
-471.479
30
0.0
0
VERTEX
8
left_lower
10
377.574
20
-471.102
30
0.0
0
VERTEX
8
left_lower
10
378.650
20
-470.727
30
0.0
0
VERTEX
8
left_lower
10
379.727
20
-470.352
30
0.0
0
VERTEX
8
left_lower
10
380.804
20
-469.979
30
0.0
0
VERTEX
8
left_lower
10
381.881
20
-469.606
30
0.0
0
VERTEX
8
left_lower
10
382.958
20
-469.234
30
0.0
0
VERTEX
8
left_lower
10
384.035
20
-468.863
30
0.0
0
VERTEX
8
left_lower
10
385.111
20
-468.492
30
0.0
0
VERTEX
8
left_lower
10
386.187
20
-468.121
30
0.0
0
VERTEX
8
left_lower
10
387.262
20
-467.751
30
0.0
0
VERTEX
8
left_lower
10
388.337
20
-467.380
30
0.0
0
VERTEX
8
left_lower
10
389.411
20
-467.009
30
0.0
0
VERTEX
8
left_lower
10
390.483
20
-466.638
30
0.0
0
VERTEX
8
left_lower
10
391.554
20
-466.267
30
0.0
0
VERTEX
8
left_lower
10
392.624
20
-465.894
30
0.0
0
VERTEX
8
left_lower
10
393.693
20
-465.521
30
0.0
0
VERTEX
8
left_lower
10
394.759
20
-465.147
30
0.0
0
VERTEX
8
left_lower
10
395.824
20
-464.772
30
0.0
0
VERTEX
8
left_lower
10
396.887
20
-464.396
30
0.0
0
VERTEX
8
left_lower
10
397.948
20
-464.019
30
0.0
0
VERTEX
8
left_lower
10
399.006
20
-463.640
30
0.0
0
VERTEX
8
left_lower
10
400.063
20
-463.259
30
0.0
0
VERTEX
8
left_lower
10
401.117
20
-462.878
30
0.0
0
VERTEX
8
left_lower
10
402.169
20
-462.495
30
0.0
0
VERTEX
8
left_lower
10
403.219
20
-462.112
30
0.0
0
VERTEX
8
left_lower
10
404.268
20
-461.729
30
0.0
0
VERTEX
8
left_lower
10
405.314
20
-461.345
30
0.0
0
VERTEX
8
left_lower
10
406.359
20
-460.961
30
0.0
0
VERTEX
8
left_lower
10
407.403
20
-460.576
30
0.0
0
VERTEX
8
left_lower
10
408.445
20
-460.193
30
0.0
0
VERTEX
8
left_lower
10
409.486
20
-459.809
30
0.0
0
VERTEX
8
left_lower
10
410.525
20
-459.426
30
0.0
0
VERTEX
8
left_lower
10
411.563
20
-459.045
30
0.0
0
VERTEX
8
left_lower
10
412.600
20
-458.664
30
0.0
0
VERTEX
8
left_lower
10
413.636
20
-458.284
30
0.0
0
VERTEX
8
left_lower
10
414.672
20
-457.906
30
0.0
0
VERTEX
8
left_lower
10
415.706
20
-457.529
30
0.0
0
VERTEX
8
left_lower
10
416.739
20
-457.155
30
0.0
0
VERTEX
8
left_lower
10
417.772
20
-456.782
30
0.0
0
VERTEX
8
left_lower
10
418.805
20
-456.412
30
0.0
0
VERTEX
8
left_lower
10
419.836
20
-456.044
30
0.0
0
VERTEX
8
left_lower
10
420.868
20
-455.678
30
0.0
0
VERTEX
8
left_lower
10
421.899
20
-455.316
30
0.0
0
VERTEX
8
left_lower
10
422.930
20
-454.956
30
0.0
0
VERTEX
8
left_lower
10
423.961
20
-454.600
30
0.0
0
VERTEX
8
left_lower
10
424.992
20
-454.247
30
0.0
0
VERTEX
8
left_lower
10
426.023
20
-453.897
30
0.0
0
VERTEX
8
left_lower
10
427.054
20
-453.552
30
0.0
0
VERTEX
8
left_lower
10
428.085
20
-453.210
30
0.0
0
VERTEX
8
left_lower
10
429.117
20
-452.873
30
0.0
0
VERTEX
8
left_lower
10
430.149
20
-452.540
30
0.0
0
VERTEX
8
left_lower
10
431.181
20
-452.212
30
0.0
0
VERTEX
8
left_lower
10
432.215
20
-451.888
30
0.0
0
VERTEX
8
left_lower
10
433.249
20
-451.570
30
0.0
0
VERTEX
8
left_lower
10
434.283
20
-451.257
30
0.0
0
VERTEX
8
left_lower
10
435.319
20
-450.949
30
0.0
0
VERTEX
8
left_lower
10
436.356
20
-450.646
30
0.0
0
VERTEX
8
left_lower
10
437.393
20
-450.350
30
0.0
0
VERTEX
8
left_lower
10
438.432
20
-450.059
30
0.0
0
VERTEX
8
left_lower
10
439.472
20
-449.775
30
0.0
0
VERTEX
8
left_lower
10
440.513
20
-449.496
30
0.0
0
VERTEX
8
left_lower
10
441.556
20
-449.225
30
0.0
0
VERTEX
8
left_lower
10
442.600
20
-448.960
30
0.0
0
VERTEX
8
left_lower
10
443.646
20
-448.702
30
0.0
0
VERTEX
8
left_lower
10
444.694
20
-448.452
30
0.0
0
VERTEX
8
left_lower
10
445.743
20
-448.209
30
0.0
0
VERTEX
8
left_lower
10
446.795
20
-447.973
30
0.0
0
VERTEX
8
left_lower
10
447.848
20
-447.745
30
0.0
0
VERTEX
8
left_lower
10
448.903
20
-447.525
30
0.0
0
VERTEX
8
left_lower
10
449.961
20
-447.313
30
0.0
0
VERTEX
8
left_lower
10
451.020
20
-447.110
30
0.0
0
VERTEX
8
left_lower
10
452.082
20
-446.915
30
0.0
0
VERTEX
8
left_lower
10
453.147
20
-446.728
30
0.0
0
VERTEX
8
left_lower
10
454.214
20
-446.551
30
0.0
0
VERTEX
8
left_lower
10
455.283
20
-446.383
30
0.0
0
VERTEX
8
left_lower
10
456.356
20
-446.224
30
0.0
0
VERTEX
8
left_lower
10
457.431
20
-446.075
30
0.0
0
VERTEX
8
left_lower
10
458.508
20
-445.935
30
0.0
0
VERTEX
8
left_lower
10
459.589
20
-445.806
30
0.0
0
VERTEX
8
left_lower
10
460.673
20
-445.686
30
0.0
0
VERTEX
8
left_lower
10
461.758
20
-445.576
30
0.0
0
VERTEX
8
left_lower
10
462.847
20
-445.476
30
0.0
0
VERTEX
8
left_lower
10
463.937
20
-445.386
30
0.0
0
VERTEX
8
left_lower
10
465.029
20
-445.305
30
0.0
0
VERTEX
8
left_lower
10
466.124
20
-445.235
30
0.0
0
VERTEX
8
left_lower
10
467.219
20
-445.175
30
0.0
0
VERTEX
8
left_lower
10
468.317
20
-445.125
30
0.0
0
VERTEX
8
left_lower
10
469.415
20
-445.084
30
0.0
0
VERTEX
8
left_lower
10
470.515
20
-445.054
30
0.0
0
VERTEX
8
left_lower
10
471.616
20
-445.034
30
0.0
0
VERTEX
8
left_lower
10
472.717
20
-445.023
30
0.0
0
VERTEX
8
left_lower
10
473.819
20
-445.023
30
0.0
0
VERTEX
8
left_lower
10
474.922
20
-445.033
30
0.0
0
VERTEX
8
left_lower
10
476.025
20
-445.053
30
0.0
0
VERTEX
8
left_lower
10
477.128
20
-445.084
30
0.0
0
VERTEX
8
left_lower
10
478.231
20
-445.124
30
0.0
0
VERTEX
8
left_lower
10
479.334
20
-445.174
30
0.0
0
VERTEX
8
left_lower
10
480.436
20
-445.235
30
0.0
0
VERTEX
8
left_lower
10
481.538
20
-445.306
30
0.0
0
VERTEX
8
left_lower
10
482.639
20
-445.387
30
0.0
0
VERTEX
8
left_lower
10
483.739
20
-445.479
30
0.0
0
VERTEX
8
left_lower
10
484.838
20
-445.580
30
0.0
0
VERTEX
8
left_lower
10
485.936
20
-445.692
30
0.0
0
VERTEX
8
left_lower
10
487.033
20
-445.814
30
0.0
0
VERTEX
8
left_lower
10
488.128
20
-445.947
30
0.0
0
VERTEX
8
left_lower
10
489.221
20
-446.090
30
0.0
0
VERTEX
8
left_lower
10
490.312
20
-446.243
30
0.0
0
VERTEX
8
left_lower
10
491.401
20
-446.407
30
0.0
0
VERTEX
8
left_lower
10
492.488
20
-446.581
30
0.0
0
VERTEX
8
left_lower
10
493.573
20
-446.765
30
0.0
0
VERTEX
8
left_lower
10
494.655
20
-446.960
30
0.0
0
VERTEX
8
left_lower
10
495.734
20
-447.165
30
0.0
0
VERTEX
8
left_lower
10
496.810
20
-447.381
30
0.0
0
VERTEX
8
left_lower
10
497.883
20
-447.607
30
0.0
0
VERTEX
8
left_lower
10
498.953
20
-447.844
30
0.0
0
VERTEX
8
left_lower
10
500.019
20
-448.091
30
0.0
0
VERTEX
8
left_lower
10
501.082
20
-448.348
30
0.0
0
VERTEX
8
left_lower
10
502.141
20
-448.617
30
0.0
0
VERTEX
8
left_lower
10
503.196
20
-448.896
30
0.0
0
VERTEX
8
left_lower
10
504.247
20
-449.185
30
0.0
0
VERTEX
8
left_lower
10
505.293
20
-449.485
30
0.0
0
VERTEX
8
left_lower
10
506.335
20
-449.796
30
0.0
0
VERTEX
8
left_lower
10
507.373
20
-450.117
30
0.0
0
VERTEX
8
left_lower
10
508.406
20
-450.449
30
0.0
0
VERTEX
8
left_lower
10
509.434
20
-450.791
30
0.0
0
VERTEX
8
left_lower
10
510.457
20
-451.144
30
0.0
0
VERTEX
8
left_lower
10
511.476
20
-451.507
30
0.0
0
VERTEX
8
left_lower
10
512.491
20
-451.880
30
0.0
0
VERTEX
8
left_lower
10
513.501
20
-452.263
30
0.0
0
VERTEX
8
left_lower
10
514.506
20
-452.655
30
0.0
0
VERTEX
8
left_lower
10
515.508
20
-453.058
30
0.0
0
VERTEX
8
left_lower
10
516.505
20
-453.470
30
0.0
0
VERTEX
8
left_lower
10
517.498
20
-453.891
30
0.0
0
VERTEX
8
left_lower
10
518.487
20
-454.322
30
0.0
0
VERTEX
8
left_lower
10
519.471
20
-454.761
30
0.0
0
VERTEX
8
left_lower
10
520.452
20
-455.210
30
0.0
0
VERTEX
8
left_lower
10
521.428
20
-455.668
30
0.0
0
VERTEX
8
left_lower
10
522.401
20
-456.134
30
0.0
0
VERTEX
8
left_lower
10
523.370
20
-456.609
30
0.0
0
VERTEX
8
left_lower
10
524.335
20
-457.093
30
0.0
0
VERTEX
8
left_lower
10
525.296
20
-457.584
30
0.0
0
VERTEX
8
left_lower
10
526.254
20
-458.084
30
0.0
0
VERTEX
8
left_lower
10
527.208
20
-458.593
30
0.0
0
VERTEX
8
left_lower
10
528.158
20
-459.109
30
0.0
0
VERTEX
8
left_lower
10
529.105
20
-459.632
30
0.0
0
VERTEX
8
left_lower
10
530.049
20
-460.164
30
0.0
0
VERTEX
8
left_lower
10
530.989
20
-460.703
30
0.0
0
VERTEX
8
left_lower
10
531.926
20
-461.250
30
0.0
0
VERTEX
8
left_lower
10
532.859
20
-461.803
30
0.0
0
VERTEX
8
left_lower
10
533.789
20
-462.364
30
0.0
0
VERTEX
8
left_lower
10
534.716
20
-462.932
30
0.0
0
VERTEX
8
left_lower
10
535.640
20
-463.507
30
0.0
0
VERTEX
8
left_lower
10
536.561
20
-464.089
30
0.0
0
VERTEX
8
left_lower
10
537.479
20
-464.677
30
0.0
0
VERTEX
8
left_lower
10
538.394
20
-465.271
30
0.0
0
VERTEX
8
left_lower
10
539.306
20
-465.872
30
0.0
0
VERTEX
8
left_lower
10
540.215
20
-466.480
30
0.0
0
VERTEX
8
left_lower
10
541.122
20
-467.093
30
0.0
0
VERTEX
8
left_lower
10
542.026
20
-467.712
30
0.0
0
VERTEX
8
left_lower
10
542.927
20
-468.337
30
0.0
0
VERTEX
8
left_lower
10
543.825
20
-468.968
30
0.0
0
VERTEX
8
left_lower
10
544.721
20
-469.604
30
0.0
0
VERTEX
8
left_lower
10
545.615
20
-470.246
30
0.0
0
VERTEX
8
left_lower
10
546.506
20
-470.893
30
0.0
0
VERTEX
8
left_lower
10
547.395
20
-471.545
30
0.0
0
VERTEX
8
left_lower
10
548.281
20
-472.202
30
0.0
0
VERTEX
8
left_lower
10
549.166
20
-472.864
30
0.0
0
VERTEX
8
left_lower
10
550.048
20
-473.531
30
0.0
0
VERTEX
8
left_lower
10
550.927
20
-474.203
30
0.0
0
VERTEX
8
left_lower
10
551.805
20
-474.879
30
0.0
0
VERTEX
8
left_lower
10
552.681
20
-475.559
30
0.0
0
VERTEX
8
left_lower
10
553.555
20
-476.243
30
0.0
0
VERTEX
8
left_lower
10
554.427
20
-476.932
30
0.0
0
VERTEX
8
left_lower
10
555.297
20
-477.624
30
0.0
0
VERTEX
8
left_lower
10
556.165
20
-478.321
30
0.0
0
VERTEX
8
left_lower
10
557.032
20
-479.021
30
0.0
0
VERTEX
8
left_lower
10
557.897
20
-479.724
30
0.0
0
VERTEX
8
left_lower
10
558.760
20
-480.431
30
0.0
0
VERTEX
8
left_lower
10
559.622
20
-481.142
30
0.0
0
VERTEX
8
left_lower
10
560.482
20
-481.855
30
0.0
0
VERTEX
8
left_lower
10
561.341
20
-482.572
30
0.0
0
VERTEX
8
left_lower
10
562.199
20
-483.291
30
0.0
0
VERTEX
8
left_lower
10
563.055
20
-484.013
30
0.0
0
VERTEX
8
left_lower
10
563.910
20
-484.738
30
0.0
0
VERTEX
8
left_lower
10
564.763
20
-485.465
30
0.0
0
VERTEX
8
left_lower
10
565.616
20
-486.195
30
0.0
0
VERTEX
8
left_lower
10
566.467
20
-486.927
30
0.0
0
VERTEX
8
left_lower
10
567.317
20
-487.660
30
0.0
0
VERTEX
8
left_lower
10
568.167
20
-488.396
30
0.0
0
VERTEX
8
left_lower
10
569.015
20
-489.134
30
0.0
0
VERTEX
8
left_lower
10
569.863
20
-489.873
30
0.0
0
VERTEX
8
left_lower
10
570.710
20
-490.614
30
0.0
0
VERTEX
8
left_lower
10
571.556
20
-491.357
30
0.0
0
VERTEX
8
left_lower
10
572.401
20
-492.100
30
0.0
0
VERTEX
8
left_lower
10
573.246
20
-492.845
30
0.0
0
VERTEX
8
left_lower
10
574.090
20
-493.591
30
0.0
0
VERTEX
8
left_lower
10
574.934
20
-494.338
30
0.0
0
VERTEX
8
left_lower
10
575.777
20
-495.085
30
0.0
0
VERTEX
8
left_lower
10
576.620
20
-495.834
30
0.0
0
VERTEX
8
left_lower
10
577.462
20
-496.582
30
0.0
0
VERTEX
8
left_lower
10
578.304
20
-497.331
30
0.0
0
VERTEX
8
left_lower
10
579.146
20
-498.080
30
0.0
0
VERTEX
8
left_lower
10
579.988
20
-498.830
30
0.0
0
VERTEX
8
left_lower
10
580.830
20
-499.579
30
0.0
0
VERTEX
8
left_lower
10
581.671
20
-500.328
30
0.0
0
VERTEX
8
left_lower
10
582.513
20
-501.077
30
0.0
0
VERTEX
8
left_lower
10
583.354
20
-501.825
30
0.0
0
VERTEX
8
left_lower
10
584.196
20
-502.573
30
0.0
0
VERTEX
8
left_lower
10
585.038
20
-503.320
30
0.0
0
VERTEX
8
left_lower
10
585.880
20
-504.067
30
0.0
0
VERTEX
8
left_lower
10
586.723
20
-504.812
30
0.0
0
VERTEX
8
left_lower
10
587.565
20
-505.556
30
0.0
0
VERTEX
8
left_lower
10
588.409
20
-506.299
30
0.0
0
VERTEX
8
left_lower
10
589.252
20
-507.041
30
0.0
0
VERTEX
8
left_lower
10
590.096
20
-507.781
30
0.0
0
VERTEX
8
left_lower
10
590.941
20
-508.519
30
0.0
0
VERTEX
8
left_lower
10
591.787
20
-509.256
30
0.0
0
VERTEX
8
left_lower
10
592.633
20
-509.991
30
0.0
0
VERTEX
8
left_lower
10
593.480
20
-510.724
30
0.0
0
VERTEX
8
left_lower
10
594.327
20
-511.454
30
0.0
0
VERTEX
8
left_lower
10
595.176
20
-512.183
30
0.0
0
VERTEX
8
left_lower
10
596.025
20
-512.908
30
0.0
0
VERTEX
8
left_lower
10
596.876
20
-513.632
30
0.0
0
VERTEX
8
left_lower
10
597.727
20
-514.352
30
0.0
0
VERTEX
8
left_lower
10
598.580
20
-515.070
30
0.0
0
VERTEX
8
left_lower
10
599.433
20
-515.785
30
0.0
0
VERTEX
8
left_lower
10
600.288
20
-516.497
30
0.0
0
VERTEX
8
left_lower
10
601.144
20
-517.205
30
0.0
0
VERTEX
8
left_lower
10
602.002
20
-517.910
30
0.0
0
VERTEX
8
left_lower
10
602.861
20
-518.612
30
0.0
0
VERTEX
8
left_lower
10
603.721
20
-519.310
30
0.0
0
VERTEX
8
left_lower
10
604.583
20
-520.004
30
0.0
0
VERTEX
8
left_lower
10
605.446
20
-520.695
30
0.0
0
VERTEX
8
left_lower
10
606.311
20
-521.381
30
0.0
0
VERTEX
8
left_lower
10
607.178
20
-522.063
30
0.0
0
VERTEX
8
left_lower
10
608.046
20
-522.741
30
0.0
0
VERTEX
8
left_lower
10
608.916
20
-523.415
30
0.0
0
VERTEX
8
left_lower
10
609.788
20
-524.084
30
0.0
0
VERTEX
8
left_lower
10
610.662
20
-524.748
30
0.0
0
VERTEX
8
left_lower
10
611.538
20
-525.407
30
0.0
0
VERTEX
8
left_lower
10
612.416
20
-526.062
30
0.0
0
VERTEX
8
left_lower
10
613.296
20
-526.711
30
0.0
0
VERTEX
8
left_lower
10
614.178
20
-527.355
30
0.0
0
VERTEX
8
left_lower
10
615.062
20
-527.994
30
0.0
0
VERTEX
8
left_lower
10
615.949
20
-528.627
30
0.0
0
VERTEX
8
left_lower
10
616.838
20
-529.255
30
0.0
0
VERTEX
8
left_lower
10
617.729
20
-529.877
30
0.0
0
VERTEX
8
left_lower
10
618.623
20
-530.493
30
0.0
0
VERTEX
8
left_lower
10
619.519
20
-531.103
30
0.0
0
VERTEX
8
left_lower
10
620.417
20
-531.706
30
0.0
0
VERTEX
8
left_lower
10
621.319
20
-532.304
30
0.0
0
VERTEX
8
left_lower
10
622.223
20
-532.895
30
0.0
0
VERTEX
8
left_lower
10
623.129
20
-533.480
30
0.0
0
VERTEX
8
left_lower
10
624.038
20
-534.058
30
0.0
0
VERTEX
8
left_lower
10
624.951
20
-534.629
30
0.0
0
VERTEX
8
left_lower
10
625.866
20
-535.193
30
0.0
0
VERTEX
8
left_lower
10
626.784
20
-535.750
30
0.0
0
VERTEX
8
left_lower
10
627.705
20
-536.300
30
0.0
0
VERTEX
8
left_lower
10
628.629
20
-536.842
30
0.0
0
VERTEX
8
left_lower
10
629.556
20
-537.377
30
0.0
0
VERTEX
8
left_lower
10
630.486
20
-537.904
30
0.0
0
VERTEX
8
left_lower
10
631.420
20
-538.424
30
0.0
0
VERTEX
8
left_lower
10
632.357
20
-538.936
30
0.0
0
VERTEX
8
left_lower
10
633.297
20
-539.439
30
0.0
0
VERTEX
8
left_lower
10
634.240
20
-539.935
30
0.0
0
VERTEX
8
left_lower
10
635.187
20
-540.422
30
0.0
0
VERTEX
8
left_lower
10
636.138
20
-540.901
30
0.0
0
VERTEX
8
left_lower
10
637.092
20
-541.371
30
0.0
0
VERTEX
8
left_lower
10
638.050
20
-541.833
30
0.0
0
VERTEX
8
left_lower
10
639.011
20
-542.286
30
0.0
0
VERTEX
8
left_lower
10
639.976
20
-542.729
30
0.0
0
VERTEX
8
left_lower
10
640.945
20
-543.164
30
0.0
0
VERTEX
8
left_lower
10
641.918
20
-543.590
30
0.0
0
VERTEX
8
left_lower
10
642.895
20
-544.006
30
0.0
0
VERTEX
8
left_lower
10
643.876
20
-544.413
30
0.0
0
VERTEX
8
left_lower
10
644.861
20
-544.810
30
0.0
0
VERTEX
8
left_lower
10
645.849
20
-545.197
30
0.0
0
VERTEX
8
left_lower
10
646.842
20
-545.575
30
0.0
0
VERTEX
8
left_lower
10
647.840
20
-545.942
30
0.0
0
VERTEX
8
left_lower
10
648.841
20
-546.299
30
0.0
0
VERTEX
8
left_lower
10
649.847
20
-546.647
30
0.0
0
VERTEX
8
left_lower
10
650.856
20
-546.985
30
0.0
0
VERTEX
8
left_lower
10
651.870
20
-547.314
30
0.0
0
VERTEX
8
left_lower
10
652.887
20
-547.635
30
0.0
0
VERTEX
8
left_lower
10
653.908
20
-547.948
30
0.0
0
VERTEX
8
left_lower
10
654.933
20
-548.253
30
0.0
0
VERTEX
8
left_lower
10
655.961
20
-548.550
30
0.0
0
VERTEX
8
left_lower
10
656.993
20
-548.841
30
0.0
0
VERTEX
8
left_lower
10
658.027
20
-549.126
30
0.0
0
VERTEX
8
left_lower
10
659.065
20
-549.404
30
0.0
0
VERTEX
8
left_lower
10
660.105
20
-549.678
30
0.0
0
VERTEX
8
left_lower
10
661.149
20
-549.946
30
0.0
0
VERTEX
8
left_lower
10
662.195
20
-550.209
30
0.0
0
VERTEX
8
left_lower
10
663.244
20
-550.468
30
0.0
0
VERTEX
8
left_lower
10
664.295
20
-550.723
30
0.0
0
VERTEX
8
left_lower
10
665.349
20
-550.975
30
0.0
0
VERTEX
8
left_lower
10
666.404
20
-551.224
30
0.0
0
VERTEX
8
left_lower
10
667.462
20
-551.471
30
0.0
0
VERTEX
8
left_lower
10
668.522
20
-551.715
30
0.0
0
VERTEX
8
left_lower
10
669.584
20
-551.958
30
0.0
0
VERTEX
8
left_lower
10
670.647
20
-552.199
30
0.0
0
VERTEX
8
left_lower
10
671.712
20
-552.440
30
0.0
0
VERTEX
8
left_lower
10
672.779
20
-552.681
30
0.0
0
VERTEX
8
left_lower
10
673.846
20
-552.921
30
0.0
0
VERTEX
8
left_lower
10
674.916
20
-553.162
30
0.0
0
VERTEX
8
left_lower
10
675.986
20
-553.404
30
0.0
0
VERTEX
8
left_lower
10
677.057
20
-553.647
30
0.0
0
VERTEX
8
left_lower
10
678.129
20
-553.892
30
0.0
0
VERTEX
8
left_lower
10
679.202
20
-554.139
30
0.0
0
VERTEX
8
left_lower
10
680.276
20
-554.389
30
0.0
0
VERTEX
8
left_lower
10
681.350
20
-554.642
30
0.0
0
VERTEX
8
left_lower
10
682.424
20
-554.898
30
0.0
0
VERTEX
8
left_lower
10
683.499
20
-555.158
30
0.0
0
VERTEX
8
left_lower
10
684.573
20
-555.423
30
0.0
0
VERTEX
8
left_lower
10
685.648
20
-555.692
30
0.0
0
VERTEX
8
left_lower
10
686.723
20
-555.967
30
0.0
0
VERTEX
8
left_lower
10
687.798
20
-556.247
30
0.0
0
VERTEX
8
left_lower
10
688.872
20
-556.534
30
0.0
0
VERTEX
8
left_lower
10
689.945
20
-556.826
30
0.0
0
VERTEX
8
left_lower
10
691.019
20
-557.126
30
0.0
0
VERTEX
8
left_lower
10
692.091
20
-557.433
30
0.0
0
VERTEX
8
left_lower
10
693.163
20
-557.748
30
0.0
0
VERTEX
8
left_lower
10
694.233
20
-558.071
30
0.0
0
VERTEX
8
left_lower
10
695.303
20
-558.403
30
0.0
0
VERTEX
8
left_lower
10
696.371
20
-558.743
30
0.0
0
VERTEX
8
left_lower
10
697.438
20
-559.092
30
0.0
0
VERTEX
8
left_lower
10
698.502
20
-559.450
30
0.0
0
VERTEX
8
left_lower
10
699.565
20
-559.816
30
0.0
0
VERTEX
8
left_lower
10
700.625
20
-560.191
30
0.0
0
VERTEX
8
left_lower
10
701.683
20
-560.576
30
0.0
0
VERTEX
8
left_lower
10
702.738
20
-560.969
30
0.0
0
VERTEX
8
left_lower
10
703.789
20
-561.371
30
0.0
0
VERTEX
8
left_lower
10
704.838
20
-561.782
30
0.0
0
VERTEX
8
left_lower
10
705.882
20
-562.203
30
0.0
0
VERTEX
8
left_lower
10
706.923
20
-562.633
30
0.0
0
VERTEX
8
left_lower
10
707.960
20
-563.071
30
0.0
0
VERTEX
8
left_lower
10
708.992
20
-563.520
30
0.0
0
VERTEX
8
left_lower
10
710.020
20
-563.977
30
0.0
0
VERTEX
8
left_lower
10
711.043
20
-564.445
30
0.0
0
VERTEX
8
left_lower
10
712.061
20
-564.921
30
0.0
0
VERTEX
8
left_lower
10
713.073
20
-565.407
30
0.0
0
VERTEX
8
left_lower
10
714.080
20
-565.903
30
0.0
0
VERTEX
8
left_lower
10
715.081
20
-566.409
30
0.0
0
VERTEX
8
left_lower
10
716.076
20
-566.924
30
0.0
0
VERTEX
8
left_lower
10
717.065
20
-567.449
30
0.0
0
VERTEX
8
left_lower
10
718.046
20
-567.984
30
0.0
0
VERTEX
8
left_lower
10
719.021
20
-568.529
30
0.0
0
VERTEX
8
left_lower
10
719.989
20
-569.083
30
0.0
0
VERTEX
8
left_lower
10
720.950
20
-569.648
30
0.0
0
VERTEX
8
left_lower
10
721.903
20
-570.223
30
0.0
0
VERTEX
8
left_lower
10
722.848
20
-570.808
30
0.0
0
VERTEX
8
left_lower
10
723.785
20
-571.404
30
0.0
0
VERTEX
8
left_lower
10
724.713
20
-572.009
30
0.0
0
VERTEX
8
left_lower
10
725.633
20
-572.625
30
0.0
0
VERTEX
8
left_lower
10
726.544
20
-573.251
30
0.0
0
VERTEX
8
left_lower
10
727.446
20
-573.888
30
0.0
0
VERTEX
8
left_lower
10
728.339
20
-574.535
30
0.0
0
VERTEX
8
left_lower
10
729.222
20
-575.193
30
0.0
0
VERTEX
8
left_lower
10
730.095
20
-575.862
30
0.0
0
VERTEX
8
left_lower
10
730.958
20
-576.541
30
0.0
0
VERTEX
8
left_lower
10
731.811
20
-577.231
30
0.0
0
VERTEX
8
left_lower
10
732.653
20
-577.931
30
0.0
0
VERTEX
8
left_lower
10
733.484
20
-578.643
30
0.0
0
VERTEX
8
left_lower
10
734.304
20
-579.365
30
0.0
0
VERTEX
8
left_lower
10
735.112
20
-580.099
30
0.0
0
VERTEX
8
left_lower
10
735.909
20
-580.843
30
0.0
0
VERTEX
8
left_lower
10
736.694
20
-581.599
30
0.0
0
VERTEX
8
left_lower
10
737.467
20
-582.366
30
0.0
0
VERTEX
8
left_lower
10
738.228
20
-583.144
30
0.0
0
VERTEX
8
left_lower
10
738.976
20
-583.933
30
0.0
0
VERTEX
8
left_lower
10
739.711
20
-584.733
30
0.0
0
VERTEX
8
left_lower
10
740.433
20
-585.545
30
0.0
0
VERTEX
8
left_lower
10
741.142
20
-586.369
30
0.0
0
VERTEX
8
left_lower
10
741.837
20
-587.204
30
0.0
0
VERTEX
8
left_lower
10
742.518
20
-588.050
30
0.0
0
VERTEX
8
left_lower
10
743.185
20
-588.908
30
0.0
0
VERTEX
8
left_lower
10
743.837
20
-589.778
30
0.0
0
VERTEX
8
left_lower
10
744.475
20
-590.660
30
0.0
0
VERTEX
8
left_lower
10
745.098
20
-591.553
30
0.0
0
VERTEX
8
left_lower
10
745.707
20
-592.457
30
0.0
0
VERTEX
8
left_lower
10
746.300
20
-593.372
30
0.0
0
VERTEX
8
left_lower
10
746.879
20
-594.298
30
0.0
0
VERTEX
8
left_lower
10
747.442
20
-595.235
30
0.0
0
VERTEX
8
left_lower
10
747.991
20
-596.181
30
0.0
0
VERTEX
8
left_lower
10
748.524
20
-597.137
30
0.0
0
VERTEX
8
left_lower
10
749.043
20
-598.103
30
0.0
0
VERTEX
8
left_lower
10
749.545
20
-599.078
30
0.0
0
VERTEX
8
left_lower
10
750.033
20
-600.062
30
0.0
0
VERTEX
8
left_lower
10
750.505
20
-601.054
30
0.0
0
VERTEX
8
left_lower
10
750.962
20
-602.055
30
0.0
0
VERTEX
8
left_lower
10
751.403
20
-603.064
30
0.0
0
VERTEX
8
left_lower
10
751.829
20
-604.080
30
0.0
0
VERTEX
8
left_lower
10
752.239
20
-605.104
30
0.0
0
VERTEX
8
left_lower
10
752.633
20
-606.135
30
0.0
0
VERTEX
8
left_lower
10
753.011
20
-607.173
30
0.0
0
VERTEX
8
left_lower
10
753.374
20
-608.218
30
0.0
0
VERTEX
8
left_lower
10
753.721
20
-609.269
30
0.0
0
VERTEX
8
left_lower
10
754.051
20
-610.325
30
0.0
0
VERTEX
8
left_lower
10
754.366
20
-611.388
30
0.0
0
VERTEX
8
left_lower
10
754.665
20
-612.456
30
0.0
0
VERTEX
8
left_lower
10
754.947
20
-613.529
30
0.0
0
VERTEX
8
left_lower
10
755.213
20
-614.607
30
0.0
0
VERTEX
8
left_lower
10
755.463
20
-615.689
30
0.0
0
VERTEX
8
left_lower
10
755.696
20
-616.775
30
0.0
0
VERTEX
8
left_lower
10
755.913
20
-617.866
30
0.0
0
VERTEX
8
left_lower
10
756.114
20
-618.960
30
0.0
0
VERTEX
8
left_lower
10
756.298
20
-620.057
30
0.0
0
VERTEX
8
left_lower
10
756.465
20
-621.158
30
0.0
0
VERTEX
8
left_lower
10
756.616
20
-622.261
30
0.0
0
VERTEX
8
left_lower
10
756.750
20
-623.367
30
0.0
0
VERTEX
8
left_lower
10
756.867
20
-624.475
30
0.0
0
VERTEX
8
left_lower
10
756.967
20
-625.585
30
0.0
0
VERTEX
8
left_lower
10
757.050
20
-626.696
30
0.0
0
VERTEX
8
left_lower
10
757.116
20
-627.809
30
0.0
0
VERTEX
8
left_lower
10
757.165
20
-628.922
30
0.0
0
VERTEX
8
left_lower
10
757.197
20
-630.037
30
0.0
0
VERTEX
8
left_lower
10
757.212
20
-631.151
30
0.0
0
VERTEX
8
left_lower
10
757.209
20
-632.266
30
0.0
0
VERTEX
8
left_lower
10
757.190
20
-633.381
30
0.0
0
VERTEX
8
left_lower
10
757.152
20
-634.495
30
0.0
0
VERTEX
8
left_lower
10
757.097
20
-635.609
30
0.0
0
VERTEX
8
left_lower
10
757.025
20
-636.721
30
0.0
0
VERTEX
8
left_lower
10
756.935
20
-637.833
30
0.0
0
VERTEX
8
left_lower
10
756.827
20
-638.942
30
0.0
0
VERTEX
8
left_lower
10
756.702
20
-640.050
30
0.0
0
VERTEX
8
left_lower
10
756.559
20
-641.155
30
0.0
0
VERTEX
8
left_lower
10
756.398
20
-642.258
30
0.0
0
VERTEX
8
left_lower
10
756.219
20
-643.358
30
0.0
0
VERTEX
8
left_lower
10
756.022
20
-644.455
30
0.0
0
VERTEX
8
left_lower
10
755.807
20
-645.548
30
0.0
0
VERTEX
8
left_lower
10
755.574
20
-646.638
30
0.0
0
VERTEX
8
left_lower
10
755.323
20
-647.724
30
0.0
0
VERTEX
8
left_lower
10
755.053
20
-648.806
30
0.0
0
VERTEX
8
left_lower
10
754.765
20
-649.883
30
0.0
0
VERTEX
8
left_lower
10
754.459
20
-650.955
30
0.0
0
VERTEX
8
left_lower
10
754.134
20
-652.022
30
0.0
0
VERTEX
8
left_lower
10
753.791
20
-653.084
30
0.0
0
VERTEX
8
left_lower
10
753.429
20
-654.140
30
0.0
0
VERTEX
8
left_lower
10
753.048
20
-655.190
30
0.0
0
VERTEX
8
left_lower
10
752.649
20
-656.233
30
0.0
0
VERTEX
8
left_lower
10
752.231
20
-657.270
30
0.0
0
VERTEX
8
left_lower
10
751.794
20
-658.300
30
0.0
0
VERTEX
8
left_lower
10
751.338
20
-659.323
30
0.0
0
VERTEX
8
left_lower
10
750.864
20
-660.338
30
0.0
0
VERTEX
8
left_lower
10
750.370
20
-661.346
30
0.0
0
VERTEX
8
left_lower
10
749.857
20
-662.345
30
0.0
0
VERTEX
8
left_lower
10
749.325
20
-663.337
30
0.0
0
VERTEX
8
left_lower
10
748.774
20
-664.319
30
0.0
0
VERTEX
8
left_lower
10
748.203
20
-665.292
30
0.0
0
VERTEX
8
left_lower
10
747.613
20
-666.257
30
0.0
0
VERTEX
8
left_lower
10
747.004
20
-667.211
30
0.0
0
VERTEX
8
left_lower
10
746.375
20
-668.156
30
0.0
0
VERTEX
8
left_lower
10
745.727
20
-669.091
30
0.0
0
VERTEX
8
left_lower
10
745.059
20
-670.015
30
0.0
0
VERTEX
8
left_lower
10
744.371
20
-670.929
30
0.0
0
VERTEX
8
left_lower
10
743.663
20
-671.832
30
0.0
0
VERTEX
8
left_lower
10
742.936
20
-672.723
30
0.0
0
VERTEX
8
left_lower
10
742.189
20
-673.603
30
0.0
0
VERTEX
8
left_lower
10
741.422
20
-674.471
30
0.0
0
VERTEX
8
left_lower
10
740.635
20
-675.326
30
0.0
0
VERTEX
8
left_lower
10
739.827
20
-676.170
30
0.0
0
VERTEX
8
left_lower
10
739.000
20
-677.000
30
0.0
0
SEQEND
8
left_lower
0
ENDSEC
0
EOF